Date,Open,High,Low,Close,Volume,Change
1997-06-21 00:00:00,493,493,493,493,0,
1997-06-23 00:00:00,493,493,493,493,0,0.0
1997-06-24 00:00:00,493,493,493,493,0,0.0
1997-06-25 00:00:00,515,515,515,514,0,0.0425963488843812
1997-06-26 00:00:00,515,515,515,514,0,0.0
1997-06-27 00:00:00,505,505,505,505,0,-0.0175097276264591
1997-06-28 00:00:00,505,505,505,505,0,0.0
1997-06-30 00:00:00,505,505,505,505,0,0.0
1997-07-01 00:00:00,505,505,505,505,0,0.0
1997-07-02 00:00:00,505,505,505,505,0,0.0
1997-07-03 00:00:00,505,505,505,505,0,0.0
1997-07-04 00:00:00,505,505,505,505,0,0.0
1997-07-05 00:00:00,505,505,505,505,0,0.0
1997-07-07 00:00:00,505,505,505,505,0,0.0
1997-07-08 00:00:00,493,493,493,493,0,-0.0237623762376237
1997-07-09 00:00:00,493,493,493,493,0,0.0
1997-07-10 00:00:00,493,493,493,493,0,0.0
1997-07-11 00:00:00,493,493,493,493,0,0.0
1997-07-12 00:00:00,493,493,493,493,0,0.0
1997-07-14 00:00:00,493,493,493,493,0,0.0
1997-07-15 00:00:00,493,493,493,493,0,0.0
1997-07-16 00:00:00,456,456,456,456,0,-0.075050709939148
1997-07-18 00:00:00,422,422,422,422,0,-0.0745614035087719
1997-07-19 00:00:00,392,392,392,391,10,-0.0734597156398104
1997-07-21 00:00:00,361,361,361,360,0,-0.0792838874680307
1997-07-22 00:00:00,388,388,388,388,10,0.0777777777777777
1997-07-23 00:00:00,419,419,419,419,0,0.0798969072164947
1997-07-24 00:00:00,450,450,450,450,0,0.0739856801909308
1997-07-25 00:00:00,450,450,450,450,0,0.0
1997-07-26 00:00:00,416,416,416,416,500,-0.0755555555555556
1997-07-28 00:00:00,388,388,388,388,500,-0.0673076923076922
1997-07-29 00:00:00,388,388,388,388,0,0.0
1997-07-30 00:00:00,388,388,388,388,0,0.0
1997-07-31 00:00:00,388,388,388,388,100,0.0
1997-08-01 00:00:00,388,388,388,388,0,0.0
1997-08-02 00:00:00,419,419,419,419,1000,0.0798969072164947
1997-08-04 00:00:00,419,419,419,419,0,0.0
1997-08-05 00:00:00,419,419,419,419,0,0.0
1997-08-06 00:00:00,388,388,388,388,1000,-0.0739856801909307
1997-08-07 00:00:00,370,419,361,419,62690,0.0798969072164947
1997-08-08 00:00:00,388,388,388,388,500,-0.0739856801909307
1997-08-09 00:00:00,367,367,367,366,490,-0.056701030927835
1997-08-11 00:00:00,348,348,348,348,23000,-0.0491803278688525
1997-08-12 00:00:00,352,352,352,351,0,0.0086206896551723
1997-08-13 00:00:00,379,379,379,379,1000,0.0797720797720797
1997-08-14 00:00:00,407,407,407,406,1000,0.0712401055408971
1997-08-16 00:00:00,376,376,376,376,10,-0.0738916256157635
1997-08-18 00:00:00,355,355,355,354,10,-0.0585106382978722
1997-08-19 00:00:00,382,382,382,382,1000,0.07909604519774
1997-08-20 00:00:00,382,382,355,354,32020,-0.0732984293193717
1997-08-21 00:00:00,382,382,382,382,0,0.07909604519774
1997-08-22 00:00:00,355,355,355,354,10,-0.0732984293193717
1997-08-23 00:00:00,382,382,382,382,0,0.07909604519774
1997-08-25 00:00:00,355,355,355,354,210,-0.0732984293193717
1997-08-26 00:00:00,382,382,382,382,0,0.07909604519774
1997-08-27 00:00:00,382,382,382,382,0,0.0
1997-08-28 00:00:00,382,382,382,382,0,0.0
1997-08-29 00:00:00,382,382,382,382,0,0.0
1997-08-30 00:00:00,382,382,382,382,0,0.0
1997-09-01 00:00:00,382,382,382,382,0,0.0
1997-09-02 00:00:00,382,382,382,382,0,0.0
1997-09-03 00:00:00,382,382,382,382,0,0.0
1997-09-04 00:00:00,382,382,382,382,0,0.0
1997-09-05 00:00:00,382,382,382,382,0,0.0
1997-09-06 00:00:00,382,382,382,382,0,0.0
1997-09-08 00:00:00,382,382,382,382,0,0.0
1997-09-09 00:00:00,382,382,382,382,0,0.0
1997-09-10 00:00:00,382,382,382,382,0,0.0
1997-09-11 00:00:00,379,379,379,379,0,-0.0078534031413612
1997-09-12 00:00:00,379,379,379,379,3000,0.0
1997-09-13 00:00:00,379,379,379,379,0,0.0
1997-09-18 00:00:00,379,379,379,379,0,0.0
1997-09-19 00:00:00,379,379,379,379,0,0.0
1997-09-20 00:00:00,379,379,379,379,0,0.0
1997-09-22 00:00:00,379,379,379,379,0,0.0
1997-09-23 00:00:00,379,379,379,379,0,0.0
1997-09-24 00:00:00,379,379,379,379,0,0.0
1997-09-25 00:00:00,379,379,379,379,0,0.0
1997-09-26 00:00:00,355,355,355,354,0,-0.0659630606860158
1997-09-27 00:00:00,382,382,382,382,0,0.07909604519774
1997-09-29 00:00:00,382,382,382,382,0,0.0
1997-09-30 00:00:00,404,404,404,403,40000,0.0549738219895288
1997-10-01 00:00:00,404,404,404,403,0,0.0
1997-10-02 00:00:00,373,373,373,373,10,-0.0744416873449131
1997-10-04 00:00:00,373,373,373,373,0,0.0
1997-10-06 00:00:00,373,373,373,373,0,0.0
1997-10-07 00:00:00,373,373,373,373,0,0.0
1997-10-08 00:00:00,373,373,373,373,0,0.0
1997-10-09 00:00:00,398,398,398,397,10,0.064343163538874
1997-10-10 00:00:00,425,425,425,425,20,0.070528967254408
1997-10-11 00:00:00,425,425,425,425,0,0.0
1997-10-13 00:00:00,459,459,459,459,10,0.08
1997-10-14 00:00:00,490,490,490,490,0,0.0675381263616556
1997-10-15 00:00:00,490,490,490,490,0,0.0
1997-10-16 00:00:00,453,453,453,453,1000,-0.0755102040816326
1997-10-17 00:00:00,453,453,453,453,0,0.0
1997-10-18 00:00:00,453,453,453,453,0,0.0
1997-10-20 00:00:00,453,453,453,453,0,0.0
1997-10-21 00:00:00,453,453,453,453,0,0.0
1997-10-22 00:00:00,453,453,453,453,0,0.0
1997-10-23 00:00:00,453,453,453,453,0,0.0
1997-10-24 00:00:00,453,453,453,453,0,0.0
1997-10-25 00:00:00,453,453,453,453,0,0.0
1997-10-27 00:00:00,419,419,419,419,1000,-0.0750551876379691
1997-10-28 00:00:00,388,388,388,388,840,-0.0739856801909307
1997-10-29 00:00:00,358,358,358,357,0,-0.0798969072164949
1997-10-30 00:00:00,385,385,385,385,0,0.0784313725490195
1997-10-31 00:00:00,416,416,416,416,0,0.0805194805194804
1997-11-01 00:00:00,447,447,447,446,510,0.0721153846153845
1997-11-03 00:00:00,447,447,447,446,0,0.0
1997-11-04 00:00:00,447,447,447,446,0,0.0
1997-11-05 00:00:00,447,447,447,446,1000,0.0
1997-11-06 00:00:00,444,444,444,443,0,-0.0067264573991031
1997-11-07 00:00:00,410,410,410,410,0,-0.0744920993227991
1997-11-08 00:00:00,382,382,382,382,0,-0.0682926829268292
1997-11-10 00:00:00,410,410,410,410,0,0.0732984293193717
1997-11-11 00:00:00,410,410,410,410,360,0.0
1997-11-12 00:00:00,410,410,410,410,0,0.0
1997-11-13 00:00:00,410,410,410,410,0,0.0
1997-11-14 00:00:00,410,410,410,410,0,0.0
1997-11-15 00:00:00,410,410,410,410,0,0.0
1997-11-17 00:00:00,410,410,410,410,0,0.0
1997-11-18 00:00:00,410,410,410,410,0,0.0
1997-11-19 00:00:00,410,410,410,410,0,0.0
1997-11-20 00:00:00,410,410,410,410,0,0.0
1997-11-21 00:00:00,410,410,410,410,0,0.0
1997-11-22 00:00:00,410,410,410,410,0,0.0
1997-11-24 00:00:00,379,379,379,379,200,-0.0756097560975609
1997-11-25 00:00:00,352,352,352,351,0,-0.0738786279683377
1997-11-26 00:00:00,379,379,379,379,100,0.0797720797720797
1997-11-27 00:00:00,379,379,379,379,0,0.0
1997-11-28 00:00:00,364,364,364,363,0,-0.0422163588390501
1997-11-29 00:00:00,364,364,364,363,0,0.0
1997-12-01 00:00:00,364,364,364,363,0,0.0
1997-12-02 00:00:00,361,361,361,360,0,-0.0082644628099173
1997-12-03 00:00:00,361,361,361,360,0,0.0
1997-12-04 00:00:00,358,358,358,357,0,-0.0083333333333333
1997-12-05 00:00:00,358,358,358,357,0,0.0
1997-12-06 00:00:00,355,355,355,354,0,-0.0084033613445377
1997-12-08 00:00:00,355,355,355,354,0,0.0
1997-12-09 00:00:00,355,355,355,354,0,0.0
1997-12-10 00:00:00,327,327,327,326,0,-0.0790960451977401
1997-12-11 00:00:00,302,302,302,302,10,-0.0736196319018405
1997-12-12 00:00:00,302,302,302,302,0,0.0
1997-12-13 00:00:00,302,302,302,302,0,0.0
1997-12-15 00:00:00,302,302,302,302,0,0.0
1997-12-16 00:00:00,302,302,302,302,0,0.0
1997-12-17 00:00:00,302,302,302,302,0,0.0
1997-12-19 00:00:00,302,302,302,302,0,0.0
1997-12-20 00:00:00,302,302,302,302,0,0.0
1997-12-22 00:00:00,302,302,302,302,0,0.0
1997-12-23 00:00:00,302,302,302,302,0,0.0
1997-12-24 00:00:00,302,302,302,302,0,0.0
1997-12-26 00:00:00,308,308,308,308,1000,0.0198675496688742
1997-12-27 00:00:00,308,308,308,308,0,0.0
1998-01-03 00:00:00,308,308,308,308,0,0.0
1998-01-05 00:00:00,308,308,308,308,0,0.0
1998-01-06 00:00:00,308,308,308,308,0,0.0
1998-01-07 00:00:00,308,308,308,308,50,0.0
1998-01-08 00:00:00,308,308,308,308,0,0.0
1998-01-09 00:00:00,308,308,308,308,0,0.0
1998-01-10 00:00:00,284,284,284,283,0,-0.0811688311688312
1998-01-12 00:00:00,262,262,262,261,0,-0.07773851590106
1998-01-13 00:00:00,241,241,241,240,10,-0.0804597701149425
1998-01-14 00:00:00,222,222,222,221,0,-0.0791666666666667
1998-01-15 00:00:00,205,205,205,204,0,-0.0769230769230768
1998-01-16 00:00:00,221,221,221,220,0,0.0784313725490195
1998-01-17 00:00:00,238,238,238,238,0,0.0818181818181817
1998-01-19 00:00:00,257,257,257,256,0,0.0756302521008402
1998-01-20 00:00:00,278,278,278,277,0,0.08203125
1998-01-21 00:00:00,300,300,300,300,0,0.0830324909747293
1998-01-22 00:00:00,324,324,324,323,0,0.0766666666666666
1998-01-23 00:00:00,318,321,318,320,1000,-0.0092879256965944
1998-01-24 00:00:00,321,321,321,320,0,0.0
1998-01-26 00:00:00,321,321,321,320,0,0.0
1998-01-30 00:00:00,296,296,296,296,2000,-0.0749999999999999
1998-01-31 00:00:00,273,318,273,317,6990,0.070945945945946
1998-02-02 00:00:00,318,318,318,317,0,0.0
1998-02-03 00:00:00,318,318,318,317,0,0.0
1998-02-04 00:00:00,293,293,293,293,0,-0.0757097791798107
1998-02-05 00:00:00,312,312,312,311,0,0.0614334470989761
1998-02-06 00:00:00,333,333,333,333,0,0.0707395498392282
1998-02-07 00:00:00,333,333,333,333,0,0.0
1998-02-09 00:00:00,355,355,355,354,0,0.063063063063063
1998-02-10 00:00:00,370,370,370,370,100,0.0451977401129943
1998-02-11 00:00:00,370,370,370,370,0,0.0
1998-02-12 00:00:00,370,370,370,370,0,0.0
1998-02-13 00:00:00,370,370,370,370,0,0.0
1998-02-14 00:00:00,370,370,370,370,0,0.0
1998-02-16 00:00:00,370,370,370,370,0,0.0
1998-02-17 00:00:00,370,370,370,370,0,0.0
1998-02-18 00:00:00,370,370,370,370,0,0.0
1998-02-19 00:00:00,392,392,392,391,0,0.0567567567567568
1998-02-20 00:00:00,392,392,392,391,0,0.0
1998-02-21 00:00:00,361,361,361,360,40,-0.0792838874680307
1998-02-23 00:00:00,361,361,361,360,0,0.0
1998-02-24 00:00:00,361,361,361,360,0,0.0
1998-02-25 00:00:00,339,339,339,339,6300,-0.0583333333333333
1998-02-26 00:00:00,324,324,324,323,0,-0.0471976401179941
1998-02-27 00:00:00,348,348,348,348,3600,0.0773993808049535
1998-02-28 00:00:00,321,321,321,320,0,-0.0804597701149425
1998-03-02 00:00:00,321,321,321,320,0,0.0
1998-03-03 00:00:00,296,296,296,296,100,-0.0749999999999999
1998-03-04 00:00:00,296,296,296,296,0,0.0
1998-03-05 00:00:00,318,318,318,317,100,0.070945945945946
1998-03-06 00:00:00,339,339,339,339,100,0.0694006309148265
1998-03-07 00:00:00,339,339,339,339,0,0.0
1998-03-09 00:00:00,336,336,336,336,0,-0.0088495575221239
1998-03-10 00:00:00,336,336,336,336,0,0.0
1998-03-11 00:00:00,336,336,336,336,0,0.0
1998-03-12 00:00:00,336,336,336,336,0,0.0
1998-03-13 00:00:00,336,336,336,336,0,0.0
1998-03-14 00:00:00,336,336,336,336,0,0.0
1998-03-16 00:00:00,312,312,312,311,0,-0.0744047619047618
1998-03-17 00:00:00,333,333,333,333,100,0.0707395498392282
1998-03-18 00:00:00,333,333,333,333,0,0.0
1998-03-19 00:00:00,308,308,308,308,0,-0.07507507507507499
1998-03-20 00:00:00,308,308,308,308,100,0.0
1998-03-21 00:00:00,308,308,308,308,100,0.0
1998-03-23 00:00:00,308,308,308,308,0,0.0
1998-03-24 00:00:00,308,308,308,308,0,0.0
1998-03-25 00:00:00,330,333,308,333,4200,0.0811688311688312
1998-03-26 00:00:00,333,358,333,357,2700,0.07207207207207203
1998-03-27 00:00:00,339,358,339,357,2550,0.0
1998-03-28 00:00:00,358,358,358,357,0,0.0
1998-03-30 00:00:00,358,358,358,357,0,0.0
1998-03-31 00:00:00,358,358,358,357,0,0.0
1998-04-01 00:00:00,358,358,358,357,0,0.0
1998-04-02 00:00:00,358,358,358,357,0,0.0
1998-04-03 00:00:00,358,358,358,357,0,0.0
1998-04-04 00:00:00,358,358,358,357,0,0.0
1998-04-06 00:00:00,330,330,330,330,0,-0.0756302521008402
1998-04-07 00:00:00,330,330,330,330,0,0.0
1998-04-08 00:00:00,330,330,330,330,0,0.0
1998-04-09 00:00:00,355,355,355,354,500,0.0727272727272727
1998-04-10 00:00:00,355,355,355,354,0,0.0
1998-04-11 00:00:00,382,382,382,382,100,0.07909604519774
1998-04-13 00:00:00,407,407,407,406,100,0.0628272251308901
1998-04-14 00:00:00,401,401,401,400,0,-0.0147783251231526
1998-04-15 00:00:00,425,425,425,425,100,0.0625
1998-04-16 00:00:00,392,392,392,391,0,-0.0799999999999999
1998-04-17 00:00:00,419,419,419,419,100,0.0716112531969308
1998-04-18 00:00:00,438,438,438,437,100,0.0429594272076372
1998-04-20 00:00:00,404,404,404,403,0,-0.0778032036613272
1998-04-21 00:00:00,373,373,373,373,0,-0.0744416873449131
1998-04-22 00:00:00,373,373,373,373,0,0.0
1998-04-23 00:00:00,348,348,348,348,0,-0.0670241286863271
1998-04-24 00:00:00,373,373,373,373,100,0.0718390804597701
1998-04-25 00:00:00,373,373,373,373,0,0.0
1998-04-27 00:00:00,345,345,345,345,1000,-0.0750670241286863
1998-04-28 00:00:00,367,367,367,366,4000,0.0608695652173914
1998-04-29 00:00:00,367,367,367,366,0,0.0
1998-04-30 00:00:00,367,367,339,339,4010,-0.0737704918032786
1998-05-02 00:00:00,364,364,364,363,1010,0.0707964601769912
1998-05-04 00:00:00,364,364,364,363,0,0.0
1998-05-06 00:00:00,364,364,364,363,0,0.0
1998-05-07 00:00:00,364,364,364,363,0,0.0
1998-05-08 00:00:00,364,364,364,363,0,0.0
1998-05-09 00:00:00,364,364,364,363,0,0.0
1998-05-11 00:00:00,364,364,364,363,0,0.0
1998-05-12 00:00:00,336,336,336,336,0,-0.0743801652892561
1998-05-13 00:00:00,361,361,361,360,100,0.0714285714285714
1998-05-14 00:00:00,370,370,370,370,50,0.0277777777777776
1998-05-15 00:00:00,370,370,370,370,0,0.0
1998-05-16 00:00:00,370,370,370,370,0,0.0
1998-05-18 00:00:00,370,370,370,370,0,0.0
1998-05-19 00:00:00,370,370,370,370,0,0.0
1998-05-20 00:00:00,370,370,370,370,0,0.0
1998-05-21 00:00:00,370,370,370,370,0,0.0
1998-05-22 00:00:00,370,370,370,370,0,0.0
1998-05-23 00:00:00,370,370,370,370,0,0.0
1998-05-25 00:00:00,370,370,370,370,0,0.0
1998-05-26 00:00:00,339,339,339,339,4000,-0.0837837837837838
1998-05-27 00:00:00,339,339,339,339,0,0.0
1998-05-28 00:00:00,364,364,364,363,5000,0.0707964601769912
1998-05-29 00:00:00,364,364,364,363,0,0.0
1998-05-30 00:00:00,355,355,355,354,0,-0.024793388429752
1998-06-01 00:00:00,355,355,355,354,0,0.0
1998-06-02 00:00:00,352,352,352,351,0,-0.0084745762711864
1998-06-03 00:00:00,352,352,352,351,0,0.0
1998-06-05 00:00:00,352,352,352,351,0,0.0
1998-06-08 00:00:00,352,352,352,351,0,0.0
1998-06-09 00:00:00,352,352,352,351,0,0.0
1998-06-10 00:00:00,352,352,352,351,0,0.0
1998-06-11 00:00:00,352,352,352,351,0,0.0
1998-06-12 00:00:00,352,352,352,351,0,0.0
1998-06-13 00:00:00,352,352,352,351,0,0.0
1998-06-15 00:00:00,345,345,345,345,0,-0.0170940170940171
1998-06-16 00:00:00,345,345,345,345,0,0.0
1998-06-17 00:00:00,339,339,339,339,0,-0.017391304347826
1998-06-18 00:00:00,339,339,339,339,0,0.0
1998-06-19 00:00:00,336,336,336,336,0,-0.0088495575221239
1998-06-20 00:00:00,336,336,336,336,0,0.0
1998-06-22 00:00:00,336,336,336,336,0,0.0
1998-06-23 00:00:00,336,336,336,336,0,0.0
1998-06-24 00:00:00,339,339,339,339,5000,0.0089285714285713
1998-06-25 00:00:00,339,339,339,339,0,0.0
1998-06-26 00:00:00,339,339,339,339,0,0.0
1998-06-27 00:00:00,339,339,339,339,0,0.0
1998-06-29 00:00:00,355,355,355,354,5000,0.0442477876106195
1998-06-30 00:00:00,339,339,339,339,0,-0.0423728813559322
1998-07-01 00:00:00,339,339,339,339,0,0.0
1998-07-02 00:00:00,336,336,336,336,0,-0.0088495575221239
1998-07-03 00:00:00,336,336,336,336,0,0.0
1998-07-04 00:00:00,336,336,336,336,0,0.0
1998-07-06 00:00:00,336,336,336,336,0,0.0
1998-07-07 00:00:00,336,336,336,336,0,0.0
1998-07-08 00:00:00,308,308,308,308,0,-0.0833333333333333
1998-07-09 00:00:00,308,308,308,308,0,0.0
1998-07-10 00:00:00,324,324,324,323,100,0.0487012987012986
1998-07-11 00:00:00,324,324,324,323,0,0.0
1998-07-13 00:00:00,324,324,324,323,0,0.0
1998-07-14 00:00:00,324,324,324,323,100,0.0
1998-07-15 00:00:00,324,324,324,323,0,0.0
1998-07-16 00:00:00,324,324,324,323,0,0.0
1998-07-18 00:00:00,324,324,324,323,0,0.0
1998-07-20 00:00:00,324,324,324,323,0,0.0
1998-07-21 00:00:00,324,324,324,323,0,0.0
1998-07-22 00:00:00,324,324,324,323,0,0.0
1998-07-23 00:00:00,324,324,324,323,0,0.0
1998-07-24 00:00:00,324,324,324,323,5500,0.0
1998-07-25 00:00:00,324,324,324,323,0,0.0
1998-07-27 00:00:00,324,324,324,323,0,0.0
1998-07-28 00:00:00,324,324,324,323,0,0.0
1998-07-29 00:00:00,324,324,324,323,4500,0.0
1998-07-30 00:00:00,308,308,308,308,0,-0.0464396284829721
1998-07-31 00:00:00,308,308,308,308,0,0.0
1998-08-01 00:00:00,308,308,308,308,0,0.0
1998-08-03 00:00:00,308,308,308,308,0,0.0
1998-08-04 00:00:00,308,308,308,308,0,0.0
1998-08-05 00:00:00,308,308,308,308,0,0.0
1998-08-06 00:00:00,308,308,308,308,0,0.0
1998-08-07 00:00:00,308,308,308,308,0,0.0
1998-08-08 00:00:00,308,308,308,308,0,0.0
1998-08-10 00:00:00,308,308,308,308,0,0.0
1998-08-11 00:00:00,308,308,308,308,0,0.0
1998-08-12 00:00:00,308,308,308,308,0,0.0
1998-08-13 00:00:00,308,308,308,308,0,0.0
1998-08-14 00:00:00,308,308,308,308,0,0.0
1998-08-17 00:00:00,308,308,308,308,0,0.0
1998-08-18 00:00:00,308,308,308,308,0,0.0
1998-08-19 00:00:00,308,308,308,308,0,0.0
1998-08-20 00:00:00,308,308,308,308,0,0.0
1998-08-21 00:00:00,308,308,308,308,0,0.0
1998-08-22 00:00:00,308,308,308,308,0,0.0
1998-08-24 00:00:00,308,308,308,308,1700,0.0
1998-08-25 00:00:00,308,308,308,308,0,0.0
1998-08-26 00:00:00,302,308,302,308,4700,0.0
1998-08-27 00:00:00,302,302,302,302,20,-0.0194805194805194
1998-08-28 00:00:00,290,290,290,290,0,-0.0397350993377483
1998-08-29 00:00:00,290,290,290,290,0,0.0
1998-08-31 00:00:00,308,308,308,308,3600,0.0620689655172412
1998-09-01 00:00:00,308,308,308,308,0,0.0
1998-09-02 00:00:00,308,308,308,308,0,0.0
1998-09-03 00:00:00,308,308,308,308,0,0.0
1998-09-04 00:00:00,336,336,336,336,20,0.0909090909090908
1998-09-05 00:00:00,324,324,324,323,0,-0.0386904761904761
1998-09-07 00:00:00,302,302,302,302,0,-0.0650154798761609
1998-09-08 00:00:00,302,302,302,302,0,0.0
1998-09-09 00:00:00,302,302,302,302,0,0.0
1998-09-10 00:00:00,302,302,302,302,0,0.0
1998-09-11 00:00:00,324,324,324,323,1000,0.0695364238410596
1998-09-12 00:00:00,305,305,305,305,0,-0.0557275541795665
1998-09-14 00:00:00,308,308,308,308,1000,0.0098360655737705
1998-09-15 00:00:00,308,308,308,308,0,0.0
1998-09-16 00:00:00,305,305,305,305,0,-0.0097402597402597
1998-09-17 00:00:00,305,305,305,305,0,0.0
1998-09-18 00:00:00,305,305,305,305,0,0.0
1998-09-19 00:00:00,305,305,305,305,0,0.0
1998-09-21 00:00:00,305,305,305,305,0,0.0
1998-09-22 00:00:00,305,305,305,305,0,0.0
1998-09-23 00:00:00,305,305,305,305,0,0.0
1998-09-24 00:00:00,305,305,305,305,0,0.0
1998-09-25 00:00:00,305,305,305,305,20,0.0
1998-09-26 00:00:00,302,302,302,302,0,-0.0098360655737704
1998-09-28 00:00:00,302,302,302,302,0,0.0
1998-09-29 00:00:00,302,302,302,302,0,0.0
1998-09-30 00:00:00,299,299,299,299,0,-0.0099337748344371
1998-10-01 00:00:00,278,278,278,277,0,-0.0735785953177257
1998-10-02 00:00:00,244,244,244,243,0,-0.1227436823104692
1998-10-07 00:00:00,215,215,215,214,50,-0.1193415637860082
1998-10-08 00:00:00,231,231,231,230,2000,0.0747663551401869
1998-10-09 00:00:00,240,240,240,240,350,0.0434782608695651
1998-10-10 00:00:00,240,258,240,258,300,0.0749999999999999
1998-10-12 00:00:00,262,262,262,261,1040,0.0116279069767442
1998-10-13 00:00:00,262,262,262,261,0,0.0
1998-10-14 00:00:00,262,262,262,261,0,0.0
1998-10-15 00:00:00,262,262,262,261,0,0.0
1998-10-16 00:00:00,262,262,262,261,0,0.0
1998-10-17 00:00:00,262,262,262,261,0,0.0
1998-10-19 00:00:00,262,262,262,261,0,0.0
1998-10-20 00:00:00,262,262,262,261,0,0.0
1998-10-21 00:00:00,262,262,262,261,0,0.0
1998-10-22 00:00:00,262,262,262,261,0,0.0
1998-10-23 00:00:00,262,262,262,261,0,0.0
1998-10-24 00:00:00,262,262,262,261,0,0.0
1998-10-26 00:00:00,262,262,262,261,0,0.0
1998-10-27 00:00:00,262,262,262,261,0,0.0
1998-10-28 00:00:00,262,262,262,261,0,0.0
1998-10-29 00:00:00,262,262,262,261,0,0.0
1998-10-30 00:00:00,262,262,262,261,0,0.0
1998-10-31 00:00:00,262,262,262,261,0,0.0
1998-11-02 00:00:00,262,262,262,261,0,0.0
1998-11-03 00:00:00,262,262,262,261,0,0.0
1998-11-04 00:00:00,262,262,262,261,0,0.0
1998-11-05 00:00:00,262,262,262,261,0,0.0
1998-11-06 00:00:00,262,262,262,261,0,0.0
1998-11-07 00:00:00,262,262,262,261,0,0.0
1998-11-09 00:00:00,262,262,262,261,0,0.0
1998-11-10 00:00:00,262,262,262,261,0,0.0
1998-11-11 00:00:00,262,262,262,261,0,0.0
1998-11-12 00:00:00,246,246,246,246,0,-0.0574712643678161
1998-11-13 00:00:00,231,231,231,230,0,-0.065040650406504
1998-11-14 00:00:00,231,231,231,230,0,0.0
1998-11-16 00:00:00,231,231,231,230,0,0.0
1998-11-17 00:00:00,231,231,231,230,1000,0.0
1998-11-18 00:00:00,231,231,231,230,2000,0.0
1998-11-19 00:00:00,246,246,246,246,0,0.0695652173913043
1998-11-20 00:00:00,246,262,246,261,2000,0.0609756097560976
1998-11-21 00:00:00,262,262,262,261,800,0.0
1998-11-23 00:00:00,262,262,262,261,0,0.0
1998-11-24 00:00:00,262,262,262,261,0,0.0
1998-11-25 00:00:00,262,262,262,261,2500,0.0
1998-11-26 00:00:00,262,262,262,261,0,0.0
1998-11-27 00:00:00,262,262,262,261,0,0.0
1998-11-28 00:00:00,262,262,262,261,0,0.0
1998-11-30 00:00:00,262,262,262,261,0,0.0
1998-12-01 00:00:00,262,262,262,261,0,0.0
1998-12-02 00:00:00,262,262,262,261,0,0.0
1998-12-03 00:00:00,262,262,262,261,0,0.0
1998-12-04 00:00:00,262,262,262,261,0,0.0
1998-12-05 00:00:00,262,262,262,261,1000,0.0
1998-12-07 00:00:00,262,262,262,261,0,0.0
1998-12-08 00:00:00,262,262,262,261,0,0.0
1998-12-09 00:00:00,262,262,262,261,0,0.0
1998-12-10 00:00:00,262,262,262,261,5480,0.0
1998-12-11 00:00:00,262,262,262,261,0,0.0
1998-12-14 00:00:00,262,262,262,261,0,0.0
1998-12-15 00:00:00,262,262,262,261,0,0.0
1998-12-16 00:00:00,262,262,262,261,0,0.0
1998-12-17 00:00:00,262,262,262,261,0,0.0
1998-12-18 00:00:00,262,262,262,261,0,0.0
1998-12-21 00:00:00,262,262,262,261,0,0.0
1998-12-22 00:00:00,262,262,262,261,0,0.0
1998-12-23 00:00:00,262,262,262,261,0,0.0
1998-12-24 00:00:00,262,262,262,261,0,0.0
1998-12-28 00:00:00,293,293,293,293,100,0.1226053639846742
1999-01-04 00:00:00,293,293,293,293,0,0.0
1999-01-05 00:00:00,293,293,293,293,0,0.0
1999-01-06 00:00:00,278,278,278,277,10,-0.0546075085324232
1999-01-07 00:00:00,278,278,278,277,0,0.0
1999-01-08 00:00:00,278,278,278,277,0,0.0
1999-01-11 00:00:00,278,278,278,277,0,0.0
1999-01-12 00:00:00,278,278,278,277,0,0.0
1999-01-13 00:00:00,252,252,252,252,60,-0.0902527075812273
1999-01-14 00:00:00,278,278,278,277,0,0.0992063492063493
1999-01-15 00:00:00,278,278,278,277,0,0.0
1999-01-18 00:00:00,278,278,278,277,0,0.0
1999-01-19 00:00:00,278,278,278,277,0,0.0
1999-01-20 00:00:00,278,278,278,277,0,0.0
1999-01-21 00:00:00,278,278,278,277,0,0.0
1999-01-22 00:00:00,278,278,278,277,0,0.0
1999-01-25 00:00:00,249,249,249,249,0,-0.1010830324909747
1999-01-26 00:00:00,249,249,249,249,0,0.0
1999-01-27 00:00:00,249,249,249,249,0,0.0
1999-01-28 00:00:00,249,249,249,249,0,0.0
1999-01-29 00:00:00,249,249,249,249,0,0.0
1999-02-01 00:00:00,275,275,275,274,50,0.1004016064257027
1999-02-02 00:00:00,275,275,275,274,0,0.0
1999-02-03 00:00:00,275,275,275,274,0,0.0
1999-02-04 00:00:00,275,275,275,274,0,0.0
1999-02-05 00:00:00,246,246,246,246,0,-0.1021897810218978
1999-02-08 00:00:00,246,246,246,246,0,0.0
1999-02-09 00:00:00,246,246,246,246,0,0.0
1999-02-10 00:00:00,246,246,246,246,0,0.0
1999-02-11 00:00:00,243,243,243,243,360,-0.0121951219512195
1999-02-12 00:00:00,243,243,243,243,0,0.0
1999-02-18 00:00:00,243,243,243,243,0,0.0
1999-02-19 00:00:00,243,243,243,243,0,0.0
1999-02-22 00:00:00,243,243,243,243,0,0.0
1999-02-23 00:00:00,243,243,243,243,0,0.0
1999-02-24 00:00:00,243,243,243,243,0,0.0
1999-02-25 00:00:00,243,243,243,243,0,0.0
1999-02-26 00:00:00,243,243,243,243,0,0.0
1999-03-02 00:00:00,272,272,272,272,0,0.1193415637860082
1999-03-03 00:00:00,272,272,272,272,0,0.0
1999-03-04 00:00:00,272,272,272,272,0,0.0
1999-03-05 00:00:00,272,272,272,272,0,0.0
1999-03-08 00:00:00,272,272,272,272,0,0.0
1999-03-09 00:00:00,272,272,272,272,0,0.0
1999-03-10 00:00:00,272,272,272,272,0,0.0
1999-03-11 00:00:00,272,272,272,272,0,0.0
1999-03-12 00:00:00,272,272,272,272,0,0.0
1999-03-15 00:00:00,272,272,272,272,0,0.0
1999-03-16 00:00:00,272,272,272,272,0,0.0
1999-03-17 00:00:00,272,272,272,272,0,0.0
1999-03-18 00:00:00,272,272,272,272,0,0.0
1999-03-19 00:00:00,272,272,272,272,0,0.0
1999-03-22 00:00:00,272,272,272,272,0,0.0
1999-03-23 00:00:00,272,272,272,272,0,0.0
1999-03-24 00:00:00,272,272,272,272,0,0.0
1999-03-25 00:00:00,272,272,272,272,0,0.0
1999-03-26 00:00:00,272,272,272,272,0,0.0
1999-03-29 00:00:00,272,272,272,272,0,0.0
1999-03-30 00:00:00,272,272,272,272,0,0.0
1999-03-31 00:00:00,272,272,272,272,0,0.0
1999-04-01 00:00:00,272,272,272,272,0,0.0
1999-04-02 00:00:00,272,272,272,272,0,0.0
1999-04-06 00:00:00,272,272,272,272,0,0.0
1999-04-07 00:00:00,272,272,272,272,0,0.0
1999-04-08 00:00:00,278,278,278,277,4500,0.0183823529411764
1999-04-09 00:00:00,278,278,278,277,0,0.0
1999-04-12 00:00:00,310,310,310,310,0,0.1191335740072201
1999-04-13 00:00:00,347,347,347,346,0,0.1161290322580645
1999-04-14 00:00:00,388,388,388,388,0,0.1213872832369942
1999-04-15 00:00:00,342,342,342,342,0,-0.1185567010309278
1999-04-16 00:00:00,382,382,382,382,0,0.1169590643274853
1999-04-19 00:00:00,338,338,338,337,3640,-0.1178010471204188
1999-04-20 00:00:00,298,298,298,297,8600,-0.1186943620178041
1999-04-21 00:00:00,308,333,308,333,6000,0.1212121212121211
1999-04-22 00:00:00,295,333,295,323,16000,-0.03003003003003
1999-04-23 00:00:00,324,324,324,323,0,0.0
1999-04-26 00:00:00,324,324,324,323,0,0.0
1999-04-27 00:00:00,324,324,324,323,0,0.0
1999-04-28 00:00:00,324,324,324,323,0,0.0
1999-04-29 00:00:00,324,324,324,323,0,0.0
1999-04-30 00:00:00,324,324,324,323,0,0.0
1999-05-03 00:00:00,324,324,324,323,0,0.0
1999-05-04 00:00:00,361,361,361,360,100,0.1145510835913312
1999-05-06 00:00:00,361,361,361,360,0,0.0
1999-05-07 00:00:00,355,355,355,354,1000,-0.0166666666666667
1999-05-10 00:00:00,355,355,355,354,0,0.0
1999-05-11 00:00:00,355,355,355,354,0,0.0
1999-05-12 00:00:00,313,313,313,313,0,-0.115819209039548
1999-05-13 00:00:00,313,313,313,313,0,0.0
1999-05-14 00:00:00,308,308,308,308,0,-0.0159744408945686
1999-05-17 00:00:00,271,271,271,270,180,-0.1233766233766233
1999-05-18 00:00:00,272,278,272,277,45000,0.0259259259259259
1999-05-19 00:00:00,278,278,278,277,800,0.0
1999-05-20 00:00:00,278,278,278,277,0,0.0
1999-05-21 00:00:00,278,310,247,310,7530,0.1191335740072201
1999-05-24 00:00:00,347,347,347,346,880,0.1161290322580645
1999-05-25 00:00:00,347,347,347,346,80,0.0
1999-05-26 00:00:00,348,389,339,339,10420,-0.0202312138728323
1999-05-27 00:00:00,379,379,339,379,44100,0.1179941002949853
1999-05-28 00:00:00,424,424,424,423,1700,0.1160949868073879
1999-05-31 00:00:00,475,475,475,474,12090,0.1205673758865248
1999-06-01 00:00:00,530,530,530,530,1840,0.1181434599156117
1999-06-02 00:00:00,593,593,530,530,2420,0.0
1999-06-03 00:00:00,524,524,524,523,120,-0.0132075471698113
1999-06-04 00:00:00,508,508,462,493,2500,-0.0573613766730402
1999-06-07 00:00:00,491,552,491,551,14950,0.1176470588235294
1999-06-08 00:00:00,585,585,527,528,5880,-0.0417422867513611
1999-06-09 00:00:00,528,592,528,591,21150,0.1193181818181818
1999-06-10 00:00:00,662,662,598,662,99600,0.120135363790186
1999-06-11 00:00:00,739,741,739,740,102820,0.1178247734138973
1999-06-14 00:00:00,829,829,826,829,167660,0.1202702702702702
1999-06-15 00:00:00,928,928,801,924,98180,0.1145958986731001
1999-06-16 00:00:00,940,1035,928,1035,61640,0.12012987012987
1999-06-17 00:00:00,1155,1158,1078,1158,95380,0.1188405797101448
1999-06-18 00:00:00,1297,1297,1294,1296,30970,0.1191709844559585
1999-06-21 00:00:00,1377,1377,1232,1263,15710,-0.0254629629629629
1999-06-22 00:00:00,1186,1358,1186,1330,55310,0.0530482977038797
1999-06-23 00:00:00,1309,1386,1263,1312,35560,-0.0135338345864661
1999-06-24 00:00:00,1384,1470,1384,1470,39750,0.1204268292682926
1999-06-25 00:00:00,1476,1476,1294,1417,38900,-0.0360544217687074
1999-06-28 00:00:00,1418,1572,1356,1386,16510,-0.0218772053634438
1999-06-29 00:00:00,1386,1476,1220,1355,21530,-0.0223665223665223
1999-06-30 00:00:00,1356,1488,1236,1479,17530,0.0915129151291513
1999-07-01 00:00:00,1525,1535,1310,1497,15180,0.0121703853955374
1999-07-02 00:00:00,1491,1568,1387,1568,22170,0.0474281897127588
1999-07-05 00:00:00,1562,1756,1448,1756,75500,0.1198979591836735
1999-07-06 00:00:00,1966,1966,1963,1966,120360,0.1195899772209567
1999-07-07 00:00:00,2200,2200,1972,2089,94110,0.0625635808748727
1999-07-08 00:00:00,1852,2028,1840,1987,31340,-0.0488271900430827
1999-07-09 00:00:00,2003,2065,1991,2033,28170,0.0231504781077001
1999-07-12 00:00:00,2034,2034,1849,2033,31490,0.0
1999-07-13 00:00:00,2031,2031,2000,2030,13880,-0.0014756517461879
1999-07-14 00:00:00,2092,2274,2089,2273,54740,0.11970443349753696
1999-07-15 00:00:00,2249,2511,2095,2243,38310,-0.0131984161900572
1999-07-16 00:00:00,2126,2218,2003,2203,51580,-0.0178332590280874
1999-07-19 00:00:00,2311,2465,2203,2203,308330,0.0
1999-07-20 00:00:00,2222,2249,2064,2187,380770,-0.0072628234226055
1999-07-21 00:00:00,1963,2046,1929,1929,71380,-0.1179698216735254
1999-07-22 00:00:00,1720,2004,1699,1786,63200,-0.0741316744427164
1999-07-23 00:00:00,1766,1812,1574,1623,68790,-0.0912653975363941
1999-07-26 00:00:00,1440,1463,1430,1430,7520,-0.1189155884165126
1999-07-27 00:00:00,1259,1503,1259,1336,77600,-0.0657342657342657
1999-07-28 00:00:00,1386,1420,1253,1411,34370,0.0561377245508982
1999-07-29 00:00:00,1419,1419,1294,1383,30520,-0.0198440822111977
1999-07-30 00:00:00,1384,1419,1252,1377,21400,-0.0043383947939262
1999-08-02 00:00:00,1265,1368,1213,1367,29150,-0.0072621641249092
1999-08-03 00:00:00,1315,1323,1210,1323,17570,-0.0321872713972202
1999-08-04 00:00:00,1336,1415,1265,1293,18400,-0.0226757369614512
1999-08-05 00:00:00,1394,1394,1240,1293,16020,0.0
1999-08-06 00:00:00,1294,1448,1294,1448,86820,0.119876256767208
1999-08-09 00:00:00,1576,1608,1357,1511,48420,0.0435082872928176
1999-08-10 00:00:00,1578,1578,1427,1460,32420,-0.0337524818001323
1999-08-11 00:00:00,1470,1470,1399,1432,2690,-0.0191780821917808
1999-08-12 00:00:00,1327,1378,1307,1310,14380,-0.0851955307262569
1999-08-13 00:00:00,1448,1448,1252,1323,61230,0.0099236641221374
1999-08-16 00:00:00,1374,1374,1190,1277,29060,-0.0347694633408919
1999-08-17 00:00:00,1285,1285,1131,1168,18200,-0.0853563038371182
1999-08-18 00:00:00,1029,1044,1029,1029,8890,-0.1190068493150684
1999-08-19 00:00:00,927,1150,918,1106,42150,0.0748299319727892
1999-08-20 00:00:00,1069,1127,991,1085,20390,-0.0189873417721518
1999-08-23 00:00:00,1148,1168,1058,1168,37070,0.0764976958525345
1999-08-24 00:00:00,1190,1240,1132,1160,47560,-0.0068493150684931
1999-08-25 00:00:00,1148,1190,1035,1152,31550,-0.0068965517241379
1999-08-26 00:00:00,1086,1190,1086,1148,19990,-0.0034722222222222
1999-08-27 00:00:00,1111,1167,1086,1123,8300,-0.0217770034843205
1999-08-30 00:00:00,1127,1127,991,1085,25930,-0.0338379341050757
1999-08-31 00:00:00,1085,1102,1006,1064,6880,-0.0193548387096774
1999-09-01 00:00:00,1106,1106,1015,1064,42050,0.0
1999-09-02 00:00:00,1044,1106,965,1073,26900,0.0084586466165412
1999-09-03 00:00:00,1065,1085,1031,1085,11330,0.0111835973904939
1999-09-06 00:00:00,1106,1211,1023,1210,40400,0.1152073732718894
1999-09-07 00:00:00,1148,1290,1127,1231,93520,0.0173553719008263
1999-09-08 00:00:00,1232,1232,1152,1231,37880,0.0
1999-09-09 00:00:00,1206,1223,1127,1168,21270,-0.0511779041429731
1999-09-10 00:00:00,1031,1190,1031,1146,8050,-0.0188356164383561
1999-09-13 00:00:00,1146,1146,1011,1081,17180,-0.056719022687609
1999-09-14 00:00:00,965,1061,961,981,22310,-0.0925069380203514
1999-09-15 00:00:00,1002,1023,960,976,36560,-0.0050968399592252
1999-09-16 00:00:00,975,977,919,952,19840,-0.0245901639344262
1999-09-17 00:00:00,839,939,839,913,29830,-0.0409663865546218
1999-09-20 00:00:00,870,870,805,805,31610,-0.1182913472070098
1999-09-21 00:00:00,714,789,710,739,109180,-0.0819875776397515
1999-09-22 00:00:00,740,827,740,823,60890,0.1136671177266577
1999-09-27 00:00:00,877,921,835,920,77440,0.1178614823815309
1999-09-28 00:00:00,876,976,855,913,102280,-0.0076086956521739
1999-09-29 00:00:00,877,918,835,874,43300,-0.0427163198247535
1999-09-30 00:00:00,835,877,773,835,16130,-0.0446224256292906
1999-10-01 00:00:00,793,872,772,813,32450,-0.0263473053892215
1999-10-04 00:00:00,835,873,819,835,13240,0.0270602706027061
1999-10-05 00:00:00,794,919,794,835,114120,0.0
1999-10-06 00:00:00,835,835,752,789,24370,-0.0550898203592814
1999-10-07 00:00:00,789,789,789,789,0,0.0
1999-10-08 00:00:00,789,789,789,789,0,0.0
1999-10-11 00:00:00,881,881,881,880,1001,0.1153358681875791
1999-10-12 00:00:00,985,985,985,985,301,0.1193181818181818
1999-10-13 00:00:00,1102,1102,1102,1102,81020,0.1187817258883248
1999-10-14 00:00:00,1232,1232,1127,1231,608794,0.1170598911070779
1999-10-15 00:00:00,1223,1369,1094,1331,609212,0.0812347684809098
1999-10-18 00:00:00,1252,1378,1236,1340,361797,0.0067618332081142
1999-10-19 00:00:00,1357,1482,1294,1398,405999,0.0432835820895523
1999-10-20 00:00:00,1424,1462,1274,1273,176412,-0.0894134477825464
1999-10-21 00:00:00,1278,1353,1169,1336,223137,0.0494893951296151
1999-10-22 00:00:00,1378,1495,1294,1494,661756,0.1182634730538922
1999-10-25 00:00:00,1561,1645,1423,1556,779534,0.0414993306559572
1999-10-26 00:00:00,1545,1712,1465,1690,593057,0.0861182519280205
1999-10-27 00:00:00,1670,1878,1565,1653,746436,-0.0218934911242603
1999-10-28 00:00:00,1662,1754,1528,1670,232634,0.0102843315184513
1999-10-29 00:00:00,1712,1737,1628,1707,420864,0.0221556886227545
1999-11-01 00:00:00,1732,1866,1716,1799,657725,0.0538957234915056
1999-11-02 00:00:00,1804,2000,1733,1929,634042,0.0722623679822123
1999-11-03 00:00:00,1996,2051,1817,1916,563086,-0.006739243131156
1999-11-04 00:00:00,1962,2004,1753,1866,424131,-0.0260960334029227
1999-11-05 00:00:00,1945,1979,1778,1811,336878,-0.0294748124330117
1999-11-08 00:00:00,1854,2000,1812,1920,686917,0.060187741579238
1999-11-09 00:00:00,1942,2005,1691,1733,393616,-0.0973958333333333
1999-11-10 00:00:00,1632,1829,1628,1670,385017,-0.0363531448355453
1999-11-11 00:00:00,1691,1812,1607,1711,496964,0.0245508982035929
1999-11-12 00:00:00,1732,1732,1507,1506,412874,-0.1198129748684979
1999-11-15 00:00:00,1486,1524,1327,1448,469936,-0.0385126162018591
1999-11-16 00:00:00,1469,1524,1361,1419,341857,-0.0200276243093923
1999-11-17 00:00:00,1419,1419,1252,1377,267755,-0.0295983086680761
1999-11-18 00:00:00,1369,1394,1215,1252,189916,-0.0907770515613652
1999-11-19 00:00:00,1403,1403,1403,1403,52140,0.1206070287539935
1999-11-22 00:00:00,1570,1570,1570,1570,64398,0.1190306486101211
1999-11-23 00:00:00,1712,1720,1503,1640,592954,0.0445859872611464
1999-11-24 00:00:00,1682,1837,1670,1836,263876,0.1195121951219513
1999-11-25 00:00:00,2054,2054,1879,2053,1124094,0.1181917211328975
1999-11-26 00:00:00,2108,2129,1808,1807,530015,-0.1198246468582562
1999-11-29 00:00:00,1670,1837,1595,1636,460674,-0.0946319867183176
1999-11-30 00:00:00,1637,1774,1461,1678,310487,0.0256723716381417
1999-12-01 00:00:00,1503,1670,1478,1511,169196,-0.0995232419547079
1999-12-02 00:00:00,1553,1628,1378,1398,205207,-0.0747849106551952
1999-12-03 00:00:00,1482,1536,1336,1460,193368,0.0443490701001429
1999-12-06 00:00:00,1503,1615,1398,1536,240595,0.0520547945205478
1999-12-07 00:00:00,1478,1515,1378,1406,191368,-0.0846354166666666
1999-12-08 00:00:00,1440,1524,1407,1444,202915,0.0270270270270269
1999-12-09 00:00:00,1461,1615,1377,1615,381967,0.1184210526315789
1999-12-10 00:00:00,1628,1753,1524,1544,393789,-0.0439628482972136
1999-12-13 00:00:00,1461,1524,1361,1423,262273,-0.0783678756476683
1999-12-14 00:00:00,1466,1499,1378,1440,299763,0.0119465917076597
1999-12-15 00:00:00,1424,1474,1340,1377,194666,-0.0437499999999999
1999-12-16 00:00:00,1382,1499,1357,1419,219438,0.0305010893246187
1999-12-17 00:00:00,1503,1524,1274,1336,201961,-0.058491895701198
1999-12-20 00:00:00,1211,1378,1211,1336,114452,0.0
1999-12-21 00:00:00,1336,1398,1252,1310,200137,-0.0194610778443113
1999-12-22 00:00:00,1252,1377,1169,1293,351399,-0.0129770992366412
1999-12-23 00:00:00,1408,1449,1295,1370,420934,0.0595514307811291
1999-12-24 00:00:00,1336,1370,1207,1244,145610,-0.091970802919708
1999-12-27 00:00:00,1244,1269,1098,1097,143366,-0.1181672025723472
1999-12-28 00:00:00,1040,1040,969,1023,183442,-0.0674567000911576
2000-01-04 00:00:00,1031,1094,934,1043,64690,0.0195503421309872
2000-01-05 00:00:00,972,1052,926,1026,79533,-0.0162991371045062
2000-01-06 00:00:00,1031,1149,947,1149,324498,0.1198830409356725
2000-01-07 00:00:00,1158,1233,1052,1123,82571,-0.0226283724978242
2000-01-10 00:00:00,1136,1195,1014,1026,86460,-0.0863757791629563
2000-01-11 00:00:00,1052,1094,998,1052,122272,0.0253411306042885
2000-01-12 00:00:00,926,1040,926,955,71633,-0.0922053231939163
2000-01-13 00:00:00,888,1006,842,917,131625,-0.0397905759162303
2000-01-14 00:00:00,846,926,821,917,106468,0.0
2000-01-17 00:00:00,863,943,850,892,71122,-0.0272628135223554
2000-01-18 00:00:00,905,918,854,892,60662,0.0
2000-01-19 00:00:00,883,883,787,799,92686,-0.1042600896860986
2000-01-20 00:00:00,778,778,707,706,48858,-0.1163954943679599
2000-01-21 00:00:00,707,792,653,791,101465,0.1203966005665722
2000-01-24 00:00:00,834,859,716,825,116857,0.0429835651074588
2000-01-25 00:00:00,821,855,737,850,65192,0.0303030303030302
2000-01-26 00:00:00,800,884,791,812,46254,-0.0447058823529411
2000-01-27 00:00:00,817,838,804,837,18168,0.0307881773399014
2000-01-28 00:00:00,833,859,779,837,36797,0.0
2000-01-31 00:00:00,779,851,779,825,34930,-0.014336917562724
2000-02-01 00:00:00,842,914,817,896,137268,0.0860606060606061
2000-02-02 00:00:00,913,964,888,946,83770,0.0558035714285714
2000-02-03 00:00:00,985,1044,926,972,131296,0.0274841437632136
2000-02-07 00:00:00,972,1082,972,1060,164955,0.0905349794238683
2000-02-08 00:00:00,1090,1090,935,934,122438,-0.1188679245283018
2000-02-09 00:00:00,892,947,850,875,58476,-0.063169164882227
2000-02-10 00:00:00,829,976,795,946,95170,0.0811428571428571
2000-02-11 00:00:00,963,968,879,967,55468,0.022198731501057004
2000-02-14 00:00:00,930,1052,855,997,163991,0.031023784901758
2000-02-15 00:00:00,1010,1023,888,980,95991,-0.0170511534603811
2000-02-16 00:00:00,905,960,892,938,39454,-0.0428571428571428
2000-02-17 00:00:00,926,1048,905,1048,358541,0.1172707889125799
2000-02-18 00:00:00,1170,1170,1052,1086,523698,0.0362595419847329
2000-02-21 00:00:00,993,1069,968,967,110387,-0.1095764272559852
2000-02-22 00:00:00,973,1011,863,913,155752,-0.0558428128231643
2000-02-23 00:00:00,968,989,905,943,195920,0.0328587075575026
2000-02-24 00:00:00,955,1052,909,1052,385709,0.1155885471898197
2000-02-25 00:00:00,1099,1166,993,1052,306989,0.0
2000-02-28 00:00:00,1027,1178,1010,1178,433246,0.1197718631178708
2000-02-29 00:00:00,1305,1318,1267,1317,465526,0.1179966044142615
2000-03-02 00:00:00,1473,1473,1473,1473,180796,0.1184510250569477
2000-03-03 00:00:00,1650,1650,1347,1578,1010975,0.0712830957230141
2000-03-06 00:00:00,1558,1663,1461,1511,873694,-0.0424588086185044
2000-03-07 00:00:00,1436,1507,1331,1368,385483,-0.0946393117140966
2000-03-08 00:00:00,1309,1431,1204,1363,304067,-0.0036549707602339
2000-03-09 00:00:00,1406,1524,1347,1523,624341,0.1173881144534116
2000-03-10 00:00:00,1595,1595,1368,1372,388210,-0.0991464215364412
2000-03-13 00:00:00,1389,1536,1389,1498,462208,0.0918367346938775
2000-03-14 00:00:00,1675,1675,1675,1675,165944,0.1181575433911883
2000-03-15 00:00:00,1873,1873,1873,1873,118484,0.1182089552238805
2000-03-16 00:00:00,2096,2096,1662,1885,2477466,0.0064068339562199
2000-03-17 00:00:00,1874,1874,1663,1663,93088,-0.1177718832891246
2000-03-20 00:00:00,1465,1557,1465,1536,409484,-0.0763680096211665
2000-03-21 00:00:00,1355,1717,1355,1716,624833,0.1171875
2000-03-22 00:00:00,1768,1919,1717,1873,432571,0.0914918414918415
2000-03-23 00:00:00,1936,2096,1894,2096,920021,0.1190603310197544
2000-03-24 00:00:00,2345,2345,2256,2344,188322,0.1183206106870229
2000-03-27 00:00:00,2622,2622,2403,2588,1081042,0.1040955631399318
2000-03-28 00:00:00,2568,2862,2361,2567,801981,-0.008114374034003
2000-03-29 00:00:00,2420,2774,2420,2567,637038,0.0
2000-03-30 00:00:00,2484,2568,2265,2441,310817,-0.0490845344760421
2000-03-31 00:00:00,2236,2652,2236,2652,435450,0.0864399836132732
2000-04-03 00:00:00,2568,2601,2336,2336,177743,-0.1191553544494721
2000-04-04 00:00:00,2058,2189,2058,2058,123041,-0.1190068493150684
2000-04-06 00:00:00,1919,2176,1919,1990,212582,-0.0330417881438289
2000-04-07 00:00:00,1999,2168,1936,2087,402489,0.0487437185929648
2000-04-10 00:00:00,2168,2252,2046,2155,537609,0.0325826545280307
2000-04-11 00:00:00,2046,2046,1898,1898,207413,-0.1192575406032482
2000-04-12 00:00:00,1810,2000,1671,1894,158066,-0.0021074815595363
2000-04-14 00:00:00,1688,1915,1684,1915,86467,0.0110876451953536
2000-04-17 00:00:00,1692,1747,1688,1687,109247,-0.1190600522193211
2000-04-18 00:00:00,1726,1818,1663,1704,167150,0.0100770598695909
2000-04-19 00:00:00,1726,1852,1709,1789,117938,0.0498826291079812
2000-04-20 00:00:00,1751,2004,1730,2003,223320,0.1196198993851314
2000-04-21 00:00:00,2067,2244,2046,2210,269356,0.1033449825262107
2000-04-24 00:00:00,2146,2273,2041,2062,136115,-0.0669683257918551
2000-04-25 00:00:00,1999,2231,1894,2184,200992,0.0591658583899126
2000-04-26 00:00:00,2235,2235,2020,2041,108535,-0.0654761904761904
2000-04-27 00:00:00,1878,2021,1798,1852,65487,-0.0926016658500734
2000-04-28 00:00:00,1755,1915,1726,1810,45428,-0.0226781857451403
2000-05-02 00:00:00,1688,1894,1688,1852,95286,0.0232044198895027
2000-05-03 00:00:00,1772,1932,1772,1839,45588,-0.0070194384449243
2000-05-04 00:00:00,1844,2058,1844,2058,75411,0.1190864600326264
2000-05-08 00:00:00,2303,2303,1941,2303,946470,0.119047619047619
2000-05-09 00:00:00,2256,2525,2062,2062,742692,-0.1046461137646548
2000-05-10 00:00:00,2105,2126,1979,1995,340016,-0.0324927255092143
2000-05-12 00:00:00,1898,2231,1898,2125,323129,0.0651629072681705
2000-05-15 00:00:00,2084,2378,2062,2167,407972,0.0197647058823529
2000-05-16 00:00:00,2252,2311,1995,2159,251112,-0.0036917397323488
2000-05-17 00:00:00,2243,2252,1902,1902,250467,-0.1190365910143584
2000-05-18 00:00:00,1739,1747,1675,1675,146651,-0.119348054679285
2000-05-19 00:00:00,1620,1726,1477,1641,135694,-0.0202985074626865
2000-05-22 00:00:00,1495,1621,1448,1448,116840,-0.11761121267519806
2000-05-23 00:00:00,1275,1431,1275,1275,200894,-0.1194751381215469
2000-05-24 00:00:00,1141,1234,1124,1233,149189,-0.0329411764705882
2000-05-25 00:00:00,1259,1381,1259,1368,166550,0.1094890510948904
2000-05-26 00:00:00,1284,1368,1204,1203,135774,-0.1206140350877192
2000-05-29 00:00:00,1065,1178,1060,1136,120541,-0.0556940980881131
2000-05-30 00:00:00,1095,1255,1095,1254,93907,0.1038732394366197
2000-05-31 00:00:00,1288,1368,1288,1360,121938,0.0845295055821371
2000-06-01 00:00:00,1326,1326,1229,1263,118997,-0.0713235294117646
2000-06-02 00:00:00,1343,1343,1200,1263,170241,0.0
2000-06-05 00:00:00,1347,1380,1296,1304,279197,0.0324623911322248
2000-06-07 00:00:00,1389,1461,1305,1460,184320,0.1196319018404907
2000-06-08 00:00:00,1633,1633,1557,1633,268787,0.1184931506849316
2000-06-09 00:00:00,1654,1789,1536,1704,521305,0.0434782608695651
2000-06-12 00:00:00,1566,1768,1566,1679,155000,-0.0146713615023473
2000-06-13 00:00:00,1621,1878,1621,1768,353329,0.0530077427039905
2000-06-14 00:00:00,1772,1970,1735,1949,309312,0.1023755656108598
2000-06-15 00:00:00,1958,2076,1874,1966,478185,0.0087224217547459
2000-06-16 00:00:00,2021,2202,1730,2201,1166714,0.1195320447609358
2000-06-19 00:00:00,2454,2462,2210,2462,478104,0.1185824625170377
2000-06-20 00:00:00,2589,2757,2525,2756,404129,0.1194151096669373
2000-06-21 00:00:00,2820,3085,2820,3085,167386,0.1193759071117561
2000-06-22 00:00:00,3321,3452,2842,3064,572127,-0.006807131280389
2000-06-23 00:00:00,2820,3283,2820,3240,206983,0.0574412532637076
2000-06-26 00:00:00,3451,3472,3157,3303,294294,0.0194444444444443
2000-06-27 00:00:00,3001,3451,3001,3303,213493,0.0
2000-06-28 00:00:00,3262,3438,2959,3152,274826,-0.0457160157432636
2000-06-29 00:00:00,3031,3157,2778,2778,296712,-0.1186548223350253
2000-06-30 00:00:00,2736,3073,2454,2988,397369,0.0755939524838011
2000-07-03 00:00:00,2862,3346,2862,3346,232956,0.1198125836680052
2000-07-04 00:00:00,3494,3662,3199,3451,555768,0.0313807531380754
2000-07-05 00:00:00,3325,3431,3039,3156,200233,-0.0854824688496088
2000-07-06 00:00:00,3073,3367,2904,3300,208979,0.0456273764258554
2000-07-07 00:00:00,3161,3405,3119,3220,102173,-0.0242424242424242
2000-07-10 00:00:00,3157,3346,2997,3156,145389,-0.0198757763975154
2000-07-11 00:00:00,3040,3275,2821,2946,67842,-0.0665399239543725
2000-07-12 00:00:00,2862,3102,2862,2967,75824,0.0071283095723013
2000-07-13 00:00:00,2884,2968,2614,2946,69652,-0.0070778564206268
2000-07-14 00:00:00,2863,2989,2842,2841,28046,-0.035641547861507014
2000-07-18 00:00:00,2740,2942,2740,2925,46366,0.0295670538542767
2000-07-19 00:00:00,2883,2946,2651,2769,40109,-0.0533333333333333
2000-07-20 00:00:00,2779,3098,2694,3098,101687,0.1188154568436259
2000-07-21 00:00:00,3199,3468,3140,3468,273948,0.1194318915429308
2000-07-24 00:00:00,3578,3881,3056,3076,630046,-0.1130334486735871
2000-07-25 00:00:00,3165,3317,2946,3236,194417,0.0520156046814044
2000-07-26 00:00:00,3199,3237,2854,2853,184182,-0.1183559950556242
2000-07-27 00:00:00,2694,3030,2694,2963,243617,0.0385559060637925
2000-07-28 00:00:00,2988,3031,2786,2916,106745,-0.0158623017212284
2000-07-31 00:00:00,2652,2884,2652,2883,73944,-0.0113168724279835
2000-08-01 00:00:00,2799,3068,2799,2988,169092,0.0364203954214359
2000-08-02 00:00:00,2904,3031,2866,2996,124005,0.0026773761713521
2000-08-03 00:00:00,2988,3039,2925,2988,101429,-0.0026702269692924
2000-08-04 00:00:00,2820,3262,2820,3262,233732,0.0917001338688086
2000-08-07 00:00:00,3262,3452,3161,3447,241917,0.0567136725935009
2000-08-08 00:00:00,3464,3599,3241,3468,293176,0.0060922541340295
2000-08-09 00:00:00,3494,3494,3305,3313,181578,-0.0446943483275663
2000-08-10 00:00:00,2917,3228,2917,2988,259677,-0.0980984002414729
2000-08-11 00:00:00,3031,3073,2904,3060,169873,0.0240963855421687
2000-08-14 00:00:00,2976,3052,2925,2988,63876,-0.0235294117647059
2000-08-16 00:00:00,2989,3006,2736,2946,155677,-0.0140562248995983
2000-08-17 00:00:00,2989,2989,2800,2900,63560,-0.0156143923964697
2000-08-18 00:00:00,2824,3064,2778,3013,364689,0.0389655172413792
2000-08-21 00:00:00,3052,3068,2875,2916,113967,-0.0321938267507467
2000-08-22 00:00:00,2871,2926,2799,2807,84236,-0.0373799725651577
2000-08-23 00:00:00,2741,2917,2581,2610,128864,-0.0701816886355539
2000-08-24 00:00:00,2542,2601,2324,2424,141141,-0.0712643678160919
2000-08-25 00:00:00,2379,2652,2315,2643,147319,0.0903465346534653
2000-08-28 00:00:00,2652,2939,2619,2715,187507,0.0272417707150964
2000-08-29 00:00:00,2858,3039,2757,3039,702893,0.1193370165745857
2000-08-30 00:00:00,3199,3402,3162,3401,632259,0.1191181309641329
2000-08-31 00:00:00,3532,3805,3494,3805,556497,0.1187885915907085
2000-09-01 00:00:00,4205,4205,3692,3830,956673,0.0065703022339027
2000-09-04 00:00:00,3725,3999,3540,3662,509032,-0.043864229765013
2000-09-05 00:00:00,3591,3776,3397,3662,516570,0.0
2000-09-06 00:00:00,3662,3915,3578,3590,486628,-0.0196613872200983
2000-09-07 00:00:00,3591,3608,3162,3161,319343,-0.1194986072423398
2000-09-08 00:00:00,3073,3451,2782,3409,622125,0.0784561847516609
2000-09-14 00:00:00,3010,3326,3010,3073,169345,-0.0985626283367556
2000-09-15 00:00:00,3031,3178,2833,2896,186347,-0.0575984380084607
2000-09-18 00:00:00,2993,2993,2551,2647,177008,-0.0859806629834254
2000-09-19 00:00:00,2446,2526,2332,2332,218401,-0.1190026445032111
2000-09-20 00:00:00,2054,2071,2054,2053,898603,-0.119639794168096
2000-09-21 00:00:00,1998,2208,1808,1807,359354,-0.1198246468582562
2000-09-22 00:00:00,1592,1592,1592,1592,19696,-0.1189817376867736
2000-09-25 00:00:00,1443,1654,1412,1556,655640,-0.0226130653266332
2000-09-26 00:00:00,1464,1577,1464,1510,305997,-0.0295629820051414
2000-09-27 00:00:00,1551,1689,1540,1689,424145,0.1185430463576158
2000-09-28 00:00:00,1772,1885,1649,1859,899223,0.1006512729425694
2000-09-29 00:00:00,1946,1998,1849,1853,482805,-0.0032275416890801
2000-10-02 00:00:00,1803,1839,1710,1746,319273,-0.0577441985968699
2000-10-04 00:00:00,1798,1875,1716,1797,467325,0.029209621993127006
2000-10-05 00:00:00,1823,1885,1746,1792,515585,-0.0027824151363383
2000-10-06 00:00:00,1736,1767,1582,1607,514250,-0.1032366071428571
2000-10-09 00:00:00,1608,1798,1541,1797,902367,0.118232731798382
2000-10-10 00:00:00,1756,1833,1638,1746,660633,-0.028380634390651006
2000-10-11 00:00:00,1705,1715,1581,1658,473752,-0.0504009163802978
2000-10-12 00:00:00,1592,1828,1581,1689,905752,0.0186972255729795
2000-10-13 00:00:00,1592,1617,1489,1514,476670,-0.1036116044997039
2000-10-16 00:00:00,1515,1648,1515,1633,386609,0.0785997357992074
2000-10-17 00:00:00,1515,1587,1438,1437,285213,-0.1200244947948561
2000-10-18 00:00:00,1350,1438,1268,1437,485830,0.0
2000-10-19 00:00:00,1464,1464,1336,1386,236480,-0.035490605427975
2000-10-20 00:00:00,1412,1459,1340,1381,292910,-0.0036075036075036
2000-10-23 00:00:00,1284,1335,1217,1232,243444,-0.1078928312816799
2000-10-24 00:00:00,1181,1310,1181,1212,273237,-0.0162337662337662
2000-10-25 00:00:00,1192,1217,1084,1130,279908,-0.0676567656765676
2000-10-26 00:00:00,1130,1263,1104,1263,390241,0.1176991150442476
2000-10-27 00:00:00,1361,1412,1304,1412,772500,0.1179730799683294
2000-10-30 00:00:00,1418,1438,1243,1243,343098,-0.1196883852691218
2000-10-31 00:00:00,1094,1151,1094,1114,315271,-0.1037811745776348
2000-11-01 00:00:00,1135,1217,1124,1150,213665,0.0323159784560143
2000-11-02 00:00:00,1104,1171,1104,1103,258438,-0.0408695652173912
2000-11-03 00:00:00,1104,1196,1099,1150,355869,0.0426110607434269
2000-11-06 00:00:00,1186,1284,1186,1283,621389,0.1156521739130433
2000-11-07 00:00:00,1315,1407,1263,1283,808621,0.0
2000-11-08 00:00:00,1289,1320,1192,1191,333725,-0.0717069368667185
2000-11-09 00:00:00,1191,1330,1181,1330,382041,0.1167086481947943
2000-11-10 00:00:00,1490,1490,1361,1402,734840,0.0541353383458647
2000-11-13 00:00:00,1340,1566,1314,1545,875754,0.101997146932953
2000-11-14 00:00:00,1577,1669,1500,1617,910176,0.0466019417475727
2000-11-15 00:00:00,1592,1664,1438,1483,800719,-0.08286951144094
2000-11-16 00:00:00,1443,1484,1310,1320,902678,-0.109912339851652
2000-11-17 00:00:00,1294,1427,1294,1340,918129,0.0151515151515151
2000-11-20 00:00:00,1187,1372,1187,1227,1068738,-0.0843283582089552
2000-11-21 00:00:00,1258,1330,1186,1293,1299988,0.0537897310513446
2000-11-22 00:00:00,1315,1448,1263,1412,2530008,0.0920340293890178
2000-11-23 00:00:00,1392,1407,1243,1243,1012913,-0.1196883852691218
2000-11-24 00:00:00,1258,1299,1120,1176,699257,-0.0539018503620273
2000-11-27 00:00:00,1145,1248,1145,1247,689825,0.0603741496598639
2000-11-28 00:00:00,1248,1294,1140,1145,585192,-0.0817963111467522
2000-11-29 00:00:00,1058,1125,1058,1078,392916,-0.0585152838427948
2000-11-30 00:00:00,1140,1145,1058,1130,651057,0.0482374768089053
2000-12-01 00:00:00,1032,1125,1032,1109,517207,-0.0185840707964601
2000-12-04 00:00:00,1124,1201,1099,1119,779201,0.0090171325518484
2000-12-05 00:00:00,1130,1223,1120,1196,952363,0.06881143878462899
2000-12-06 00:00:00,1233,1243,1120,1130,619713,-0.0551839464882942
2000-12-07 00:00:00,1114,1217,1114,1155,611936,0.0221238938053096
2000-12-08 00:00:00,1171,1186,1140,1155,405399,0.0
2000-12-11 00:00:00,1166,1196,1140,1155,366320,0.0
2000-12-12 00:00:00,1109,1156,1109,1130,323613,-0.0216450216450216
2000-12-13 00:00:00,1140,1156,1109,1145,226947,0.0132743362831857
2000-12-14 00:00:00,1135,1171,1109,1155,319410,0.0087336244541484
2000-12-15 00:00:00,1150,1150,1109,1119,180620,-0.0311688311688311
2000-12-18 00:00:00,1104,1130,1053,1068,280285,-0.0455764075067024
2000-12-19 00:00:00,1033,1089,976,1022,657998,-0.0430711610486891
2000-12-20 00:00:00,996,996,904,903,341111,-0.1164383561643835
2000-12-21 00:00:00,807,858,796,832,341511,-0.0786267995570321
2000-12-22 00:00:00,801,873,755,785,259145,-0.0564903846153845
2000-12-26 00:00:00,750,842,745,811,159593,0.0331210191082802
2001-01-02 00:00:00,775,904,775,903,135211,0.1134401972872996
2001-01-03 00:00:00,878,965,847,898,269550,-0.0055370985603543
2001-01-04 00:00:00,970,1006,950,996,373976,0.1091314031180401
2001-01-05 00:00:00,1012,1012,924,950,197379,-0.0461847389558233
2001-01-08 00:00:00,970,991,909,960,241544,0.0105263157894737
2001-01-09 00:00:00,970,1073,924,1073,402300,0.1177083333333333
2001-01-10 00:00:00,1089,1161,945,950,1289208,-0.1146318732525628
2001-01-11 00:00:00,986,1011,924,975,321819,0.0263157894736842
2001-01-12 00:00:00,991,1022,950,965,483749,-0.0102564102564102
2001-01-15 00:00:00,966,1048,966,1001,579404,0.0373056994818652
2001-01-16 00:00:00,1012,1012,960,980,349355,-0.0209790209790209
2001-01-17 00:00:00,976,1078,955,996,579839,0.0163265306122448
2001-01-18 00:00:00,981,1114,981,1109,828316,0.1134538152610442
2001-01-19 00:00:00,1109,1238,1084,1237,1109351,0.1154192966636609
2001-01-22 00:00:00,1299,1382,1263,1381,657122,0.1164106709781729
2001-01-26 00:00:00,1381,1545,1258,1545,952798,0.11875452570601
2001-01-29 00:00:00,1566,1731,1551,1730,917403,0.1197411003236246
2001-01-30 00:00:00,1818,1936,1813,1936,709401,0.1190751445086706
2001-01-31 00:00:00,2055,2055,1705,1782,942263,-0.0795454545454545
2001-02-01 00:00:00,1720,1879,1577,1694,364061,-0.0493827160493827
2001-02-02 00:00:00,1653,1895,1525,1689,798679,-0.0029515938606847
2001-02-05 00:00:00,1618,1798,1556,1746,825223,0.0337477797513321
2001-02-06 00:00:00,1746,1921,1695,1920,814848,0.0996563573883162
2001-02-07 00:00:00,1900,2105,1695,1694,2756166,-0.1177083333333333
2001-02-08 00:00:00,1495,1582,1495,1494,4342504,-0.1180637544273908
2001-02-09 00:00:00,1540,1556,1427,1468,1540149,-0.0174029451137884
2001-02-12 00:00:00,1489,1515,1458,1468,1149891,0.0
2001-02-13 00:00:00,1495,1643,1495,1571,2088297,0.0701634877384196
2001-02-14 00:00:00,1525,1576,1505,1520,982450,-0.0324633991088478
2001-02-15 00:00:00,1576,1582,1515,1520,990773,0.0
2001-02-16 00:00:00,1520,1556,1443,1479,663891,-0.0269736842105262
2001-02-19 00:00:00,1412,1576,1412,1520,799049,0.0277214334009465
2001-02-20 00:00:00,1504,1612,1504,1530,895753,0.006578947368420999
2001-02-21 00:00:00,1531,1602,1479,1494,618374,-0.0235294117647059
2001-02-22 00:00:00,1536,1536,1320,1320,723721,-0.1164658634538152
2001-02-23 00:00:00,1310,1371,1289,1350,487827,0.0227272727272727
2001-02-26 00:00:00,1335,1392,1335,1360,294299,0.0074074074074073
2001-02-27 00:00:00,1382,1397,1258,1289,349642,-0.0522058823529412
2001-02-28 00:00:00,1273,1279,1212,1232,191568,-0.0442203258339798
2001-03-02 00:00:00,1237,1253,1088,1088,291367,-0.1168831168831169
2001-03-05 00:00:00,1109,1217,1037,1216,651009,0.1176470588235294
2001-03-06 00:00:00,1233,1263,1186,1191,527247,-0.0205592105263158
2001-03-07 00:00:00,1243,1294,1196,1232,321111,0.0344248530646515
2001-03-08 00:00:00,1268,1376,1232,1330,675076,0.0795454545454545
2001-03-09 00:00:00,1335,1433,1299,1396,693277,0.0496240601503759
2001-03-12 00:00:00,1376,1397,1232,1232,453613,-0.1174785100286532
2001-03-13 00:00:00,1129,1191,1094,1119,278250,-0.0917207792207792
2001-03-14 00:00:00,1155,1227,1155,1216,195532,0.0866845397676496
2001-03-15 00:00:00,1130,1202,1109,1186,209404,-0.0246710526315789
2001-03-16 00:00:00,1212,1222,1166,1191,198916,0.0042158516020236
2001-03-19 00:00:00,1156,1304,1156,1253,390859,0.0520570948782534
2001-03-20 00:00:00,1289,1402,1274,1402,1007070,0.1189146049481244
2001-03-21 00:00:00,1402,1531,1361,1402,2417570,0.0
2001-03-22 00:00:00,1438,1515,1350,1453,1645626,0.0363766048502138
2001-03-23 00:00:00,1515,1582,1284,1283,2064460,-0.1169993117687543
2001-03-26 00:00:00,1299,1315,1207,1283,746397,0.0
2001-03-27 00:00:00,1310,1336,1248,1258,496128,-0.0194855806703039
2001-03-28 00:00:00,1207,1304,1160,1186,676144,-0.0572337042925278
2001-03-29 00:00:00,1186,1243,1156,1191,300483,0.0042158516020236
2001-03-30 00:00:00,1186,1212,1135,1180,224203,-0.0092359361880772
2001-04-02 00:00:00,1145,1191,1130,1155,218120,-0.0211864406779661
2001-04-03 00:00:00,1130,1145,1058,1078,318559,-0.0666666666666666
2001-04-04 00:00:00,1053,1079,1012,1053,268533,-0.023191094619666
2001-04-06 00:00:00,1094,1130,1078,1093,187194,0.0379867046533712
2001-04-09 00:00:00,1069,1099,1027,1037,160353,-0.0512351326623971
2001-04-10 00:00:00,1058,1110,1043,1068,384463,0.0298939247830278
2001-04-11 00:00:00,1088,1165,1088,1134,291515,0.0617977528089888
2001-04-12 00:00:00,1161,1269,1115,1258,727392,0.1093474426807761
2001-04-13 00:00:00,1284,1300,1202,1258,378692,0.0
2001-04-16 00:00:00,1243,1284,1212,1216,204983,-0.0333863275039745
2001-04-17 00:00:00,1217,1310,1176,1299,640540,0.0682565789473683
2001-04-18 00:00:00,1361,1366,1310,1335,442788,0.0277136258660508
2001-04-19 00:00:00,1377,1402,1299,1304,660074,-0.0232209737827715
2001-04-20 00:00:00,1356,1356,1243,1243,380251,-0.0467791411042944
2001-04-23 00:00:00,1212,1268,1196,1263,241359,0.0160901045856798
2001-04-24 00:00:00,1217,1253,1196,1216,207246,-0.0372129849564528
2001-04-25 00:00:00,1217,1274,1212,1258,298986,0.0345394736842106
2001-04-26 00:00:00,1284,1310,1238,1237,487151,-0.0166931637519872
2001-04-27 00:00:00,1284,1284,1181,1201,298823,-0.0291026677445432
2001-04-30 00:00:00,1222,1243,1207,1232,296949,0.0258118234804329
2001-05-02 00:00:00,1299,1376,1263,1376,737949,0.1168831168831168
2001-05-03 00:00:00,1463,1540,1386,1391,2021928,0.0109011627906976
2001-05-04 00:00:00,1335,1376,1310,1350,518714,-0.0294751976994968
2001-05-07 00:00:00,1387,1428,1340,1396,681148,0.0340740740740741
2001-05-08 00:00:00,1422,1515,1402,1406,1053302,0.007163323782235
2001-05-09 00:00:00,1387,1428,1284,1283,503964,-0.0874822190611663
2001-05-10 00:00:00,1315,1325,1284,1320,252526,0.0288386593920499
2001-05-11 00:00:00,1304,1325,1294,1314,194431,-0.0045454545454545
2001-05-14 00:00:00,1320,1469,1320,1458,975878,0.1095890410958904
2001-05-15 00:00:00,1428,1428,1340,1350,453577,-0.074074074074074
2001-05-16 00:00:00,1340,1402,1340,1355,436611,0.0037037037037037
2001-05-17 00:00:00,1386,1469,1371,1422,928718,0.0494464944649446
2001-05-18 00:00:00,1413,1464,1361,1386,584385,-0.0253164556962025
2001-05-21 00:00:00,1402,1469,1387,1412,787240,0.0187590187590187
2001-05-22 00:00:00,1438,1556,1438,1443,1292103,0.021954674220963
2001-05-23 00:00:00,1433,1469,1377,1402,627929,-0.0284130284130283
2001-05-24 00:00:00,1376,1500,1371,1473,1005975,0.0506419400855919
2001-05-25 00:00:00,1510,1648,1464,1648,3561678,0.118805159538357
2001-05-28 00:00:00,1680,1844,1567,1766,6010720,0.0716019417475728
2001-05-29 00:00:00,1798,1828,1556,1556,2458141,-0.1189127972819932
2001-05-30 00:00:00,1540,1581,1479,1499,1016303,-0.0366323907455012
2001-05-31 00:00:00,1484,1490,1433,1448,615119,-0.0340226817878586
2001-06-01 00:00:00,1443,1484,1402,1402,657461,-0.0317679558011049
2001-06-04 00:00:00,1412,1433,1371,1427,568712,0.0178316690442226
2001-06-05 00:00:00,1438,1438,1355,1355,369230,-0.0504555010511562
2001-06-07 00:00:00,1335,1376,1314,1355,486097,0.0
2001-06-08 00:00:00,1428,1438,1361,1371,444939,0.0118081180811808
2001-06-11 00:00:00,1356,1428,1346,1386,362472,0.0109409190371991
2001-06-12 00:00:00,1392,1413,1366,1386,279468,0.0
2001-06-13 00:00:00,1397,1469,1387,1443,733516,0.0411255411255411
2001-06-14 00:00:00,1448,1468,1412,1437,531457,-0.0041580041580041
2001-06-15 00:00:00,1412,1443,1392,1406,335729,-0.0215727209464161
2001-06-18 00:00:00,1397,1433,1376,1427,485369,0.0149359886201991
2001-06-19 00:00:00,1454,1520,1413,1433,870825,0.0042046250875964
2001-06-20 00:00:00,1464,1464,1356,1366,295295,-0.04675505931612
2001-06-21 00:00:00,1366,1397,1315,1371,415859,0.0036603221083455
2001-06-22 00:00:00,1372,1402,1361,1386,241687,0.0109409190371991
2001-06-25 00:00:00,1413,1413,1377,1386,294345,0.0
2001-06-26 00:00:00,1387,1402,1274,1299,223917,-0.0627705627705628
2001-06-27 00:00:00,1289,1320,1258,1268,218379,-0.0238645111624326
2001-06-28 00:00:00,1212,1299,1212,1278,145199,0.0078864353312302
2001-06-29 00:00:00,1310,1315,1284,1289,125407,0.0086071987480438
2001-07-02 00:00:00,1279,1304,1268,1283,160271,-0.0046547711404189
2001-07-03 00:00:00,1284,1310,1268,1283,154020,0.0
2001-07-04 00:00:00,1263,1294,1258,1268,80990,-0.0116913484021823
2001-07-05 00:00:00,1258,1294,1258,1273,103523,0.0039432176656151
2001-07-06 00:00:00,1248,1253,1217,1232,137688,-0.0322073841319717
2001-07-09 00:00:00,1186,1207,1094,1170,209230,-0.0503246753246753
2001-07-10 00:00:00,1165,1196,1155,1180,106704,0.0085470085470085
2001-07-11 00:00:00,1161,1181,1104,1124,79165,-0.0474576271186441
2001-07-12 00:00:00,1129,1196,1129,1180,105539,0.0498220640569395
2001-07-13 00:00:00,1222,1242,1165,1180,129168,0.0
2001-07-16 00:00:00,1212,1217,1181,1216,187890,0.0305084745762711
2001-07-18 00:00:00,1233,1335,1217,1335,376467,0.097861842105263
2001-07-19 00:00:00,1335,1361,1258,1283,477656,-0.0389513108614232
2001-07-20 00:00:00,1310,1402,1269,1386,969870,0.0802805923616523
2001-07-23 00:00:00,1423,1433,1222,1222,847749,-0.1183261183261182
2001-07-24 00:00:00,1171,1181,1079,1130,579899,-0.0752864157119476
2001-07-25 00:00:00,1109,1176,1084,1109,234009,-0.0185840707964601
2001-07-26 00:00:00,1130,1156,1125,1145,233797,0.0324616771866546
2001-07-27 00:00:00,1155,1227,1155,1180,280260,0.0305676855895196
2001-07-30 00:00:00,1196,1207,1166,1170,145347,-0.0084745762711864
2001-07-31 00:00:00,1171,1217,1171,1212,131640,0.0358974358974359
2001-08-01 00:00:00,1191,1243,1191,1232,173435,0.0165016501650165
2001-08-02 00:00:00,1233,1258,1207,1222,216080,-0.008116883116883
2001-08-03 00:00:00,1227,1274,1222,1253,255408,0.0253682487725039
2001-08-06 00:00:00,1243,1259,1223,1227,109313,-0.0207501995211492
2001-08-07 00:00:00,1223,1259,1212,1227,159995,0.0
2001-08-08 00:00:00,1238,1243,1197,1206,187635,-0.0171149144254278
2001-08-09 00:00:00,1186,1212,1171,1201,112564,-0.0041459369817579
2001-08-10 00:00:00,1161,1217,1161,1191,125246,-0.0083263946711074
2001-08-13 00:00:00,1197,1212,1150,1191,125637,0.0
2001-08-14 00:00:00,1207,1217,1186,1191,138277,0.0
2001-08-16 00:00:00,1181,1196,1155,1155,192166,-0.0302267002518891
2001-08-17 00:00:00,1191,1258,1181,1186,536101,0.0268398268398268
2001-08-20 00:00:00,1145,1181,1130,1155,156217,-0.0261382799325463
2001-08-21 00:00:00,1181,1186,1145,1160,159670,0.0043290043290042
2001-08-22 00:00:00,1150,1171,1130,1155,116520,-0.0043103448275861
2001-08-23 00:00:00,1156,1166,1115,1114,119049,-0.0354978354978354
2001-08-24 00:00:00,1115,1156,1104,1130,110925,0.014362657091562
2001-08-27 00:00:00,1145,1155,1119,1124,148585,-0.0053097345132743
2001-08-28 00:00:00,1130,1140,1109,1130,80142,0.0053380782918148
2001-08-29 00:00:00,1104,1145,1104,1124,108149,-0.0053097345132743
2001-08-30 00:00:00,1099,1124,1083,1119,74316,-0.0044483985765124
2001-08-31 00:00:00,1094,1125,1037,1047,91652,-0.064343163538874
2001-09-03 00:00:00,1047,1053,1017,1026,49473,-0.0200573065902578
2001-09-04 00:00:00,1017,1073,1017,1057,66260,0.030214424951267
2001-09-05 00:00:00,1032,1104,1027,1057,86353,0.0
2001-09-06 00:00:00,1048,1079,1048,1068,53857,0.0104068117313149
2001-09-07 00:00:00,1068,1073,1043,1063,77674,-0.0046816479400748
2001-09-10 00:00:00,1063,1068,1038,1053,46709,-0.0094073377234242
2001-09-11 00:00:00,1063,1073,1037,1047,33629,-0.0056980056980057
2001-09-12 00:00:00,925,925,925,924,2510,-0.1174785100286532
2001-09-13 00:00:00,817,924,817,888,113948,-0.0389610389610389
2001-09-14 00:00:00,893,919,785,785,176397,-0.1159909909909909
2001-09-17 00:00:00,785,785,693,693,101800,-0.1171974522292993
2001-09-18 00:00:00,719,775,719,775,103316,0.1183261183261183
2001-09-19 00:00:00,796,868,760,852,124706,0.0993548387096774
2001-09-20 00:00:00,796,889,755,765,59506,-0.102112676056338
2001-09-21 00:00:00,729,791,693,790,48832,0.0326797385620916
2001-09-24 00:00:00,750,816,750,790,50778,0.0
2001-09-25 00:00:00,812,832,760,780,88997,-0.0126582278481012
2001-09-26 00:00:00,785,806,755,754,42153,-0.0333333333333333
2001-09-27 00:00:00,750,781,750,780,31993,0.0344827586206897
2001-09-28 00:00:00,770,822,770,806,56281,0.0333333333333334
2001-10-04 00:00:00,847,893,837,883,87383,0.0955334987593052
2001-10-05 00:00:00,889,889,822,842,58597,-0.0464326160815402
2001-10-08 00:00:00,822,848,796,847,67904,0.0059382422802849
2001-10-09 00:00:00,843,894,843,878,109325,0.036599763872491
2001-10-10 00:00:00,857,893,857,883,95748,0.0056947608200454
2001-10-11 00:00:00,914,955,898,898,173033,0.0169875424688561
2001-10-12 00:00:00,940,940,904,919,185337,0.0233853006681514
2001-10-15 00:00:00,919,945,904,919,120605,0.0
2001-10-16 00:00:00,919,961,909,940,116810,0.0228509249183894
2001-10-17 00:00:00,955,976,940,970,80187,0.0319148936170212
2001-10-18 00:00:00,950,965,929,944,62724,-0.0268041237113402
2001-10-19 00:00:00,976,981,950,970,51477,0.0275423728813559
2001-10-22 00:00:00,976,991,950,970,51902,0.0
2001-10-23 00:00:00,986,1002,971,970,122241,0.0
2001-10-24 00:00:00,986,991,960,960,43925,-0.0103092783505154
2001-10-25 00:00:00,965,981,950,950,47608,-0.0104166666666666
2001-10-26 00:00:00,950,966,925,940,39525,-0.0105263157894737
2001-10-29 00:00:00,924,1001,924,990,135425,0.053191489361702
2001-10-30 00:00:00,981,981,940,940,51687,-0.0505050505050505
2001-10-31 00:00:00,930,961,904,940,67536,0.0
2001-11-01 00:00:00,945,1048,945,1047,241816,0.1138297872340425
2001-11-02 00:00:00,1171,1171,1007,1063,921664,0.0152817574021011
2001-11-05 00:00:00,1078,1084,1001,1078,400484,0.0141110065851364
2001-11-06 00:00:00,1089,1130,1058,1124,293277,0.0426716141001854
2001-11-07 00:00:00,1156,1186,1115,1160,296951,0.0320284697508896
2001-11-08 00:00:00,1160,1191,1114,1150,231061,-0.0086206896551723
2001-11-09 00:00:00,1130,1232,1104,1216,501451,0.057391304347826
2001-11-12 00:00:00,1248,1248,1171,1206,298835,-0.0082236842105263
2001-11-13 00:00:00,1181,1217,1156,1206,162776,0.0
2001-11-14 00:00:00,1187,1253,1187,1227,448626,0.0174129353233831
2001-11-15 00:00:00,1207,1228,1166,1212,372007,-0.0122249388753056
2001-11-16 00:00:00,1207,1248,1181,1243,272472,0.0255775577557755
2001-11-19 00:00:00,1243,1294,1228,1243,324027,0.0
2001-11-20 00:00:00,1258,1258,1217,1232,178422,-0.0088495575221239
2001-11-21 00:00:00,1243,1284,1217,1247,334873,0.0121753246753246
2001-11-22 00:00:00,1232,1273,1227,1247,154639,0.0
2001-11-23 00:00:00,1253,1269,1212,1237,356463,-0.008019246190858
2001-11-26 00:00:00,1217,1264,1217,1243,222574,0.0048504446240904
2001-11-27 00:00:00,1248,1248,1217,1237,201927,-0.0048270313757039
2001-11-28 00:00:00,1248,1320,1248,1283,1212684,0.0371867421180274
2001-11-29 00:00:00,1310,1330,1253,1299,502049,0.0124707716289944
2001-11-30 00:00:00,1299,1335,1274,1335,412384,0.0277136258660508
2001-12-03 00:00:00,1361,1366,1294,1324,295623,-0.0082397003745318
2001-12-04 00:00:00,1289,1315,1238,1273,167886,-0.0385196374622356
2001-12-05 00:00:00,1243,1284,1125,1124,873347,-0.1170463472113119
2001-12-06 00:00:00,1150,1171,1094,1155,366900,0.0275800711743772
2001-12-07 00:00:00,1187,1259,1166,1227,512607,0.0623376623376623
2001-12-10 00:00:00,1217,1279,1197,1206,238312,-0.0171149144254278
2001-12-11 00:00:00,1197,1233,1186,1206,437324,0.0
2001-12-12 00:00:00,1212,1222,1186,1206,328431,0.0
2001-12-13 00:00:00,1155,1222,1078,1124,485912,-0.0679933665008292
2001-12-14 00:00:00,1150,1150,1078,1093,300751,-0.0275800711743772
2001-12-17 00:00:00,1104,1104,1074,1099,139031,0.0054894784995425
2001-12-18 00:00:00,1099,1109,1053,1093,78322,-0.0054595086442220005
2001-12-19 00:00:00,1079,1099,1032,1099,173784,0.0054894784995425
2001-12-20 00:00:00,1104,1120,1073,1093,185100,-0.0054595086442220005
2001-12-21 00:00:00,1114,1114,1073,1103,151223,0.0091491308325708
2001-12-24 00:00:00,1110,1120,1058,1099,205346,-0.0036264732547597
2001-12-26 00:00:00,1114,1114,1068,1088,155595,-0.0100090991810737
2001-12-27 00:00:00,1088,1124,1011,1057,502658,-0.0284926470588234
2001-12-28 00:00:00,1058,1068,1038,1053,162735,-0.0037842951750236
2002-01-02 00:00:00,1058,1068,1047,1057,151381,0.0037986704653372
2002-01-03 00:00:00,1053,1068,1037,1042,134955,-0.0141911069063387
2002-01-04 00:00:00,1053,1058,1017,1022,254360,-0.019193857965451
2002-01-07 00:00:00,1012,1027,997,1006,166920,-0.0156555772994129
2002-01-08 00:00:00,986,1027,981,990,218805,-0.0159045725646123
2002-01-09 00:00:00,976,1078,976,1057,602132,0.0676767676767677
2002-01-10 00:00:00,1073,1104,1058,1073,276166,0.0151371807000946
2002-01-11 00:00:00,1068,1089,1002,1016,160532,-0.0531220876048462
2002-01-14 00:00:00,1006,1047,1006,1026,169227,0.0098425196850393
2002-01-15 00:00:00,1022,1033,1002,1006,95143,-0.0194931773879142
2002-01-16 00:00:00,1007,1027,1007,1022,51940,0.0159045725646123
2002-01-17 00:00:00,1048,1048,981,986,38118,-0.035225048923679
2002-01-18 00:00:00,986,1012,955,970,90385,-0.0162271805273833
2002-01-21 00:00:00,981,981,945,965,42894,-0.0051546391752577
2002-01-22 00:00:00,976,976,950,950,29572,-0.0155440414507772
2002-01-23 00:00:00,935,971,929,965,54561,0.0157894736842105
2002-01-24 00:00:00,970,986,955,975,39126,0.0103626943005181
2002-01-25 00:00:00,981,986,955,960,61323,-0.0153846153846153
2002-01-28 00:00:00,955,1001,945,990,98041,0.03125
2002-01-29 00:00:00,991,996,976,996,41334,0.0060606060606061
2002-01-30 00:00:00,996,996,955,960,46136,-0.036144578313253004
2002-01-31 00:00:00,950,996,950,980,82391,0.0208333333333332
2002-02-01 00:00:00,965,1001,960,960,35759,-0.0204081632653061
2002-02-04 00:00:00,950,981,950,965,32286,0.0052083333333332
2002-02-05 00:00:00,966,971,945,970,38273,0.005181347150259
2002-02-06 00:00:00,955,1002,955,1001,88167,0.031958762886598
2002-02-07 00:00:00,1001,1022,975,975,134924,-0.0259740259740259
2002-02-08 00:00:00,986,986,955,975,58286,0.0
2002-02-14 00:00:00,991,1002,966,986,77546,0.0112820512820512
2002-02-15 00:00:00,986,986,960,975,24891,-0.0111561866125761
2002-02-18 00:00:00,965,976,955,965,46554,-0.0102564102564102
2002-02-19 00:00:00,976,976,950,965,83105,0.0
2002-02-20 00:00:00,950,1037,950,996,185238,0.0321243523316061
2002-02-21 00:00:00,991,1042,986,1026,138387,0.0301204819277107
2002-02-22 00:00:00,1007,1032,966,986,111062,-0.0389863547758284
2002-02-25 00:00:00,1001,1001,976,996,54328,0.0101419878296145
2002-02-26 00:00:00,997,1027,986,1022,164716,0.0261044176706828
2002-02-27 00:00:00,1022,1048,1002,1001,120855,-0.0205479452054794
2002-02-28 00:00:00,1012,1012,991,996,68209,-0.004995004995005
2002-03-04 00:00:00,1001,1032,1001,1032,148508,0.036144578313253004
2002-03-05 00:00:00,1043,1089,1027,1053,169217,0.0203488372093023
2002-03-06 00:00:00,1053,1109,1032,1109,168185,0.0531813865147199
2002-03-07 00:00:00,1119,1196,1094,1119,699442,0.0090171325518484
2002-03-08 00:00:00,1119,1130,1068,1088,157747,-0.0277033065236819
2002-03-11 00:00:00,1109,1145,1079,1145,262483,0.052389705882353
2002-03-12 00:00:00,1166,1166,1109,1114,133980,-0.0270742358078602
2002-03-13 00:00:00,1094,1114,1068,1078,122423,-0.0323159784560144
2002-03-14 00:00:00,1078,1094,1063,1078,53090,0.0
2002-03-15 00:00:00,1089,1099,1053,1078,177945,0.0
2002-03-18 00:00:00,1078,1120,1078,1109,171882,0.0287569573283859
2002-03-19 00:00:00,1135,1145,1099,1124,196129,0.0135256988277727
2002-03-20 00:00:00,1125,1135,1104,1124,167344,0.0
2002-03-21 00:00:00,1119,1171,1109,1165,326815,0.0364768683274021
2002-03-22 00:00:00,1181,1186,1135,1145,285109,-0.0171673819742489
2002-03-25 00:00:00,1145,1161,1109,1109,239825,-0.0314410480349345
2002-03-26 00:00:00,1104,1109,1027,1042,161685,-0.0604147880973849
2002-03-27 00:00:00,1053,1063,1032,1032,177486,-0.0095969289827255
2002-03-28 00:00:00,1032,1058,1012,1016,165556,-0.0155038759689922
2002-03-29 00:00:00,1012,1053,1007,1032,167006,0.0157480314960629
2002-04-01 00:00:00,1032,1032,975,975,150624,-0.0552325581395348
2002-04-02 00:00:00,960,1038,960,970,260009,-0.0051282051282051
2002-04-03 00:00:00,1001,1001,970,980,184639,0.0103092783505154
2002-04-04 00:00:00,976,1017,976,1016,106691,0.036734693877551
2002-04-08 00:00:00,1017,1027,1002,1022,96548,0.0059055118110236
2002-04-09 00:00:00,1027,1078,1006,1026,99985,0.0039138943248533
2002-04-10 00:00:00,1017,1037,991,1016,79576,-0.0097465886939571
2002-04-11 00:00:00,996,1053,996,1026,106389,0.0098425196850393
2002-04-12 00:00:00,1017,1037,1007,1016,31099,-0.0097465886939571
2002-04-15 00:00:00,1002,1022,997,1022,59953,0.0059055118110236
2002-04-16 00:00:00,1022,1027,991,1001,115368,-0.0205479452054794
2002-04-17 00:00:00,1012,1017,1002,1006,64676,0.0049950049950049
2002-04-18 00:00:00,1017,1017,986,1011,72136,0.0049701789264413
2002-04-19 00:00:00,991,1017,976,986,72975,-0.0247279920870425
2002-04-22 00:00:00,976,1006,935,950,71208,-0.0365111561866126
2002-04-23 00:00:00,945,996,939,975,85680,0.0263157894736842
2002-04-24 00:00:00,976,976,945,955,42517,-0.0205128205128205
2002-04-25 00:00:00,940,950,904,903,41949,-0.0544502617801047
2002-04-26 00:00:00,883,975,883,975,51529,0.079734219269103
2002-04-29 00:00:00,899,960,899,934,15544,-0.042051282051282
2002-04-30 00:00:00,909,940,909,940,9792,0.006423982869379001
2002-05-02 00:00:00,940,971,935,965,11396,0.0265957446808511
2002-05-03 00:00:00,955,955,929,950,19670,-0.0155440414507772
2002-05-06 00:00:00,924,965,924,950,17353,0.0
2002-05-07 00:00:00,940,950,914,934,19203,-0.0168421052631578
2002-05-08 00:00:00,919,950,919,929,48245,-0.0053533190578158
2002-05-09 00:00:00,934,955,898,898,111523,-0.0333692142088266
2002-05-10 00:00:00,904,924,893,898,38466,0.0
2002-05-13 00:00:00,919,919,893,913,17794,0.0167037861915366
2002-05-14 00:00:00,899,986,899,924,186585,0.0120481927710842
2002-05-15 00:00:00,934,939,919,929,40337,0.0054112554112553
2002-05-16 00:00:00,945,945,909,913,21772,-0.0172228202368137
2002-05-17 00:00:00,909,929,904,913,63717,0.0
2002-05-20 00:00:00,914,991,914,950,403209,0.0405257393209199
2002-05-21 00:00:00,966,981,914,924,130145,-0.0273684210526315
2002-05-22 00:00:00,914,945,914,934,44502,0.0108225108225108
2002-05-23 00:00:00,930,935,904,903,50118,-0.0331905781584582
2002-05-24 00:00:00,904,940,904,903,34537,0.0
2002-05-27 00:00:00,898,940,898,898,23884,-0.0055370985603543
2002-05-28 00:00:00,898,909,878,883,55812,-0.0167037861915367
2002-05-29 00:00:00,873,884,853,863,39535,-0.0226500566251415
2002-05-30 00:00:00,853,873,837,857,15126,-0.0069524913093859
2002-05-31 00:00:00,858,873,842,857,27920,0.0
2002-06-03 00:00:00,843,899,843,878,36589,0.0245040840140022
2002-06-04 00:00:00,888,888,852,867,11447,-0.0125284738041002
2002-06-05 00:00:00,873,873,853,863,16736,-0.0046136101499423
2002-06-07 00:00:00,868,868,837,867,17555,0.0046349942062573
2002-06-10 00:00:00,868,873,853,873,7825,0.0069204152249136
2002-06-11 00:00:00,858,873,847,873,8335,0.0
2002-06-12 00:00:00,852,868,847,867,11017,-0.0068728522336769
2002-06-14 00:00:00,853,873,837,873,22021,0.0069204152249136
2002-06-17 00:00:00,858,873,847,873,3694,0.0
2002-06-18 00:00:00,873,873,858,863,14632,-0.0114547537227949
2002-06-19 00:00:00,847,873,822,821,16297,-0.048667439165701
2002-06-20 00:00:00,812,847,801,826,7501,0.0060901339829475
2002-06-21 00:00:00,806,826,791,800,24522,-0.0314769975786924
2002-06-24 00:00:00,801,811,724,800,51189,0.0
2002-06-25 00:00:00,791,817,786,796,34195,-0.005
2002-06-26 00:00:00,745,781,704,765,26060,-0.0389447236180904
2002-06-27 00:00:00,765,780,708,739,7817,-0.0339869281045751
2002-06-28 00:00:00,739,781,739,775,68480,0.0487144790257103
2002-07-02 00:00:00,745,781,740,780,15066,0.0064516129032257
2002-07-03 00:00:00,755,786,750,780,7396,0.0
2002-07-04 00:00:00,781,791,765,780,23326,0.0
2002-07-05 00:00:00,780,811,775,790,81868,0.0128205128205127
2002-07-08 00:00:00,791,801,776,780,42930,-0.0126582278481012
2002-07-09 00:00:00,760,796,760,796,11171,0.0205128205128204
2002-07-10 00:00:00,781,837,770,811,53508,0.0188442211055277
2002-07-11 00:00:00,785,821,770,770,23127,-0.0505548705302095
2002-07-12 00:00:00,780,796,770,790,8738,0.0259740259740259
2002-07-15 00:00:00,780,822,760,821,43521,0.0392405063291139
2002-07-16 00:00:00,801,822,801,821,10318,0.0
2002-07-18 00:00:00,822,843,796,832,4765,0.0133982947624846
2002-07-19 00:00:00,822,822,770,796,9932,-0.0432692307692307
2002-07-22 00:00:00,796,796,734,744,19554,-0.0653266331658291
2002-07-23 00:00:00,744,765,734,754,19765,0.0134408602150537
2002-07-24 00:00:00,760,760,729,754,11967,0.0
2002-07-25 00:00:00,765,781,745,760,13585,0.0079575596816976
2002-07-26 00:00:00,739,785,739,770,3294,0.013157894736842
2002-07-29 00:00:00,745,776,745,750,12084,-0.0259740259740259
2002-07-30 00:00:00,770,837,765,811,152491,0.0813333333333332
2002-07-31 00:00:00,811,816,765,806,34954,-0.0061652281134402
2002-08-01 00:00:00,786,801,765,796,7062,-0.0124069478908188
2002-08-02 00:00:00,776,796,776,780,9000,-0.0201005025125627
2002-08-05 00:00:00,775,785,760,770,5258,-0.0128205128205127
2002-08-06 00:00:00,785,785,744,770,8277,0.0
2002-08-07 00:00:00,775,786,755,775,38167,0.0064935064935065
2002-08-08 00:00:00,781,781,770,775,5933,0.0
2002-08-09 00:00:00,785,785,765,770,13652,-0.0064516129032258
2002-08-12 00:00:00,750,791,750,760,15072,-0.0129870129870129
2002-08-13 00:00:00,785,785,760,785,6555,0.0328947368421053
2002-08-14 00:00:00,786,796,770,780,7143,-0.0063694267515923
2002-08-16 00:00:00,775,791,760,760,19220,-0.0256410256410256
2002-08-19 00:00:00,780,816,770,800,28369,0.0526315789473683
2002-08-20 00:00:00,848,894,842,893,199113,0.1162499999999999
2002-08-21 00:00:00,868,878,837,852,119943,-0.0459126539753639
2002-08-22 00:00:00,894,950,847,950,253099,0.1150234741784037
2002-08-23 00:00:00,960,1017,873,873,545534,-0.0810526315789473
2002-08-26 00:00:00,868,873,837,836,73009,-0.0423825887743413
2002-08-27 00:00:00,852,852,801,816,124202,-0.0239234449760765
2002-08-28 00:00:00,822,842,816,836,88146,0.0245098039215685
2002-08-29 00:00:00,811,935,786,934,290591,0.1172248803827751
2002-08-30 00:00:00,935,997,884,924,777189,-0.0107066381156316
2002-09-02 00:00:00,950,1001,868,873,546410,-0.0551948051948052
2002-09-03 00:00:00,837,883,837,852,72754,-0.0240549828178694
2002-09-04 00:00:00,837,873,832,852,58922,0.0
2002-09-05 00:00:00,878,924,863,873,229193,0.0246478873239437
2002-09-06 00:00:00,878,883,812,811,47912,-0.0710194730813287
2002-09-09 00:00:00,817,827,735,734,85812,-0.09494451294697903
2002-09-10 00:00:00,724,785,724,754,64018,0.0272479564032697
2002-09-11 00:00:00,765,796,755,754,12676,0.0
2002-09-12 00:00:00,755,780,755,770,3996,0.0212201591511935
2002-09-13 00:00:00,755,781,745,765,12056,-0.0064935064935064
2002-09-16 00:00:00,749,775,749,770,15557,0.0065359477124182
2002-09-17 00:00:00,770,801,765,785,12193,0.0194805194805194
2002-09-18 00:00:00,771,786,724,750,7802,-0.0445859872611464
2002-09-19 00:00:00,749,785,749,785,7216,0.0466666666666666
2002-09-23 00:00:00,791,791,745,775,14578,-0.0127388535031847
2002-09-24 00:00:00,755,832,755,770,9135,-0.0064516129032258
2002-09-25 00:00:00,771,781,735,734,5778,-0.0467532467532467
2002-09-26 00:00:00,744,791,744,770,7437,0.0490463215258856
2002-09-27 00:00:00,750,801,745,760,2663,-0.0129870129870129
2002-09-30 00:00:00,765,765,709,750,10040,-0.0131578947368421
2002-10-01 00:00:00,749,811,749,770,27287,0.0266666666666666
2002-10-02 00:00:00,776,822,765,811,77979,0.0532467532467533
2002-10-04 00:00:00,801,817,776,811,36330,0.0
2002-10-07 00:00:00,806,822,760,821,62506,0.0123304562268804
2002-10-08 00:00:00,811,822,786,790,100756,-0.0377588306942753
2002-10-09 00:00:00,791,811,755,775,23691,-0.0189873417721518
2002-10-10 00:00:00,729,760,709,713,31313,-0.0799999999999999
2002-10-11 00:00:00,694,740,678,703,47940,-0.0140252454417952
2002-10-14 00:00:00,694,724,694,719,20011,0.0227596017069702
2002-10-15 00:00:00,714,729,708,723,23831,0.0055632823365785
2002-10-16 00:00:00,724,740,714,729,13679,0.0082987551867219
2002-10-17 00:00:00,719,735,709,719,7730,-0.0137174211248285
2002-10-18 00:00:00,739,744,724,739,24703,0.0278164116828929
2002-10-21 00:00:00,739,744,719,739,5746,0.0
2002-10-22 00:00:00,740,765,729,765,25099,0.0351826792963463
2002-10-23 00:00:00,786,796,750,750,64776,-0.0196078431372549
2002-10-24 00:00:00,755,760,729,744,14575,-0.008
2002-10-25 00:00:00,678,734,678,713,34621,-0.0416666666666666
2002-10-28 00:00:00,714,739,714,723,14219,0.0140252454417952
2002-10-29 00:00:00,724,781,714,713,46242,-0.0138312586445366
2002-10-30 00:00:00,724,745,704,703,8117,-0.0140252454417952
2002-10-31 00:00:00,714,739,708,723,7537,0.0284495021337125
2002-11-01 00:00:00,724,740,709,729,5010,0.0082987551867219
2002-11-04 00:00:00,739,739,698,723,26913,-0.008230452674896999
2002-11-05 00:00:00,724,739,698,708,4171,-0.020746887966805
2002-11-06 00:00:00,709,719,693,698,27818,-0.0141242937853107
2002-11-07 00:00:00,698,724,698,723,29114,0.0358166189111748
2002-11-08 00:00:00,699,719,699,703,4462,-0.0276625172890733
2002-11-11 00:00:00,724,724,698,713,209,0.0142247510668562
2002-11-12 00:00:00,734,734,693,713,1305,0.0
2002-11-13 00:00:00,719,745,694,719,46415,0.008415147265077
2002-11-14 00:00:00,739,755,698,708,40182,-0.0152990264255911
2002-11-15 00:00:00,740,740,704,719,6486,0.0155367231638419
2002-11-18 00:00:00,740,740,704,719,4686,0.0
2002-11-19 00:00:00,709,740,698,729,55820,0.0139082058414463
2002-11-20 00:00:00,724,770,714,739,138840,0.0137174211248285
2002-11-21 00:00:00,770,770,724,744,41047,0.006765899864681998
2002-11-22 00:00:00,755,755,714,713,42485,-0.0416666666666666
2002-11-25 00:00:00,714,719,699,719,10717,0.008415147265077
2002-11-26 00:00:00,709,719,693,713,10244,-0.0083449235048678
2002-11-27 00:00:00,693,719,693,713,11779,0.0
2002-11-28 00:00:00,729,729,708,708,30680,-0.0070126227208976
2002-11-29 00:00:00,714,724,714,713,11543,0.0070621468926552
2002-12-02 00:00:00,704,729,704,729,10423,0.0224403927068723
2002-12-03 00:00:00,739,744,724,723,70519,-0.008230452674896999
2002-12-04 00:00:00,735,735,719,719,16736,-0.0055325034578146
2002-12-05 00:00:00,724,749,719,739,29368,0.0278164116828929
2002-12-06 00:00:00,724,750,724,729,12952,-0.013531799729363995
2002-12-09 00:00:00,745,786,735,750,63943,0.0288065843621398
2002-12-10 00:00:00,739,760,739,754,6071,0.0053333333333334
2002-12-11 00:00:00,760,786,724,750,36213,-0.0053050397877983
2002-12-12 00:00:00,750,760,740,750,7371,0.0
2002-12-13 00:00:00,739,837,729,836,570404,0.1146666666666667
2002-12-16 00:00:00,822,935,822,847,949334,0.013157894736842
2002-12-17 00:00:00,821,847,790,816,176161,-0.0365997638724912
2002-12-18 00:00:00,796,842,765,765,298327,-0.0625
2002-12-20 00:00:00,765,811,755,760,129776,-0.0065359477124182
2002-12-23 00:00:00,745,760,704,703,105440,-0.0749999999999999
2002-12-24 00:00:00,688,744,688,708,107312,0.0071123755334281
2002-12-26 00:00:00,704,740,704,719,73692,0.0155367231638419
2002-12-27 00:00:00,699,734,637,667,150594,-0.0723226703755215
2002-12-30 00:00:00,647,652,591,652,61961,-0.0224887556221888
2003-01-02 00:00:00,663,678,647,657,43540,0.0076687116564417
2003-01-03 00:00:00,678,683,658,673,37466,0.0243531202435312
2003-01-06 00:00:00,678,683,642,673,28966,0.0
2003-01-07 00:00:00,683,683,663,667,8336,-0.0089153046062406
2003-01-08 00:00:00,652,678,652,662,19166,-0.0074962518740629
2003-01-09 00:00:00,642,714,631,677,101986,0.0226586102719033
2003-01-10 00:00:00,699,699,663,688,4408,0.0162481536189069
2003-01-13 00:00:00,704,704,652,667,6158,-0.0305232558139535
2003-01-14 00:00:00,647,678,647,673,18979,0.0089955022488754
2003-01-15 00:00:00,693,693,657,667,15935,-0.0089153046062406
2003-01-16 00:00:00,657,668,652,667,44519,0.0
2003-01-17 00:00:00,688,688,647,667,54320,0.0
2003-01-20 00:00:00,678,678,662,662,32,-0.0074962518740629
2003-01-21 00:00:00,662,662,632,662,15897,0.0
2003-01-22 00:00:00,642,653,632,642,5166,-0.0302114803625377
2003-01-23 00:00:00,647,647,616,616,19013,-0.0404984423676012
2003-01-24 00:00:00,626,632,601,616,7420,0.0
2003-01-27 00:00:00,601,606,591,606,3016,-0.0162337662337662
2003-01-28 00:00:00,591,606,591,606,5152,0.0
2003-01-29 00:00:00,585,626,570,595,13056,-0.0181518151815182
2003-01-30 00:00:00,590,626,590,616,7713,0.0352941176470589
2003-02-03 00:00:00,601,611,595,610,7337,-0.0097402597402597
2003-02-04 00:00:00,601,621,601,610,3213,0.0
2003-02-05 00:00:00,595,626,595,610,7422,0.0
2003-02-06 00:00:00,621,626,585,616,12317,0.0098360655737705
2003-02-07 00:00:00,606,667,595,610,60626,-0.0097402597402597
2003-02-10 00:00:00,611,626,580,610,6437,0.0
2003-02-11 00:00:00,616,622,580,606,10342,-0.0065573770491803
2003-02-12 00:00:00,616,616,616,616,10,0.0165016501650165
2003-02-13 00:00:00,590,616,570,595,44485,-0.034090909090909
2003-02-14 00:00:00,585,595,570,595,2354,0.0
2003-02-17 00:00:00,601,626,601,616,12394,0.0352941176470589
2003-02-18 00:00:00,611,626,590,610,2333,-0.0097402597402597
2003-02-19 00:00:00,626,626,606,610,6848,0.0
2003-02-20 00:00:00,601,642,601,610,26463,0.0
2003-02-21 00:00:00,606,616,601,616,4985,0.0098360655737705
2003-02-24 00:00:00,616,616,601,610,6953,-0.0097402597402597
2003-02-25 00:00:00,601,616,595,610,7835,0.0
2003-02-26 00:00:00,616,616,591,606,13535,-0.0065573770491803
2003-02-27 00:00:00,596,606,580,600,11377,-0.0099009900990099
2003-02-28 00:00:00,590,601,590,600,1864,0.0
2003-03-03 00:00:00,580,611,580,610,5889,0.0166666666666666
2003-03-04 00:00:00,590,642,590,600,84385,-0.0163934426229508
2003-03-05 00:00:00,596,606,575,600,14110,0.0
2003-03-06 00:00:00,616,616,570,600,19379,0.0
2003-03-07 00:00:00,550,586,550,560,15970,-0.0666666666666666
2003-03-10 00:00:00,586,586,514,529,13830,-0.0553571428571428
2003-03-11 00:00:00,493,545,478,513,72908,-0.0302457466918714
2003-03-12 00:00:00,488,534,488,518,13990,0.0097465886939571
2003-03-13 00:00:00,508,518,498,518,17383,0.0
2003-03-14 00:00:00,518,580,518,564,54742,0.0888030888030888
2003-03-17 00:00:00,519,555,514,513,12067,-0.0904255319148936
2003-03-18 00:00:00,555,555,524,544,15539,0.060428849902534
2003-03-19 00:00:00,539,580,534,564,21998,0.036764705882353
2003-03-20 00:00:00,632,632,565,585,24262,0.0372340425531914
2003-03-21 00:00:00,575,586,555,560,16474,-0.0427350427350426
2003-03-24 00:00:00,585,585,544,564,19191,0.0071428571428571
2003-03-25 00:00:00,550,550,529,544,3682,-0.0354609929078014
2003-03-26 00:00:00,549,585,549,585,13429,0.0753676470588236
2003-03-27 00:00:00,560,591,560,570,8567,-0.0256410256410256
2003-03-28 00:00:00,580,580,549,570,36434,0.0
2003-03-31 00:00:00,586,586,545,560,6616,-0.0175438596491228
2003-04-01 00:00:00,570,570,570,570,501,0.0178571428571427
2003-04-02 00:00:00,560,616,550,575,16685,0.0087719298245614
2003-04-03 00:00:00,581,596,560,560,11557,-0.026086956521739
2003-04-04 00:00:00,549,575,539,570,13711,0.0178571428571427
2003-04-07 00:00:00,590,595,565,595,10684,0.0438596491228069
2003-04-08 00:00:00,585,596,570,585,10229,-0.0168067226890756
2003-04-09 00:00:00,586,596,570,590,8682,0.0085470085470085
2003-04-10 00:00:00,580,595,570,580,12301,-0.0169491525423728
2003-04-11 00:00:00,575,642,575,600,161437,0.0344827586206897
2003-04-14 00:00:00,632,632,586,621,22242,0.0349999999999999
2003-04-15 00:00:00,606,626,590,610,28665,-0.0177133655394524
2003-04-16 00:00:00,622,622,606,621,50860,0.0180327868852459
2003-04-17 00:00:00,606,627,606,606,20357,-0.0241545893719806
2003-04-18 00:00:00,606,621,606,610,27267,0.0066006600660066
2003-04-21 00:00:00,621,683,601,662,344377,0.0852459016393443
2003-04-22 00:00:00,647,657,611,610,59033,-0.0785498489425982
2003-04-23 00:00:00,652,652,601,616,45752,0.0098360655737705
2003-04-24 00:00:00,601,621,544,580,48097,-0.0584415584415584
2003-04-25 00:00:00,550,575,514,539,114780,-0.0706896551724137
2003-04-28 00:00:00,555,555,519,544,29043,0.0092764378478664
2003-04-29 00:00:00,544,559,544,549,34359,0.0091911764705883
2003-04-30 00:00:00,544,554,544,549,15754,0.0
2003-05-02 00:00:00,549,591,544,554,174253,0.0091074681238616
2003-05-06 00:00:00,560,575,549,570,34699,0.0288808664259927
2003-05-07 00:00:00,565,575,560,575,22031,0.0087719298245614
2003-05-09 00:00:00,575,575,554,564,13904,-0.0191304347826086
2003-05-12 00:00:00,575,580,570,580,38782,0.0283687943262411
2003-05-13 00:00:00,586,586,560,560,24836,-0.0344827586206896
2003-05-14 00:00:00,554,575,554,564,10946,0.0071428571428571
2003-05-15 00:00:00,575,575,555,560,14060,-0.0070921985815602
2003-05-16 00:00:00,559,565,554,564,24084,0.0071428571428571
2003-05-19 00:00:00,555,626,555,616,170352,0.0921985815602837
2003-05-20 00:00:00,622,632,575,590,23063,-0.0422077922077922
2003-05-21 00:00:00,637,637,585,600,14256,0.0169491525423728
2003-05-22 00:00:00,591,616,591,590,30382,-0.0166666666666667
2003-05-23 00:00:00,601,601,575,585,22308,-0.0084745762711864
2003-05-26 00:00:00,575,606,575,595,44994,0.017094017094017
2003-05-27 00:00:00,591,601,565,585,26528,-0.0168067226890756
2003-05-28 00:00:00,580,606,575,606,44261,0.0358974358974359
2003-05-29 00:00:00,606,606,585,585,16710,-0.0346534653465346
2003-05-30 00:00:00,575,601,575,600,33020,0.0256410256410255
2003-06-02 00:00:00,590,616,590,600,37282,0.0
2003-06-03 00:00:00,601,626,601,616,41634,0.0266666666666666
2003-06-04 00:00:00,622,688,601,621,272785,0.0081168831168831
2003-06-05 00:00:00,632,632,611,621,68429,0.0
2003-06-09 00:00:00,621,642,616,626,99818,0.0080515297906602
2003-06-10 00:00:00,616,632,616,616,27361,-0.0159744408945686
2003-06-11 00:00:00,626,626,616,626,36584,0.0162337662337661
2003-06-12 00:00:00,632,642,616,636,88370,0.0159744408945687
2003-06-13 00:00:00,642,642,621,631,28527,-0.0078616352201258
2003-06-16 00:00:00,611,637,596,631,37617,0.0
2003-06-17 00:00:00,637,703,637,677,334163,0.0729001584786053
2003-06-18 00:00:00,688,688,647,667,40738,-0.0147710487444608
2003-06-19 00:00:00,667,667,626,631,41949,-0.0539730134932533
2003-06-20 00:00:00,621,647,621,646,37687,0.0237717908082408
2003-06-23 00:00:00,637,714,637,673,74361,0.0417956656346749
2003-06-24 00:00:00,673,678,652,667,41536,-0.0089153046062406
2003-06-25 00:00:00,678,724,663,688,358394,0.0314842578710645
2003-06-26 00:00:00,693,699,663,667,11258,-0.0305232558139535
2003-06-27 00:00:00,693,693,647,646,24241,-0.0314842578710644
2003-06-30 00:00:00,632,668,616,652,26019,0.0092879256965945
2003-07-01 00:00:00,642,673,632,652,18671,0.0
2003-07-02 00:00:00,652,663,637,652,33228,0.0
2003-07-03 00:00:00,668,693,632,667,109404,0.0230061349693251
2003-07-04 00:00:00,658,673,642,657,33117,-0.0149925037481258
2003-07-07 00:00:00,647,688,642,662,99398,0.0076103500761035
2003-07-08 00:00:00,678,703,667,677,163720,0.0226586102719033
2003-07-09 00:00:00,678,714,663,667,742800,-0.0147710487444608
2003-07-10 00:00:00,668,678,637,652,166222,-0.0224887556221888
2003-07-11 00:00:00,662,729,642,693,929348,0.062883435582822
2003-07-14 00:00:00,683,724,683,688,266232,-0.0072150072150072
2003-07-15 00:00:00,688,714,673,698,149866,0.0145348837209302
2003-07-16 00:00:00,699,714,647,673,122710,-0.0358166189111748
2003-07-18 00:00:00,647,658,637,642,74460,-0.0460624071322436
2003-07-21 00:00:00,642,657,622,621,54060,-0.0327102803738317
2003-07-22 00:00:00,593,645,593,621,84006,0.0
2003-07-23 00:00:00,618,654,618,633,43541,0.0193236714975846
2003-07-24 00:00:00,634,660,626,646,30264,0.0205371248025276
2003-07-25 00:00:00,662,693,631,677,200073,0.0479876160990713
2003-07-28 00:00:00,688,724,680,698,311122,0.0310192023633677
2003-07-29 00:00:00,699,781,699,780,569027,0.1174785100286532
2003-07-30 00:00:00,789,791,719,719,239354,-0.0782051282051282
2003-07-31 00:00:00,734,757,724,729,357074,0.0139082058414463
2003-08-01 00:00:00,735,771,735,750,236586,0.0288065843621398
2003-08-04 00:00:00,765,791,724,723,69320,-0.036000000000000004
2003-08-05 00:00:00,714,778,699,765,187394,0.0580912863070539
2003-08-06 00:00:00,770,770,729,744,11863,-0.0274509803921568
2003-08-07 00:00:00,735,753,732,750,12551,0.0080645161290322
2003-08-08 00:00:00,745,760,732,736,32660,-0.0186666666666667
2003-08-11 00:00:00,737,758,683,750,77040,0.0190217391304348
2003-08-12 00:00:00,739,757,719,739,34427,-0.0146666666666667
2003-08-13 00:00:00,740,824,740,796,488130,0.0771312584573749
2003-08-14 00:00:00,817,822,781,796,216529,0.0
2003-08-18 00:00:00,801,850,786,821,355827,0.0314070351758795
2003-08-19 00:00:00,837,837,735,734,100712,-0.1059683313032886
2003-08-20 00:00:00,734,770,719,723,97771,-0.0149863760217984
2003-08-21 00:00:00,739,739,704,736,84087,0.0179806362378975
2003-08-22 00:00:00,719,740,709,734,14935,-0.0027173913043477
2003-08-25 00:00:00,709,765,704,713,145456,-0.0286103542234332
2003-08-26 00:00:00,698,732,698,700,69690,-0.0182328190743338
2003-08-27 00:00:00,701,783,701,760,489714,0.0857142857142856
2003-08-28 00:00:00,760,796,734,760,66844,0.0
2003-08-29 00:00:00,745,771,727,750,42994,-0.0131578947368421
2003-09-01 00:00:00,734,734,714,723,99347,-0.036000000000000004
2003-09-02 00:00:00,724,793,686,775,349486,0.0719225449515905
2003-09-03 00:00:00,755,781,735,734,31408,-0.0529032258064515
2003-09-04 00:00:00,724,745,694,696,124693,-0.0517711171662125
2003-09-05 00:00:00,694,717,691,696,121307,0.0
2003-09-08 00:00:00,704,706,683,696,22168,0.0
2003-09-09 00:00:00,683,704,683,688,27928,-0.0114942528735632
2003-09-15 00:00:00,678,696,663,667,60696,-0.0305232558139535
2003-09-16 00:00:00,673,683,647,660,108421,-0.0104947526236881
2003-09-17 00:00:00,663,724,663,688,77139,0.0424242424242424
2003-09-18 00:00:00,709,709,665,667,35073,-0.0305232558139535
2003-09-19 00:00:00,665,683,650,652,53713,-0.0224887556221888
2003-09-22 00:00:00,657,657,621,639,48318,-0.0199386503067484
2003-09-23 00:00:00,627,637,606,621,54803,-0.028169014084507005
2003-09-24 00:00:00,627,673,627,642,62293,0.0338164251207728
2003-09-25 00:00:00,632,632,596,606,53238,-0.0560747663551401
2003-09-26 00:00:00,627,627,598,606,12550,0.0
2003-09-29 00:00:00,591,611,565,606,45566,0.0
2003-09-30 00:00:00,606,611,588,598,75282,-0.0132013201320132
2003-10-01 00:00:00,583,611,580,587,7915,-0.0183946488294314
2003-10-02 00:00:00,603,606,590,600,33128,0.0221465076660987
2003-10-06 00:00:00,662,662,601,616,3594,0.0266666666666666
2003-10-07 00:00:00,637,637,601,616,3884,0.0
2003-10-08 00:00:00,604,632,604,613,2833,-0.0048701298701299
2003-10-09 00:00:00,624,649,616,646,3834,0.0538336052202284
2003-10-10 00:00:00,621,667,616,618,105216,-0.0433436532507739
2003-10-13 00:00:00,616,627,606,621,14645,0.0048543689320388
2003-10-14 00:00:00,614,632,614,621,11416,0.0
2003-10-15 00:00:00,614,621,611,616,6638,-0.0080515297906602
2003-10-16 00:00:00,616,626,608,623,19798,0.0113636363636364
2003-10-17 00:00:00,637,637,591,613,15040,-0.0160513643659711
2003-10-20 00:00:00,603,616,601,610,14340,-0.0048939641109299
2003-10-21 00:00:00,632,632,606,613,18305,0.0049180327868851
2003-10-22 00:00:00,626,626,590,600,66583,-0.0212071778140293
2003-10-23 00:00:00,596,622,583,613,19657,0.0216666666666667
2003-10-24 00:00:00,611,611,591,606,5112,-0.0114192495921696
2003-10-27 00:00:00,626,626,593,600,36961,-0.0099009900990099
2003-10-28 00:00:00,606,606,590,600,65815,0.0
2003-10-29 00:00:00,598,611,590,600,62863,0.0
2003-10-30 00:00:00,595,611,595,603,11066,0.0049999999999998
2003-10-31 00:00:00,596,606,588,590,23392,-0.0215588723051409
2003-11-03 00:00:00,591,660,588,613,109072,0.0389830508474575
2003-11-04 00:00:00,632,668,611,629,162748,0.0261011419249592
2003-11-05 00:00:00,657,681,616,652,144575,0.0365659777424483
2003-11-06 00:00:00,667,667,616,646,76800,-0.00920245398773
2003-11-07 00:00:00,653,653,622,642,8423,-0.0061919504643962
2003-11-10 00:00:00,632,655,614,654,43618,0.0186915887850467
2003-11-11 00:00:00,624,703,624,646,88725,-0.0122324159021406
2003-11-12 00:00:00,637,665,637,662,3883,0.0247678018575852
2003-11-13 00:00:00,642,683,642,677,59954,0.0226586102719033
2003-11-14 00:00:00,670,701,667,693,39252,0.0236336779911374
2003-11-17 00:00:00,704,704,678,703,24702,0.0144300144300144
2003-11-18 00:00:00,703,714,688,708,54184,0.0071123755334281
2003-11-19 00:00:00,693,716,685,716,34262,0.0112994350282484
2003-11-20 00:00:00,706,722,698,721,30614,0.0069832402234637
2003-11-21 00:00:00,724,730,699,719,33180,-0.0027739251040221
2003-11-24 00:00:00,709,724,673,713,25726,-0.0083449235048678
2003-11-25 00:00:00,729,729,698,713,16132,0.0
2003-11-26 00:00:00,704,729,683,683,29704,-0.0420757363253857
2003-11-27 00:00:00,706,706,673,680,1025,-0.0043923865300146
2003-11-28 00:00:00,708,708,626,700,16931,0.0294117647058822
2003-12-01 00:00:00,706,714,683,706,17400,0.0085714285714286
2003-12-02 00:00:00,714,719,703,716,18055,0.0141643059490084
2003-12-03 00:00:00,704,724,704,713,16322,-0.0041899441340782
2003-12-04 00:00:00,714,719,698,713,2689,0.0
2003-12-05 00:00:00,704,719,704,713,7244,0.0
2003-12-08 00:00:00,714,719,678,713,22483,0.0
2003-12-09 00:00:00,714,714,696,713,2793,0.0
2003-12-10 00:00:00,693,709,683,683,50754,-0.0420757363253857
2003-12-11 00:00:00,647,750,647,693,180710,0.0146412884333821
2003-12-12 00:00:00,686,717,686,688,11955,-0.0072150072150072
2003-12-15 00:00:00,712,714,683,688,46676,0.0
2003-12-16 00:00:00,714,714,683,685,9988,-0.004360465116279
2003-12-17 00:00:00,698,732,660,662,135769,-0.0335766423357664
2003-12-18 00:00:00,673,673,655,673,6765,0.0166163141993958
2003-12-19 00:00:00,678,689,663,665,17133,-0.0118870728083209
2003-12-22 00:00:00,660,678,647,670,16517,0.0075187969924812
2003-12-23 00:00:00,667,673,655,670,21948,0.0
2003-12-24 00:00:00,660,665,647,665,32904,-0.0074626865671642
2003-12-26 00:00:00,655,704,640,703,34508,0.0571428571428571
2003-12-29 00:00:00,670,729,670,721,23082,0.0256045519203413
2003-12-30 00:00:00,712,730,686,719,45822,-0.0027739251040221
2004-01-02 00:00:00,734,734,637,683,84204,-0.0500695410292072
2004-01-05 00:00:00,657,696,652,690,2130,0.0102489019033675
2004-01-06 00:00:00,681,714,657,667,28425,-0.0333333333333333
2004-01-07 00:00:00,681,681,650,667,8587,0.0
2004-01-08 00:00:00,668,676,663,673,6258,0.0089955022488754
2004-01-09 00:00:00,668,668,642,650,10088,-0.0341753343239227
2004-01-12 00:00:00,622,665,622,665,3399,0.0230769230769229
2004-01-13 00:00:00,673,673,632,636,9363,-0.0436090225563909
2004-01-14 00:00:00,626,701,626,633,210355,-0.0047169811320755
2004-01-15 00:00:00,634,652,632,646,15377,0.0205371248025276
2004-01-16 00:00:00,637,652,621,631,17389,-0.0232198142414861
2004-01-19 00:00:00,621,642,616,631,29682,0.0
2004-01-20 00:00:00,616,706,616,652,296820,0.0332805071315371
2004-01-26 00:00:00,645,668,616,652,23618,0.0
2004-01-27 00:00:00,667,667,624,623,28560,-0.0444785276073619
2004-01-28 00:00:00,629,642,619,629,54179,0.0096308186195825
2004-01-29 00:00:00,624,660,619,642,60675,0.0206677265500794
2004-01-30 00:00:00,634,655,619,644,14774,0.0031152647975076
2004-02-02 00:00:00,634,665,632,646,15036,0.0031055900621117
2004-02-03 00:00:00,637,652,629,631,23402,-0.0232198142414861
2004-02-04 00:00:00,631,647,626,633,28669,0.0031695721077653
2004-02-05 00:00:00,627,652,627,652,50380,0.0300157977883095
2004-02-06 00:00:00,642,663,642,644,5750,-0.0122699386503067
2004-02-09 00:00:00,663,663,632,650,7932,0.0093167701863354
2004-02-10 00:00:00,662,662,632,654,202,0.0061538461538461
2004-02-11 00:00:00,631,662,631,633,1142,-0.0321100917431192
2004-02-12 00:00:00,647,657,632,631,9432,-0.0031595576619273
2004-02-13 00:00:00,636,662,631,633,32931,0.0031695721077653
2004-02-16 00:00:00,652,657,634,636,19477,0.0047393364928909
2004-02-17 00:00:00,662,662,637,646,79815,0.0157232704402516
2004-02-18 00:00:00,663,701,653,657,93887,0.0170278637770897
2004-02-19 00:00:00,653,686,653,657,22277,0.0
2004-02-20 00:00:00,647,683,645,644,34158,-0.0197869101978691
2004-02-23 00:00:00,639,665,639,660,17261,0.0248447204968944
2004-02-24 00:00:00,665,673,647,657,7136,-0.0045454545454545
2004-02-25 00:00:00,647,662,644,654,24462,-0.0045662100456621
2004-02-26 00:00:00,665,665,642,642,22958,-0.018348623853211003
2004-02-27 00:00:00,635,681,635,680,27535,0.0591900311526478
2004-03-02 00:00:00,683,683,650,667,3948,-0.0191176470588235
2004-03-03 00:00:00,657,662,652,662,2190,-0.0074962518740629
2004-03-04 00:00:00,673,673,652,662,1617,0.0
2004-03-05 00:00:00,657,670,644,662,6312,0.0
2004-03-08 00:00:00,655,675,644,670,16693,0.012084592145014998
2004-03-09 00:00:00,652,663,650,660,3502,-0.0149253731343284
2004-03-10 00:00:00,650,665,647,652,2469,-0.012121212121212
2004-03-11 00:00:00,647,691,642,644,62216,-0.0122699386503067
2004-03-12 00:00:00,653,653,617,642,50701,-0.0031055900621117
2004-03-15 00:00:00,642,647,627,642,8297,0.0
2004-03-16 00:00:00,637,637,629,636,5922,-0.0093457943925233
2004-03-17 00:00:00,652,652,637,652,4761,0.0251572327044025
2004-03-18 00:00:00,653,658,640,650,4638,-0.0030674846625766
2004-03-19 00:00:00,647,655,642,654,12223,0.0061538461538461
2004-03-22 00:00:00,665,665,639,646,3089,-0.0122324159021406
2004-03-23 00:00:00,647,655,632,646,5277,0.0
2004-03-24 00:00:00,634,647,627,644,9796,-0.0030959752321981
2004-03-25 00:00:00,631,639,618,626,17475,-0.0279503105590062
2004-03-26 00:00:00,626,636,621,633,7731,0.011182108626198
2004-03-29 00:00:00,621,634,621,623,1502,-0.0157977883096366
2004-03-30 00:00:00,626,634,626,633,1630,0.0160513643659712
2004-03-31 00:00:00,637,637,616,616,12821,-0.0268562401263823
2004-04-01 00:00:00,632,632,622,621,4475,0.0081168831168831
2004-04-02 00:00:00,627,637,616,621,6978,0.0
2004-04-06 00:00:00,636,667,618,626,37416,0.0080515297906602
2004-04-07 00:00:00,632,660,632,644,20734,0.0287539936102236
2004-04-08 00:00:00,639,647,629,646,10902,0.0031055900621117
2004-04-09 00:00:00,647,647,637,644,4064,-0.0030959752321981
2004-04-12 00:00:00,642,658,635,657,25763,0.0201863354037266
2004-04-13 00:00:00,663,663,634,636,26430,-0.0319634703196347
2004-04-14 00:00:00,631,649,626,633,17844,-0.0047169811320755
2004-04-16 00:00:00,626,642,626,639,2170,0.009478672985782
2004-04-19 00:00:00,655,655,629,629,4404,-0.0156494522691705
2004-04-20 00:00:00,632,642,626,639,8980,0.0158982511923688
2004-04-21 00:00:00,639,644,629,633,9244,-0.0093896713615023
2004-04-22 00:00:00,632,665,629,665,44409,0.0505529225908372
2004-04-23 00:00:00,673,675,652,662,50790,-0.0045112781954886
2004-04-26 00:00:00,642,673,642,670,78328,0.012084592145014998
2004-04-27 00:00:00,663,678,652,675,33424,0.007462686567164
2004-04-28 00:00:00,665,719,660,680,62879,0.0074074074074073
2004-04-29 00:00:00,662,691,642,654,10704,-0.038235294117647006
2004-04-30 00:00:00,665,668,637,636,12936,-0.0275229357798164
2004-05-03 00:00:00,639,667,637,662,1323,0.0408805031446541
2004-05-04 00:00:00,665,665,647,662,884,0.0
2004-05-06 00:00:00,678,701,650,675,123292,0.0196374622356494
2004-05-07 00:00:00,676,676,642,642,15286,-0.0488888888888888
2004-05-10 00:00:00,637,637,616,616,72898,-0.0404984423676012
2004-05-11 00:00:00,616,637,616,621,87926,0.0081168831168831
2004-05-12 00:00:00,634,634,618,626,22435,0.0080515297906602
2004-05-13 00:00:00,621,636,618,618,26298,-0.012779552715655002
2004-05-14 00:00:00,667,667,616,616,32504,-0.0032362459546925
2004-05-17 00:00:00,611,619,585,608,36307,-0.0129870129870129
2004-05-18 00:00:00,616,616,590,610,19025,0.0032894736842106
2004-05-19 00:00:00,629,629,606,616,29466,0.0098360655737705
2004-05-20 00:00:00,598,632,598,623,22267,0.0113636363636364
2004-05-21 00:00:00,647,647,616,629,36814,0.0096308186195825
2004-05-24 00:00:00,621,642,616,616,12037,-0.0206677265500795
2004-05-25 00:00:00,626,626,601,616,1831,0.0
2004-05-27 00:00:00,616,624,608,616,40231,0.0
2004-05-28 00:00:00,611,627,609,613,19476,-0.0048701298701299
2004-05-31 00:00:00,626,626,590,600,10369,-0.0212071778140293
2004-06-01 00:00:00,593,616,593,598,20699,-0.0033333333333332
2004-06-02 00:00:00,598,627,598,606,16418,0.0133779264214046
2004-06-03 00:00:00,601,616,585,585,50250,-0.0346534653465346
2004-06-04 00:00:00,586,596,570,590,40688,0.0085470085470085
2004-06-07 00:00:00,580,611,580,595,19349,0.0084745762711864
2004-06-08 00:00:00,611,611,591,593,6102,-0.0033613445378151
2004-06-09 00:00:00,588,613,588,595,11110,0.0033726812816188
2004-06-10 00:00:00,590,606,585,595,20306,0.0
2004-06-11 00:00:00,588,593,583,593,9230,-0.0033613445378151
2004-06-14 00:00:00,593,613,583,595,4317,0.0033726812816188
2004-06-15 00:00:00,583,591,580,590,1010,-0.0084033613445377
2004-06-16 00:00:00,601,601,583,595,225,0.0084745762711864
2004-06-17 00:00:00,588,603,585,603,1101,0.0134453781512604
2004-06-18 00:00:00,586,601,586,598,3321,-0.0082918739635157
2004-06-21 00:00:00,585,601,583,593,3660,-0.0083612040133779
2004-06-22 00:00:00,577,588,554,580,12604,-0.0219224283305227
2004-06-23 00:00:00,598,598,598,598,1,0.0310344827586206
2004-06-24 00:00:00,578,598,578,598,793,0.0
2004-06-25 00:00:00,598,611,598,603,151,0.008361204013378
2004-06-28 00:00:00,616,616,577,580,42328,-0.0381426202321725
2004-06-29 00:00:00,580,585,562,572,57078,-0.0137931034482758
2004-06-30 00:00:00,573,585,567,570,36917,-0.0034965034965035
2004-07-01 00:00:00,570,583,560,575,110821,0.0087719298245614
2004-07-02 00:00:00,580,580,555,554,47185,-0.0365217391304347
2004-07-05 00:00:00,555,578,555,570,12012,0.0288808664259927
2004-07-06 00:00:00,585,585,565,572,23030,0.0035087719298245
2004-07-07 00:00:00,570,572,565,572,39218,0.0
2004-07-08 00:00:00,573,573,560,562,35845,-0.0174825174825175
2004-07-09 00:00:00,557,580,557,564,16832,0.00355871886121
2004-07-12 00:00:00,568,570,565,567,14979,0.0053191489361701
2004-07-13 00:00:00,570,570,557,567,4107,0.0
2004-07-14 00:00:00,560,568,560,567,10702,0.0
2004-07-15 00:00:00,562,577,549,564,8714,-0.0052910052910053
2004-07-16 00:00:00,557,565,557,564,7863,0.0
2004-07-19 00:00:00,542,567,542,556,26216,-0.0141843971631205
2004-07-20 00:00:00,557,575,537,539,52281,-0.0305755395683453
2004-07-21 00:00:00,544,544,532,539,13490,0.0
2004-07-22 00:00:00,532,534,524,531,22281,-0.0148423005565863
2004-07-23 00:00:00,524,557,519,539,96286,0.015065913370998003
2004-07-26 00:00:00,539,550,524,539,35383,0.0
2004-07-27 00:00:00,527,527,519,521,26655,-0.0333951762523191
2004-07-28 00:00:00,519,527,514,513,41536,-0.0153550863723608
2004-07-29 00:00:00,519,550,519,529,41692,0.0311890838206627
2004-07-30 00:00:00,522,534,519,529,4255,0.0
2004-08-02 00:00:00,518,534,516,518,14581,-0.0207939508506616
2004-08-03 00:00:00,549,549,518,526,13280,0.0154440154440154
2004-08-04 00:00:00,537,550,521,539,43736,0.0247148288973384
2004-08-05 00:00:00,529,570,529,564,17195,0.0463821892393321
2004-08-06 00:00:00,565,578,544,546,11351,-0.0319148936170212
2004-08-09 00:00:00,562,575,539,562,34911,0.0293040293040292
2004-08-10 00:00:00,565,565,547,549,15223,-0.0231316725978647
2004-08-11 00:00:00,565,580,552,572,63006,0.0418943533697631
2004-08-12 00:00:00,580,585,557,556,103454,-0.027972027972028
2004-08-13 00:00:00,557,575,557,572,42931,0.0287769784172662
2004-08-16 00:00:00,557,575,557,575,5700,0.0052447552447552
2004-08-17 00:00:00,557,577,557,572,61502,-0.0052173913043478
2004-08-18 00:00:00,575,591,560,583,66262,0.0192307692307691
2004-08-19 00:00:00,593,598,583,595,34157,0.020583190394511
2004-08-20 00:00:00,595,595,588,587,22694,-0.0134453781512604
2004-08-23 00:00:00,595,603,595,603,19520,0.0272572402044293
2004-08-24 00:00:00,590,606,590,603,2171,0.0
2004-08-25 00:00:00,603,608,593,600,18090,-0.0049751243781094
2004-08-26 00:00:00,593,611,593,608,11312,0.0133333333333334
2004-08-27 00:00:00,608,677,593,603,153430,-0.0082236842105263
2004-08-30 00:00:00,616,642,591,593,49604,-0.0165837479270315
2004-08-31 00:00:00,616,616,591,606,9001,0.0219224283305228
2004-09-01 00:00:00,616,626,600,626,38646,0.0330033003300329
2004-09-02 00:00:00,631,631,613,626,6218,0.0
2004-09-03 00:00:00,642,642,608,610,43420,-0.0255591054313099
2004-09-06 00:00:00,627,627,606,621,4704,0.0180327868852459
2004-09-07 00:00:00,609,622,601,606,29163,-0.0241545893719806
2004-09-08 00:00:00,606,614,606,613,35194,0.0115511551155116
2004-09-09 00:00:00,629,629,606,606,1401,-0.0114192495921696
2004-09-10 00:00:00,608,642,608,616,34903,0.0165016501650165
2004-09-13 00:00:00,608,634,608,610,6154,-0.0097402597402597
2004-09-14 00:00:00,616,624,608,610,12535,0.0
2004-09-15 00:00:00,608,639,608,608,1142,-0.0032786885245901
2004-09-16 00:00:00,609,632,609,621,4607,0.0213815789473683
2004-09-17 00:00:00,624,642,608,608,51903,-0.0209339774557165
2004-09-20 00:00:00,619,624,606,623,5692,0.0246710526315789
2004-09-21 00:00:00,621,621,608,618,10513,-0.0080256821829856
2004-09-22 00:00:00,606,616,606,606,4852,-0.0194174757281553
2004-09-23 00:00:00,603,626,598,616,6379,0.0165016501650165
2004-09-24 00:00:00,616,632,596,606,11247,-0.0162337662337662
2004-09-30 00:00:00,626,626,603,618,251,0.0198019801980198
2004-10-01 00:00:00,626,626,598,626,10275,0.0129449838187702
2004-10-04 00:00:00,614,627,609,621,17470,-0.0079872204472843
2004-10-05 00:00:00,629,629,608,618,33126,-0.0048309178743961
2004-10-06 00:00:00,627,627,601,613,27599,-0.0080906148867313
2004-10-07 00:00:00,621,621,608,608,6282,-0.0081566068515497
2004-10-08 00:00:00,595,613,595,603,10365,-0.0082236842105263
2004-10-11 00:00:00,598,616,598,616,1683,0.0215588723051409
2004-10-12 00:00:00,606,621,606,608,16155,-0.0129870129870129
2004-10-13 00:00:00,621,621,611,616,4041,0.013157894736842
2004-10-14 00:00:00,606,616,606,616,7983,0.0
2004-10-15 00:00:00,611,619,611,613,27001,-0.0048701298701299
2004-10-18 00:00:00,608,629,608,610,19380,-0.0048939641109299
2004-10-19 00:00:00,611,621,611,616,63186,0.0098360655737705
2004-10-20 00:00:00,621,636,616,626,61378,0.0162337662337661
2004-10-21 00:00:00,642,647,629,636,54466,0.0159744408945687
2004-10-22 00:00:00,634,636,629,633,38460,-0.0047169811320755
2004-10-25 00:00:00,629,637,622,621,16394,-0.0189573459715639
2004-10-26 00:00:00,616,621,611,618,17309,-0.0048309178743961
2004-10-27 00:00:00,618,636,618,626,23435,0.0129449838187702
2004-10-28 00:00:00,629,629,621,626,6047,0.0
2004-10-29 00:00:00,627,627,614,621,13253,-0.0079872204472843
2004-11-01 00:00:00,629,657,622,621,34154,0.0
2004-11-02 00:00:00,632,632,606,616,34611,-0.0080515297906602
2004-11-03 00:00:00,624,657,608,646,223627,0.0487012987012986
2004-11-04 00:00:00,653,678,642,665,125548,0.0294117647058822
2004-11-05 00:00:00,670,696,670,680,98910,0.0225563909774435
2004-11-08 00:00:00,694,706,678,688,41817,0.0117647058823529
2004-11-09 00:00:00,678,694,676,688,22116,0.0
2004-11-10 00:00:00,693,709,688,690,39717,0.002906976744186
2004-11-11 00:00:00,688,701,680,700,48152,0.0144927536231884
2004-11-12 00:00:00,699,750,699,750,140191,0.0714285714285714
2004-11-15 00:00:00,760,840,755,840,343909,0.1200000000000001
2004-11-16 00:00:00,829,886,822,836,222885,-0.0047619047619047
2004-11-17 00:00:00,837,875,811,844,174192,0.0095693779904306
2004-11-18 00:00:00,863,863,835,847,59913,0.0035545023696681
2004-11-19 00:00:00,850,940,845,898,368511,0.0602125147579692
2004-11-22 00:00:00,909,927,855,883,118970,-0.0167037861915367
2004-11-23 00:00:00,883,903,788,816,223547,-0.0758776896942242
2004-11-24 00:00:00,799,835,789,824,68535,0.0098039215686274
2004-11-25 00:00:00,845,860,811,852,63041,0.0339805825242718
2004-11-26 00:00:00,852,857,832,836,31494,-0.0187793427230047
2004-11-29 00:00:00,860,860,806,821,45963,-0.0179425837320573
2004-11-30 00:00:00,817,840,807,824,18392,0.0036540803897686
2004-12-01 00:00:00,809,827,806,821,36801,-0.0036407766990291
2004-12-02 00:00:00,824,870,816,844,58995,0.0280146163215591
2004-12-03 00:00:00,850,850,807,840,20519,-0.004739336492891
2004-12-06 00:00:00,863,865,827,865,52188,0.0297619047619046
2004-12-07 00:00:00,873,878,837,857,47826,-0.0092485549132947
2004-12-08 00:00:00,847,909,842,898,105475,0.0478413068844807
2004-12-09 00:00:00,904,948,884,924,87319,0.0289532293986636
2004-12-10 00:00:00,912,958,909,934,211499,0.0108225108225108
2004-12-13 00:00:00,950,981,927,936,55503,0.0021413276231263
2004-12-14 00:00:00,953,953,899,934,29347,-0.0021367521367521
2004-12-15 00:00:00,909,945,896,911,106299,-0.0246252676659528
2004-12-16 00:00:00,924,930,876,896,102419,-0.0164654226125137
2004-12-17 00:00:00,901,922,888,898,29554,0.0022321428571427
2004-12-20 00:00:00,898,929,868,898,76842,0.0
2004-12-21 00:00:00,912,919,899,919,8656,0.0233853006681514
2004-12-22 00:00:00,886,925,886,909,16427,-0.0108813928182807
2004-12-23 00:00:00,920,925,899,909,30629,0.0
2004-12-24 00:00:00,904,947,894,903,85817,-0.0066006600660065
2004-12-27 00:00:00,922,932,873,913,37681,0.0110741971207086
2004-12-28 00:00:00,914,914,886,896,59028,-0.0186199342825849
2004-12-29 00:00:00,863,891,847,873,62745,-0.0256696428571429
2004-12-30 00:00:00,873,873,847,857,36799,-0.0183276059564719
2005-01-03 00:00:00,847,868,842,852,11153,-0.0058343057176195
2005-01-04 00:00:00,845,858,835,840,42809,-0.0140845070422535
2005-01-05 00:00:00,830,848,830,832,12064,-0.0095238095238094
2005-01-06 00:00:00,835,873,822,850,55508,0.0216346153846154
2005-01-07 00:00:00,839,865,839,852,32865,0.0023529411764706
2005-01-10 00:00:00,865,865,845,860,4417,0.0093896713615022
2005-01-11 00:00:00,865,868,855,857,3526,-0.0034883720930232
2005-01-12 00:00:00,863,870,839,867,26148,0.0116686114352391
2005-01-13 00:00:00,868,883,853,880,48232,0.0149942329873125
2005-01-14 00:00:00,876,888,873,888,34010,0.009090909090909
2005-01-17 00:00:00,878,919,878,919,52928,0.0349099099099099
2005-01-18 00:00:00,937,1027,919,1026,415992,0.1164309031556039
2005-01-19 00:00:00,1114,1150,1104,1150,343862,0.1208576998050683
2005-01-20 00:00:00,1171,1223,1035,1053,389392,-0.0843478260869565
2005-01-21 00:00:00,1083,1178,1078,1178,507003,0.1187084520417853
2005-01-24 00:00:00,1243,1274,1169,1204,337494,0.0220713073005094
2005-01-25 00:00:00,1204,1207,1099,1160,112597,-0.0365448504983388
2005-01-26 00:00:00,1212,1212,1086,1130,101919,-0.0258620689655172
2005-01-27 00:00:00,1096,1140,1096,1132,52797,0.0017699115044247
2005-01-28 00:00:00,1145,1232,1114,1157,22928,0.0220848056537101
2005-01-31 00:00:00,1161,1297,1153,1296,504550,0.1201382886776145
2005-02-01 00:00:00,1335,1451,1335,1450,451900,0.1188271604938271
2005-02-02 00:00:00,1556,1623,1443,1520,1702057,0.0482758620689656
2005-02-03 00:00:00,1541,1546,1446,1473,212104,-0.0309210526315789
2005-02-04 00:00:00,1464,1618,1410,1561,395872,0.0597420230821452
2005-02-07 00:00:00,1546,1690,1546,1610,301937,0.031390134529148
2005-02-11 00:00:00,1633,1633,1520,1540,267617,-0.0434782608695651
2005-02-14 00:00:00,1535,1551,1453,1504,295447,-0.0233766233766233
2005-02-15 00:00:00,1507,1666,1504,1612,277120,0.0718085106382979
2005-02-16 00:00:00,1638,1805,1623,1805,371071,0.119727047146402
2005-02-17 00:00:00,1833,1900,1766,1817,244382,0.0066481994459832
2005-02-18 00:00:00,1746,1793,1716,1736,169153,-0.0445789763346174
2005-02-21 00:00:00,1746,1792,1633,1643,169805,-0.0535714285714286
2005-02-22 00:00:00,1592,1679,1515,1563,138615,-0.0486914181375532
2005-02-23 00:00:00,1515,1566,1482,1489,197427,-0.0473448496481125
2005-02-24 00:00:00,1489,1617,1489,1514,139743,0.0167897918065815
2005-02-25 00:00:00,1566,1569,1489,1496,151980,-0.0118890356671069
2005-02-28 00:00:00,1518,1566,1518,1563,92753,0.0447860962566843
2005-03-02 00:00:00,1633,1751,1561,1704,188872,0.09021113243762
2005-03-03 00:00:00,1708,1762,1646,1700,67460,-0.0023474178403756
2005-03-04 00:00:00,1749,1749,1623,1623,95610,-0.0452941176470588
2005-03-07 00:00:00,1622,1674,1504,1522,193197,-0.062230437461491
2005-03-08 00:00:00,1543,1584,1489,1510,97206,-0.0078843626806832
2005-03-09 00:00:00,1484,1641,1469,1627,85904,0.0774834437086093
2005-03-10 00:00:00,1618,1669,1592,1648,65682,0.0129071911493545
2005-03-11 00:00:00,1695,1695,1592,1648,55815,0.0
2005-03-14 00:00:00,1692,1692,1618,1669,57615,0.012742718446602
2005-03-15 00:00:00,1633,1690,1587,1586,38616,-0.0497303774715398
2005-03-16 00:00:00,1564,1628,1530,1586,31075,0.0
2005-03-17 00:00:00,1543,1592,1520,1525,33585,-0.0384615384615384
2005-03-18 00:00:00,1522,1571,1479,1499,39146,-0.0170491803278688
2005-03-21 00:00:00,1489,1577,1440,1466,57157,-0.0220146764509673
2005-03-22 00:00:00,1463,1563,1463,1499,5003,0.0225102319236016
2005-03-23 00:00:00,1497,1497,1441,1448,21316,-0.0340226817878586
2005-03-24 00:00:00,1453,1507,1328,1350,67297,-0.0676795580110497
2005-03-25 00:00:00,1351,1451,1336,1417,142571,0.0496296296296296
2005-03-28 00:00:00,1438,1479,1433,1448,57032,0.0218772053634439
2005-03-29 00:00:00,1469,1469,1412,1422,18505,-0.0179558011049724
2005-03-30 00:00:00,1428,1446,1371,1443,35454,0.0147679324894514
2005-03-31 00:00:00,1464,1523,1438,1479,39899,0.0249480249480249
2005-04-01 00:00:00,1513,1513,1446,1502,24189,0.015551048005409
2005-04-04 00:00:00,1556,1558,1489,1558,74033,0.0372836218375498
2005-04-06 00:00:00,1572,1592,1523,1586,50702,0.017971758664955
2005-04-07 00:00:00,1610,1685,1572,1653,87960,0.0422446406052963
2005-04-08 00:00:00,1721,1772,1692,1715,102978,0.0375075620084695
2005-04-11 00:00:00,1720,1731,1669,1725,56920,0.0058309037900874
2005-04-12 00:00:00,1957,1957,1836,1884,307231,0.0921739130434782
2005-04-13 00:00:00,1910,1910,1754,1817,76203,-0.0355626326963907
2005-04-14 00:00:00,1754,1859,1754,1756,53854,-0.0335718216840946
2005-04-15 00:00:00,1654,1741,1654,1715,93995,-0.0233485193621867
2005-04-18 00:00:00,1715,1735,1617,1643,127115,-0.0419825072886297
2005-04-19 00:00:00,1646,1759,1646,1730,48359,0.0529519172245891
2005-04-20 00:00:00,1774,1802,1741,1756,55362,0.015028901734104
2005-04-21 00:00:00,1720,1797,1720,1756,28012,0.0
2005-04-22 00:00:00,1772,1788,1736,1736,42294,-0.0113895216400911
2005-04-25 00:00:00,1746,1823,1738,1823,110258,0.0501152073732718
2005-04-26 00:00:00,1885,1885,1758,1776,109397,-0.0257816785518376
2005-04-27 00:00:00,1777,1838,1742,1769,37007,-0.0039414414414414
2005-04-28 00:00:00,1762,1769,1692,1726,51316,-0.0243075183719615
2005-04-29 00:00:00,1658,1731,1638,1638,37162,-0.0509849362688297
2005-05-02 00:00:00,1638,1754,1638,1680,9439,0.0256410256410255
2005-05-03 00:00:00,1662,1838,1662,1757,86569,0.0458333333333333
2005-05-04 00:00:00,1777,1792,1727,1769,36644,0.0068298235628911
2005-05-06 00:00:00,1769,2035,1769,2034,223777,0.1498021481062748
2005-05-09 00:00:00,2092,2108,1904,1926,292760,-0.0530973451327433
2005-05-10 00:00:00,1935,1962,1858,1926,62775,0.0
2005-05-11 00:00:00,1969,1969,1815,1815,41658,-0.05763239875389401
2005-05-12 00:00:00,1815,1877,1785,1784,22586,-0.0170798898071625
2005-05-13 00:00:00,1808,1808,1731,1761,43887,-0.0128923766816143
2005-05-16 00:00:00,1762,1885,1762,1815,77699,0.0306643952299829
2005-05-17 00:00:00,1908,2085,1869,2000,492716,0.1019283746556474
2005-05-18 00:00:00,2000,2027,1931,1969,111127,-0.0154999999999999
2005-05-19 00:00:00,1977,2246,1977,2215,314403,0.1249365159979685
2005-05-20 00:00:00,2169,2227,2077,2150,99537,-0.0293453724604966
2005-05-23 00:00:00,2150,2208,2092,2130,85114,-0.0093023255813953
2005-05-24 00:00:00,2131,2154,2027,2038,69219,-0.0431924882629107
2005-05-25 00:00:00,1969,2085,1969,2057,38893,0.0093228655544652
2005-05-26 00:00:00,2115,2115,1977,1976,43699,-0.0393777345649003
2005-05-27 00:00:00,2000,2123,2000,2053,76553,0.0389676113360324
2005-05-30 00:00:00,2054,2185,2054,2073,91811,0.0097418412079883
2005-05-31 00:00:00,2073,2104,1981,2084,98744,0.0053063193439459
2005-06-01 00:00:00,2046,2131,2046,2080,73006,-0.0019193857965451
2005-06-02 00:00:00,2146,2331,2119,2219,334141,0.0668269230769231
2005-06-03 00:00:00,2269,2377,2238,2346,248678,0.0572329878323569
2005-06-07 00:00:00,2354,2358,2223,2315,109651,-0.0132139812446717
2005-06-08 00:00:00,2346,2377,2269,2300,72229,-0.0064794816414687
2005-06-09 00:00:00,2265,2346,2265,2307,68313,0.0030434782608694
2005-06-10 00:00:00,2277,2331,2269,2284,75260,-0.0099696575639358
2005-06-13 00:00:00,2308,2362,2285,2323,80036,0.0170753064798598
2005-06-14 00:00:00,2323,2327,2204,2226,59892,-0.0417563495479982
2005-06-15 00:00:00,2269,2300,2215,2269,87935,0.0193171608265947
2005-06-16 00:00:00,2238,2296,2238,2250,45706,-0.008373732921992
2005-06-17 00:00:00,2254,2292,2154,2215,49076,-0.0155555555555555
2005-06-20 00:00:00,2254,2254,2142,2153,52428,-0.0279909706546275
2005-06-21 00:00:00,2127,2185,2088,2092,51930,-0.0283325592196934
2005-06-22 00:00:00,2077,2192,2077,2142,71165,0.0239005736137667
2005-06-23 00:00:00,2146,2208,2131,2130,68416,-0.0056022408963585
2005-06-24 00:00:00,2077,2450,2077,2450,381206,0.1502347417840375
2005-06-27 00:00:00,2504,2569,2400,2469,178593,0.0077551020408164
2005-06-28 00:00:00,2523,2562,2438,2523,143277,0.0218712029161602
2005-06-29 00:00:00,2523,2631,2462,2596,215022,0.0289338089575901
2005-06-30 00:00:00,2596,2596,2500,2576,128508,-0.007704160246533
2005-07-01 00:00:00,2623,2769,2546,2546,86863,-0.0116459627329192
2005-07-04 00:00:00,2554,2650,2523,2538,70207,-0.0031421838177533
2005-07-05 00:00:00,2538,2554,2481,2511,97812,-0.0106382978723403
2005-07-06 00:00:00,2515,2538,2392,2407,154140,-0.0414177618478693
2005-07-07 00:00:00,2331,2462,2331,2411,76100,0.0016618196925632
2005-07-08 00:00:00,2423,2454,2331,2369,76047,-0.0174201576109498
2005-07-11 00:00:00,2369,2492,2369,2476,111493,0.0451667370198396
2005-07-12 00:00:00,2500,2523,2446,2500,37089,0.0096930533117931
2005-07-13 00:00:00,2454,2512,2427,2507,78216,0.0027999999999999
2005-07-14 00:00:00,2508,2738,2508,2669,203922,0.0646190666134822
2005-07-15 00:00:00,2619,2662,2508,2607,67849,-0.0232296740352191
2005-07-18 00:00:00,2608,2635,2512,2565,85287,-0.0161104718066743
2005-07-19 00:00:00,2538,2565,2488,2565,24865,0.0
2005-07-20 00:00:00,2565,2608,2515,2565,151862,0.0
2005-07-21 00:00:00,2608,2608,2415,2469,179659,-0.0374269005847953
2005-07-22 00:00:00,2454,2454,2292,2346,305225,-0.0498177399756987
2005-07-25 00:00:00,2381,2381,2185,2280,270090,-0.0281329923273657
2005-07-26 00:00:00,2231,2354,2231,2315,76081,0.0153508771929824
2005-07-27 00:00:00,2342,2431,2319,2396,103419,0.0349892008639309
2005-07-28 00:00:00,2396,2450,2369,2438,77738,0.0175292153589314
2005-07-29 00:00:00,2488,2592,2381,2592,150042,0.0631665299425758
2005-08-01 00:00:00,2538,2612,2473,2611,78393,0.0073302469135803
2005-08-02 00:00:00,2558,2631,2523,2576,102443,-0.0134048257372654
2005-08-03 00:00:00,2604,2604,2385,2438,67503,-0.0535714285714286
2005-08-04 00:00:00,2485,2485,2308,2338,79621,-0.0410172272354388
2005-08-05 00:00:00,2338,2400,2254,2400,87636,0.0265183917878528
2005-08-08 00:00:00,2308,2408,2308,2353,27492,-0.0195833333333332
2005-08-09 00:00:00,2400,2400,2346,2365,46894,0.0050998725031874
2005-08-10 00:00:00,2377,2423,2350,2384,28429,0.0080338266384778
2005-08-11 00:00:00,2381,2523,2365,2476,129896,0.0385906040268455
2005-08-12 00:00:00,2512,2550,2442,2511,74242,0.0141357027463651
2005-08-16 00:00:00,2531,2577,2431,2576,79248,0.0258861011549182
2005-08-17 00:00:00,2504,2577,2465,2538,106624,-0.014751552795031
2005-08-18 00:00:00,2508,2585,2492,2503,53577,-0.0137903861308116
2005-08-19 00:00:00,2500,2546,2423,2530,62822,0.01078705553336
2005-08-22 00:00:00,2531,2608,2508,2576,60830,0.018181818181818
2005-08-23 00:00:00,2615,2646,2538,2603,51872,0.0104813664596272
2005-08-24 00:00:00,2612,2615,2515,2573,51613,-0.0115251632731463
2005-08-25 00:00:00,2508,2592,2508,2565,30291,-0.0031092110376992
2005-08-26 00:00:00,2527,2558,2496,2496,24644,-0.0269005847953216
2005-08-29 00:00:00,2431,2477,2277,2307,46644,-0.0757211538461538
2005-08-30 00:00:00,2385,2419,2346,2419,82084,0.0485478977026441
2005-08-31 00:00:00,2454,2527,2385,2526,48356,0.0442331541959486
2005-09-01 00:00:00,2515,2588,2496,2546,25238,0.0079176563737133
2005-09-02 00:00:00,2504,2577,2504,2507,46582,-0.0153181461115474
2005-09-05 00:00:00,2523,2531,2485,2500,26680,-0.002792181890706
2005-09-06 00:00:00,2500,2554,2469,2511,15362,0.0043999999999999
2005-09-07 00:00:00,2408,2531,2408,2476,39240,-0.0139386698526483
2005-09-08 00:00:00,2500,2523,2438,2438,20902,-0.0153473344103393
2005-09-09 00:00:00,2431,2531,2431,2480,62585,0.0172272354388842
2005-09-12 00:00:00,2515,2612,2515,2611,120830,0.0528225806451612
2005-09-13 00:00:00,2638,2723,2581,2580,105480,-0.0118728456530065
2005-09-14 00:00:00,2581,2608,2500,2507,43603,-0.0282945736434108
2005-09-15 00:00:00,2508,2692,2462,2615,78538,0.0430793777423215
2005-09-16 00:00:00,2638,2838,2638,2746,69170,0.0500956022944549
2005-09-20 00:00:00,2746,2846,2662,2742,21797,-0.0014566642388929
2005-09-21 00:00:00,2823,2823,2692,2746,14012,0.0014587892049597
2005-09-22 00:00:00,2769,2769,2627,2715,14343,-0.0112891478514202
2005-09-23 00:00:00,2715,2715,2635,2634,13894,-0.0298342541436463
2005-09-26 00:00:00,2592,2723,2592,2669,21708,0.013287775246773
2005-09-27 00:00:00,2700,2885,2677,2757,77105,0.0329711502435368
2005-09-28 00:00:00,2800,2835,2754,2823,25298,0.0239390642002175
2005-09-29 00:00:00,2815,2838,2692,2838,86978,0.0053134962805525
2005-09-30 00:00:00,2900,3154,2900,3080,128831,0.0852713178294573
2005-10-04 00:00:00,3112,3542,3108,3542,360246,0.1499999999999999
2005-10-05 00:00:00,3554,3646,3415,3538,346298,-0.0011293054771315
2005-10-06 00:00:00,3538,3662,3469,3588,109159,0.0141322781232333
2005-10-07 00:00:00,3692,3754,3192,3392,148164,-0.0546265328874024
2005-10-10 00:00:00,3385,3496,3192,3484,83762,0.0271226415094338
2005-10-11 00:00:00,3388,3577,3388,3530,47918,0.0132032146957519
2005-10-12 00:00:00,3477,3608,3477,3530,48218,0.0
2005-10-13 00:00:00,3531,3731,3531,3676,84402,0.0413597733711048
2005-10-14 00:00:00,3623,3831,3531,3646,29780,-0.0081610446137105
2005-10-17 00:00:00,3542,3769,3542,3646,28026,0.0
2005-10-18 00:00:00,3658,3808,3638,3669,57331,0.0063082830499177
2005-10-19 00:00:00,3746,3746,3462,3538,90028,-0.0357045516489507
2005-10-20 00:00:00,3408,3615,3408,3615,40150,0.0217637083097794
2005-10-21 00:00:00,3615,3681,3462,3615,78992,0.0
2005-10-24 00:00:00,3615,3838,3615,3838,124829,0.0616874135546334
2005-10-25 00:00:00,3892,3985,3738,3738,65984,-0.0260552371026576
2005-10-26 00:00:00,3777,3962,3769,3784,40343,0.0123060460139112
2005-10-27 00:00:00,3854,3854,3692,3692,23380,-0.0243128964059197
2005-10-28 00:00:00,3631,3692,3581,3692,85520,0.0
2005-10-31 00:00:00,3704,3846,3596,3692,48068,0.0
2005-11-01 00:00:00,3708,3796,3681,3688,60899,-0.0010834236186348
2005-11-02 00:00:00,3769,4192,3677,3923,313880,0.0637201735357917
2005-11-03 00:00:00,3969,4077,3885,3961,109859,0.0096864644404792
2005-11-04 00:00:00,3962,4000,3819,3853,80431,-0.0272658419591012
2005-11-07 00:00:00,3827,3954,3777,3876,55670,0.0059693745133662
2005-11-08 00:00:00,3846,3923,3808,3826,14262,-0.0128998968008255
2005-11-09 00:00:00,3769,3815,3731,3753,59656,-0.0190799790904339
2005-11-10 00:00:00,3754,3846,3754,3800,43533,0.0125233146815879
2005-11-11 00:00:00,3773,3846,3758,3807,75595,0.0018421052631578
2005-11-14 00:00:00,3923,3923,3742,3792,78990,-0.003940110323089
2005-11-15 00:00:00,3800,3938,3800,3907,65315,0.0303270042194092
2005-11-16 00:00:00,3977,4192,3931,4146,93155,0.0611722549270539
2005-11-17 00:00:00,4108,4377,4023,4338,170129,0.0463096960926194
2005-11-18 00:00:00,4354,4931,4338,4592,208697,0.0585523282618718
2005-11-21 00:00:00,4615,4615,4308,4338,219778,-0.0553135888501742
2005-11-22 00:00:00,4462,4462,4269,4292,152496,-0.0106039649608113
2005-11-23 00:00:00,4215,4369,4215,4215,153407,-0.0179403541472507
2005-11-24 00:00:00,4262,4454,4246,4361,68808,0.0346381969157769
2005-11-25 00:00:00,4354,4546,4238,4300,168157,-0.0139876175189176
2005-11-28 00:00:00,4300,4385,4231,4300,95584,0.0
2005-11-29 00:00:00,4369,4423,4254,4269,98139,-0.0072093023255813
2005-11-30 00:00:00,4231,4362,4162,4361,123795,0.0215507144530335
2005-12-01 00:00:00,4262,4454,4262,4423,90732,0.0142169227241457
2005-12-02 00:00:00,4454,4615,4415,4423,159822,0.0
2005-12-05 00:00:00,4400,4462,4231,4307,163992,-0.0262265430703142
2005-12-06 00:00:00,4285,4338,4154,4230,155177,-0.0178778732296261
2005-12-07 00:00:00,4254,4315,4077,4076,135192,-0.0364066193853428
2005-12-08 00:00:00,4077,4162,3808,3900,241434,-0.043179587831207004
2005-12-09 00:00:00,3962,4115,3923,4023,174669,0.0315384615384615
2005-12-12 00:00:00,3900,4115,3900,4023,156337,0.0
2005-12-13 00:00:00,4031,4069,3915,4000,111772,-0.0057171265224956
2005-12-14 00:00:00,3985,4177,3985,4115,113779,0.02875
2005-12-15 00:00:00,4215,4215,4038,4184,142121,0.0167679222357228
2005-12-16 00:00:00,4015,4146,3977,4076,115492,-0.025812619502868
2005-12-19 00:00:00,4146,4262,4108,4123,74718,0.01153091265947
2005-12-20 00:00:00,4077,4192,4046,4138,35569,0.0036381275770069
2005-12-21 00:00:00,4100,4208,4015,4115,51710,-0.0055582406959884
2005-12-22 00:00:00,4115,4215,3931,4000,60300,-0.0279465370595383
2005-12-23 00:00:00,3900,4000,3754,3753,167317,-0.0617499999999999
2005-12-26 00:00:00,3769,3812,3654,3711,64125,-0.0111910471622701
2005-12-27 00:00:00,3692,3769,3662,3661,78851,-0.0134734572891404
2005-12-28 00:00:00,3585,3754,3585,3653,40360,-0.0021851953018301
2005-12-29 00:00:00,3665,3746,3615,3692,41838,0.0106761565836299
2006-01-02 00:00:00,3650,3762,3631,3761,38255,0.0186890574214517
2006-01-03 00:00:00,3758,3869,3731,3811,23203,0.013294336612603002
2006-01-04 00:00:00,3835,3835,3746,3796,42596,-0.0039359748097612
2006-01-05 00:00:00,3800,3800,3569,3746,68205,-0.0131717597471021
2006-01-06 00:00:00,3808,3808,3631,3653,64391,-0.0248264815803523
2006-01-09 00:00:00,3658,3723,3577,3653,105675,0.0
2006-01-10 00:00:00,3623,3723,3623,3665,29254,0.0032849712565015
2006-01-11 00:00:00,3615,3723,3615,3657,67192,-0.0021828103683492
2006-01-12 00:00:00,3658,3785,3658,3661,52849,0.0010937927262784
2006-01-13 00:00:00,3731,3731,3615,3630,67623,-0.0084676317945916
2006-01-16 00:00:00,3723,3723,3615,3638,41885,0.0022038567493112
2006-01-17 00:00:00,3623,3658,3488,3488,74086,-0.0412314458493677
2006-01-18 00:00:00,3488,3519,3085,3303,121044,-0.053038990825687984
2006-01-19 00:00:00,3269,3438,3269,3384,87689,0.0245231607629428
2006-01-20 00:00:00,3346,3485,3215,3365,81476,-0.0056146572104018
2006-01-23 00:00:00,3192,3308,2923,2930,90919,-0.1292719167904903
2006-01-24 00:00:00,3038,3154,2815,3011,108798,0.0276450511945391
2006-01-25 00:00:00,3108,3304,3108,3269,81082,0.0856858186648954
2006-01-26 00:00:00,3254,3308,3177,3276,7540,0.0021413276231263
2006-01-27 00:00:00,3285,3438,3254,3430,65345,0.047008547008547
2006-01-31 00:00:00,3377,3488,3377,3446,16304,0.0046647230320699
2006-02-01 00:00:00,3462,3604,3277,3384,31899,-0.0179918746372605
2006-02-02 00:00:00,3331,3485,3308,3357,13191,-0.0079787234042553
2006-02-03 00:00:00,3358,3385,3277,3280,39692,-0.022937146261543
2006-02-06 00:00:00,3200,3615,3200,3388,142782,0.0329268292682927
2006-02-07 00:00:00,3338,3527,3308,3526,67037,0.0407319952774498
2006-02-08 00:00:00,3527,3669,3527,3626,136113,0.0283607487237662
2006-02-09 00:00:00,3627,3746,3627,3700,134011,0.0204081632653061
2006-02-10 00:00:00,3746,3746,3631,3723,63845,0.0062162162162162
2006-02-13 00:00:00,3688,3800,3623,3688,28654,-0.0094010206822454
2006-02-14 00:00:00,3623,3731,3538,3615,28097,-0.0197939262472884
2006-02-15 00:00:00,3658,3658,3477,3615,22324,0.0
2006-02-16 00:00:00,3608,3608,3538,3600,22916,-0.0041493775933609
2006-02-17 00:00:00,3546,3654,3546,3630,32497,0.0083333333333333
2006-02-20 00:00:00,3631,3792,3588,3703,113325,0.0201101928374656
2006-02-21 00:00:00,3785,3785,3623,3692,23640,-0.0029705644072374
2006-02-22 00:00:00,3631,3692,3600,3638,44974,-0.014626218851571
2006-02-23 00:00:00,3623,3669,3581,3646,54125,0.0021990104452995
2006-02-24 00:00:00,3646,3646,3600,3615,14977,-0.0085024684585847
2006-02-27 00:00:00,3588,3650,3585,3603,20512,-0.0033195020746887
2006-02-28 00:00:00,3619,3692,3604,3692,36773,0.0247016375242852
2006-03-02 00:00:00,3800,4008,3785,3938,129996,0.0666305525460455
2006-03-03 00:00:00,3938,3962,3785,3853,61322,-0.0215845606907059
2006-03-06 00:00:00,3862,3946,3846,3900,33922,0.0121982870490526
2006-03-07 00:00:00,3946,4123,3923,3961,130034,0.0156410256410255
2006-03-08 00:00:00,3962,4108,3923,4053,135971,0.0232264579651602
2006-03-09 00:00:00,4123,4208,3977,4030,228683,-0.005674808783617
2006-03-10 00:00:00,3985,4069,3977,4053,134536,0.0057071960297767
2006-03-13 00:00:00,4092,4192,4054,4192,125039,0.0342955835183813
2006-03-14 00:00:00,4192,4208,4092,4138,59259,-0.0128816793893129
2006-03-15 00:00:00,4154,4231,4138,4153,118262,0.0036249395843401
2006-03-16 00:00:00,4231,4354,4177,4269,119039,0.0279316156994944
2006-03-17 00:00:00,4208,4315,4192,4230,56928,-0.0091356289529164
2006-03-20 00:00:00,4285,4285,4154,4169,46142,-0.0144208037825058
2006-03-21 00:00:00,4131,4177,4062,4146,50704,-0.0055169105301031
2006-03-22 00:00:00,4115,4177,4115,4169,26307,0.0055475156777617
2006-03-23 00:00:00,4169,4485,4169,4284,179397,0.0275845526505156
2006-03-24 00:00:00,4377,4438,4223,4276,104468,-0.0018674136321195
2006-03-27 00:00:00,4277,4415,4185,4223,101742,-0.0123947614593077
2006-03-28 00:00:00,4300,4300,4085,4100,42974,-0.0291262135922329
2006-03-29 00:00:00,4031,4231,4031,4100,25957,0.0
2006-03-30 00:00:00,4223,4231,4123,4230,15634,0.0317073170731707
2006-03-31 00:00:00,4215,4315,4215,4292,41845,0.0146572104018911
2006-04-03 00:00:00,4338,4415,4231,4323,54595,0.0072227399813606
2006-04-04 00:00:00,4338,4354,4262,4307,78271,-0.0037011334721258
2006-04-05 00:00:00,4323,4323,4269,4307,162271,0.0
2006-04-06 00:00:00,4323,4323,4254,4300,38584,-0.0016252612026932
2006-04-07 00:00:00,4300,4400,4220,4290,37095,-0.0023255813953488
2006-04-10 00:00:00,4210,4590,4210,4520,47067,0.0536130536130536
2006-04-11 00:00:00,4520,4770,4470,4580,33957,0.0132743362831857
2006-04-12 00:00:00,4590,4590,4500,4580,61143,0.0
2006-04-13 00:00:00,4580,4595,4405,4580,60752,0.0
2006-04-14 00:00:00,4600,4600,4490,4580,43189,0.0
2006-04-17 00:00:00,4580,4580,4405,4405,61752,-0.0382096069868995
2006-04-18 00:00:00,4460,4500,4400,4410,50335,0.0011350737797957
2006-04-19 00:00:00,4440,4485,4350,4360,68925,-0.0113378684807256
2006-04-20 00:00:00,4260,4390,4260,4335,52851,-0.0057339449541284
2006-04-21 00:00:00,4260,4400,4260,4320,65743,-0.0034602076124568
2006-04-24 00:00:00,4320,4400,4270,4270,156819,-0.011574074074074
2006-04-25 00:00:00,4300,4300,4180,4180,124737,-0.0210772833723653
2006-04-26 00:00:00,4115,4220,4070,4070,35765,-0.0263157894736841
2006-04-27 00:00:00,4070,4225,4070,4110,54763,0.0098280098280099
2006-04-28 00:00:00,4115,4165,4005,4030,131341,-0.0194647201946471
2006-05-02 00:00:00,4030,4090,4000,4040,44322,0.0024813895781636
2006-05-03 00:00:00,4035,4240,3975,4210,91853,0.0420792079207921
2006-05-04 00:00:00,4300,4300,4100,4100,43968,-0.0261282660332541
2006-05-08 00:00:00,4150,4230,4060,4170,27382,0.0170731707317073
2006-05-09 00:00:00,4100,4245,4090,4170,28850,0.0
2006-05-10 00:00:00,4170,4285,4080,4270,269976,0.0239808153477218
2006-05-11 00:00:00,4260,4300,4220,4295,48565,0.005854800936768
2006-05-12 00:00:00,4210,4300,4190,4300,44877,0.0011641443538998
2006-05-15 00:00:00,4320,4500,4300,4420,93703,0.0279069767441859
2006-05-16 00:00:00,4500,4550,4280,4350,125721,-0.0158371040723982
2006-05-17 00:00:00,4465,4465,4300,4430,65537,0.0183908045977012
2006-05-18 00:00:00,4380,4395,4230,4280,92505,-0.0338600451467269
2006-05-19 00:00:00,4140,4330,4140,4200,55890,-0.0186915887850467
2006-05-22 00:00:00,4210,4275,4200,4250,25098,0.0119047619047618
2006-05-23 00:00:00,4200,4250,4090,4180,36082,-0.0164705882352941
2006-05-24 00:00:00,4200,4240,3980,4240,48478,0.0143540669856458
2006-05-25 00:00:00,4180,4245,4070,4070,5871,-0.0400943396226415
2006-05-26 00:00:00,4080,4150,3980,4060,11144,-0.0024570024570024
2006-05-29 00:00:00,4020,4200,4000,4000,36178,-0.0147783251231526
2006-05-30 00:00:00,4070,4070,3870,3870,89154,-0.0324999999999999
2006-06-01 00:00:00,3870,4000,3295,3785,109915,-0.0219638242894056
2006-06-02 00:00:00,3835,3835,3630,3750,55210,-0.0092470277410832
2006-06-05 00:00:00,3785,3860,3720,3745,13365,-0.0013333333333332
2006-06-07 00:00:00,3620,3725,3540,3540,40675,-0.0547396528704939
2006-06-08 00:00:00,3550,3600,3475,3595,12352,0.0155367231638419
2006-06-09 00:00:00,3630,3700,3525,3570,33322,-0.0069541029207231
2006-06-12 00:00:00,3560,4000,3560,3615,20702,0.0126050420168066
2006-06-13 00:00:00,3615,3620,3500,3530,17415,-0.0235131396957123
2006-06-14 00:00:00,3620,3625,3100,3435,40204,-0.0269121813031161
2006-06-15 00:00:00,3490,3585,3310,3320,85694,-0.0334788937409025
2006-06-16 00:00:00,3370,3480,3275,3295,97245,-0.0075301204819276
2006-06-19 00:00:00,3295,3365,3250,3330,21979,0.0106221547799696
2006-06-20 00:00:00,3300,3330,3200,3245,43624,-0.0255255255255255
2006-06-21 00:00:00,3245,3365,3230,3235,17615,-0.0030816640986132
2006-06-22 00:00:00,3290,3450,3240,3450,36085,0.0664605873261205
2006-06-23 00:00:00,3455,3455,3325,3430,7944,-0.0057971014492753
2006-06-26 00:00:00,3355,3435,3355,3410,14148,-0.0058309037900874
2006-06-27 00:00:00,3445,3475,3380,3475,27051,0.0190615835777125
2006-06-28 00:00:00,3450,3530,3400,3485,38995,0.0028776978417266
2006-06-29 00:00:00,3480,3630,3480,3610,71961,0.0358680057388809
2006-06-30 00:00:00,3630,3700,3580,3590,15648,-0.005540166204986
2006-07-03 00:00:00,3580,3630,3495,3560,35114,-0.0083565459610027
2006-07-04 00:00:00,3550,3675,3455,3550,42057,-0.0028089887640448
2006-07-05 00:00:00,3500,3540,3445,3500,21205,-0.0140845070422535
2006-07-06 00:00:00,3450,3520,3400,3470,11505,-0.0085714285714285
2006-07-07 00:00:00,3545,3545,3450,3490,11026,0.005763688760806999
2006-07-10 00:00:00,3480,4010,3450,3695,30988,0.0587392550143266
2006-07-11 00:00:00,3555,3660,3555,3625,5313,-0.0189445196211096
2006-07-12 00:00:00,3590,3695,3590,3650,10170,0.0068965517241379
2006-07-13 00:00:00,3530,3630,3530,3560,4853,-0.0246575342465753
2006-07-14 00:00:00,3500,3620,3450,3470,23682,-0.0252808988764045
2006-07-18 00:00:00,3470,3590,3420,3510,11402,0.0115273775216138
2006-07-19 00:00:00,3620,3620,3415,3495,27140,-0.0042735042735042
2006-07-20 00:00:00,3500,3600,3500,3530,11156,0.0100143061516451
2006-07-21 00:00:00,3530,3550,3510,3550,2346,0.0056657223796034
2006-07-24 00:00:00,3550,3580,3455,3480,7534,-0.0197183098591549
2006-07-25 00:00:00,3520,3630,3500,3520,9313,0.0114942528735633
2006-07-26 00:00:00,3525,3555,3520,3540,22829,0.0056818181818181
2006-07-27 00:00:00,3545,3645,3545,3580,8249,0.0112994350282484
2006-07-28 00:00:00,3590,3695,3590,3695,35382,0.032122905027933
2006-07-31 00:00:00,3695,3795,3650,3750,9971,0.0148849797023005
2006-08-01 00:00:00,4100,4100,3830,3850,78877,0.0266666666666666
2006-08-02 00:00:00,3930,3930,3830,3890,25802,0.0103896103896103
2006-08-03 00:00:00,3900,3900,3800,3810,18217,-0.0205655526992287
2006-08-04 00:00:00,3755,3945,3755,3765,24825,-0.0118110236220472
2006-08-07 00:00:00,3760,3840,3760,3765,15865,0.0
2006-08-08 00:00:00,3785,3785,3750,3760,8774,-0.0013280212483399
2006-08-09 00:00:00,3800,3800,3740,3785,10694,0.0066489361702126
2006-08-10 00:00:00,3750,3800,3750,3760,13450,-0.0066050198150594
2006-08-11 00:00:00,3765,3970,3765,3920,35958,0.0425531914893617
2006-08-14 00:00:00,3920,4045,3830,3935,75295,0.0038265306122449
2006-08-16 00:00:00,3940,4050,3870,4000,51913,0.0165184243964422
2006-08-17 00:00:00,4030,4035,3950,4000,21252,0.0
2006-08-18 00:00:00,3990,4000,3950,3955,22735,-0.0112499999999999
2006-08-21 00:00:00,3960,3970,3905,3935,23023,-0.0050568900126422
2006-08-22 00:00:00,3900,3965,3900,3935,13437,0.0
2006-08-23 00:00:00,3935,3970,3895,3945,57281,0.0025412960609911
2006-08-24 00:00:00,3915,3955,3890,3940,31598,-0.0012674271229404
2006-08-25 00:00:00,3940,4095,3940,4045,99023,0.0266497461928933
2006-08-28 00:00:00,4050,4100,4000,4060,49287,0.0037082818294189
2006-08-29 00:00:00,4060,4185,4010,4100,89780,0.0098522167487684
2006-08-30 00:00:00,4095,4110,4050,4055,85115,-0.0109756097560975
2006-08-31 00:00:00,4030,4105,4030,4100,24124,0.0110974106041923
2006-09-01 00:00:00,4140,4140,4015,4050,19192,-0.0121951219512195
2006-09-04 00:00:00,4175,4345,4170,4180,84420,0.0320987654320987
2006-09-05 00:00:00,4195,4315,4150,4205,94463,0.005980861244019
2006-09-06 00:00:00,4240,4240,4150,4195,42267,-0.0023781212841854
2006-09-07 00:00:00,4180,4200,4060,4150,39051,-0.0107270560190703
2006-09-08 00:00:00,4115,4220,4115,4185,40676,0.0084337349397589
2006-09-11 00:00:00,4190,4230,4155,4170,32211,-0.003584229390681
2006-09-12 00:00:00,4170,4175,4040,4080,27208,-0.0215827338129496
2006-09-13 00:00:00,4080,4145,4050,4080,40084,0.0
2006-09-14 00:00:00,4080,4115,4005,4115,34356,0.0085784313725489
2006-09-15 00:00:00,4100,4200,4100,4200,53021,0.0206561360874848
2006-09-18 00:00:00,4200,4335,4200,4315,94875,0.0273809523809522
2006-09-19 00:00:00,4315,4340,4290,4335,83665,0.0046349942062573
2006-09-20 00:00:00,4310,4455,4265,4390,63337,0.0126874279123414
2006-09-21 00:00:00,4390,4495,4305,4465,92259,0.0170842824601367
2006-09-22 00:00:00,4465,4465,4370,4435,51378,-0.0067189249720044
2006-09-25 00:00:00,4450,4490,4380,4460,92085,0.0056369785794814
2006-09-26 00:00:00,4420,4485,4385,4425,57240,-0.0078475336322869
2006-09-27 00:00:00,4495,4495,4380,4450,49192,0.0056497175141243
2006-09-28 00:00:00,4480,4570,4410,4480,45322,0.0067415730337079
2006-09-29 00:00:00,4480,4590,4480,4520,65123,0.0089285714285713
2006-10-02 00:00:00,4600,4600,4410,4455,41784,-0.0143805309734513
2006-10-04 00:00:00,4350,4440,4320,4380,38890,-0.0168350168350168
2006-10-09 00:00:00,4425,4425,4000,4110,120298,-0.0616438356164383
2006-10-10 00:00:00,4055,4300,4055,4245,86617,0.032846715328467
2006-10-11 00:00:00,4210,4270,4200,4245,25981,0.0
2006-10-12 00:00:00,4245,4435,4245,4300,35711,0.0129564193168434
2006-10-13 00:00:00,4305,4430,4300,4400,38975,0.0232558139534884
2006-10-16 00:00:00,4440,4440,4270,4400,21866,0.0
2006-10-17 00:00:00,4375,4450,4200,4360,47054,-0.009090909090909
2006-10-18 00:00:00,4305,4400,4295,4400,24120,0.0091743119266054
2006-10-19 00:00:00,4390,4460,4350,4380,11497,-0.0045454545454545
2006-10-20 00:00:00,4340,4440,4000,4335,102993,-0.0102739726027397
2006-10-23 00:00:00,4330,4395,4300,4350,54406,0.0034602076124568
2006-10-24 00:00:00,4380,4400,4305,4365,49072,0.0034482758620688
2006-10-25 00:00:00,4430,4530,4410,4470,76019,0.0240549828178693
2006-10-26 00:00:00,4495,4500,4410,4410,17503,-0.0134228187919462
2006-10-27 00:00:00,4460,4460,4350,4380,62147,-0.0068027210884353
2006-10-30 00:00:00,4290,4420,4290,4380,35627,0.0
2006-10-31 00:00:00,4420,4420,4320,4395,37343,0.0034246575342464
2006-11-01 00:00:00,4330,4440,4330,4350,25956,-0.0102389078498293
2006-11-02 00:00:00,4315,4375,4315,4330,34274,-0.0045977011494252
2006-11-03 00:00:00,4400,4400,4320,4380,85809,0.0115473441108544
2006-11-06 00:00:00,4430,4430,4200,4270,55294,-0.0251141552511415
2006-11-07 00:00:00,4305,4305,4140,4170,88236,-0.0234192037470726
2006-11-08 00:00:00,4170,4790,3705,4040,203291,-0.0311750599520383
2006-11-09 00:00:00,4070,4140,3980,4090,47077,0.0123762376237623
2006-11-10 00:00:00,4085,4160,4025,4090,54107,0.0
2006-11-13 00:00:00,4090,4225,4090,4200,105863,0.0268948655256724
2006-11-14 00:00:00,4230,4270,3850,3900,308012,-0.0714285714285714
2006-11-15 00:00:00,3905,3970,3800,3900,120113,0.0
2006-11-16 00:00:00,3900,3945,3800,3840,101082,-0.0153846153846153
2006-11-17 00:00:00,3840,3880,3780,3840,104289,0.0
2006-11-20 00:00:00,3850,3850,3795,3825,62202,-0.00390625
2006-11-21 00:00:00,3825,3920,3805,3910,56183,0.0222222222222221
2006-11-22 00:00:00,3880,4040,3880,3970,77351,0.0153452685421995
2006-11-23 00:00:00,4000,4000,3905,3910,56876,-0.0151133501259446
2006-11-24 00:00:00,3910,3975,3820,3845,80649,-0.0166240409207161
2006-11-27 00:00:00,3845,3875,3810,3820,27044,-0.0065019505851755
2006-11-28 00:00:00,3820,3820,3740,3770,81267,-0.013089005235602
2006-11-29 00:00:00,3755,3840,3755,3840,52296,0.0185676392572944
2006-11-30 00:00:00,3840,3935,3840,3915,35664,0.01953125
2006-12-01 00:00:00,3890,3935,3870,3890,31175,-0.0063856960408684
2006-12-04 00:00:00,3890,3890,3860,3860,25010,-0.0077120822622107
2006-12-05 00:00:00,3860,3915,3820,3820,37193,-0.0103626943005181
2006-12-06 00:00:00,3865,3865,3755,3770,40459,-0.013089005235602
2006-12-07 00:00:00,3790,3790,3650,3705,56871,-0.0172413793103448
2006-12-08 00:00:00,3735,3735,3675,3700,21140,-0.0013495276653171
2006-12-11 00:00:00,3700,3740,3665,3700,50412,0.0
2006-12-12 00:00:00,3735,3735,3660,3700,82208,0.0
2006-12-13 00:00:00,3700,3720,3675,3720,48919,0.0054054054054053
2006-12-14 00:00:00,3720,3840,3710,3835,49121,0.0309139784946237
2006-12-15 00:00:00,3885,3885,3800,3825,37344,-0.0026075619295958
2006-12-18 00:00:00,3870,3870,3805,3825,31134,0.0
2006-12-19 00:00:00,3825,3870,3800,3800,24944,-0.0065359477124182
2006-12-20 00:00:00,3820,3850,3790,3830,83315,0.0078947368421051
2006-12-21 00:00:00,3860,3870,3815,3830,65595,0.0
2006-12-22 00:00:00,3805,3880,3800,3830,22873,0.0
2006-12-26 00:00:00,3810,3845,3765,3770,53506,-0.0156657963446474
2006-12-27 00:00:00,3700,3750,3650,3690,20268,-0.0212201591511936
2006-12-28 00:00:00,3700,3740,3675,3675,32422,-0.0040650406504064
2007-01-02 00:00:00,3680,3725,3660,3680,42601,0.0013605442176871
2007-01-03 00:00:00,3705,3770,3700,3700,106232,0.0054347826086955
2007-01-04 00:00:00,3700,3700,3640,3660,61135,-0.0108108108108108
2007-01-05 00:00:00,3645,3680,3600,3645,53046,-0.0040983606557376
2007-01-08 00:00:00,3730,3730,3570,3595,39083,-0.0137174211248285
2007-01-09 00:00:00,3605,3645,3595,3605,45081,0.0027816411682892
2007-01-10 00:00:00,3600,3680,3470,3550,33594,-0.015256588072122
2007-01-11 00:00:00,3590,3590,3520,3550,19933,0.0
2007-01-12 00:00:00,3630,3630,3545,3555,66457,0.0014084507042253
2007-01-15 00:00:00,3555,3620,3555,3555,33115,0.0
2007-01-16 00:00:00,3555,3595,3505,3585,56840,0.0084388185654007
2007-01-17 00:00:00,3595,3595,3530,3550,24127,-0.009762900976290002
2007-01-18 00:00:00,3500,3570,3470,3530,30158,-0.0056338028169014
2007-01-19 00:00:00,3545,3545,3390,3425,48698,-0.0297450424929178
2007-01-22 00:00:00,3430,3500,3400,3400,24903,-0.0072992700729926
2007-01-23 00:00:00,3440,3445,3400,3430,62111,0.0088235294117646
2007-01-24 00:00:00,3475,3550,3430,3530,113011,0.0291545189504374
2007-01-25 00:00:00,3620,3620,3550,3590,33004,0.0169971671388102
2007-01-26 00:00:00,3590,3615,3550,3590,36387,0.0
2007-01-29 00:00:00,3600,3615,3545,3595,45653,0.0013927576601671
2007-01-30 00:00:00,3600,3615,3550,3555,23431,-0.0111265646731572
2007-01-31 00:00:00,3580,3600,3550,3595,47988,0.0112517580872011
2007-02-01 00:00:00,3595,3615,3550,3595,22719,0.0
2007-02-02 00:00:00,3595,3630,3560,3610,34836,0.0041724617524339
2007-02-05 00:00:00,3610,3720,3595,3690,86078,0.0221606648199446
2007-02-06 00:00:00,3685,3860,3670,3800,264005,0.029810298102981
2007-02-07 00:00:00,3840,3955,3790,3920,177047,0.0315789473684211
2007-02-08 00:00:00,3960,3960,3895,3910,39121,-0.0025510204081632
2007-02-09 00:00:00,3930,3930,3885,3890,55950,-0.0051150895140664
2007-02-12 00:00:00,3885,3890,3810,3865,27925,-0.006426735218509
2007-02-13 00:00:00,3865,3965,3830,3925,122223,0.0155239327296248
2007-02-14 00:00:00,3945,4100,3945,4000,119049,0.019108280254777
2007-02-15 00:00:00,4025,4040,3975,3990,49968,-0.0024999999999999
2007-02-16 00:00:00,3955,3990,3940,3975,39913,-0.0037593984962406
2007-02-20 00:00:00,3980,4030,3950,3985,32156,0.0025157232704402
2007-02-21 00:00:00,3995,4025,3980,4005,37143,0.0050188205771644
2007-02-22 00:00:00,4020,4040,3955,3985,80162,-0.0049937578027465
2007-02-23 00:00:00,3970,3985,3880,3905,79503,-0.0200752823086575
2007-02-26 00:00:00,3905,3925,3875,3925,60815,0.0051216389244557
2007-02-27 00:00:00,3990,3995,3930,3930,48276,0.0012738853503184
2007-02-28 00:00:00,3800,3860,3770,3850,104908,-0.020356234096692
2007-03-02 00:00:00,3850,4000,3820,3980,84571,0.0337662337662336
2007-03-05 00:00:00,3980,4035,3900,3900,72964,-0.0201005025125627
2007-03-06 00:00:00,3900,3975,3885,3945,56003,0.0115384615384614
2007-03-07 00:00:00,3950,4025,3950,3995,48306,0.0126742712294043
2007-03-08 00:00:00,4005,4210,4005,4195,155678,0.0500625782227783
2007-03-09 00:00:00,4260,4670,4260,4485,525481,0.06912991656734199
2007-03-12 00:00:00,4485,4580,4455,4510,156584,0.0055741360089185
2007-03-13 00:00:00,4540,4690,4530,4580,241057,0.0155210643015522
2007-03-14 00:00:00,4570,4570,4425,4540,154895,-0.0087336244541484
2007-03-15 00:00:00,4600,4855,4500,4680,459283,0.0308370044052863
2007-03-16 00:00:00,4800,4800,4600,4670,199240,-0.0021367521367521
2007-03-19 00:00:00,4665,4665,3975,4610,163771,-0.012847965738758002
2007-03-20 00:00:00,4610,5100,4610,4840,310007,0.0498915401301518
2007-03-21 00:00:00,4850,4995,4780,4840,262975,0.0
2007-03-22 00:00:00,4900,4900,4750,4810,177252,-0.006198347107438
2007-03-23 00:00:00,4900,5050,4770,5030,282045,0.0457380457380456
2007-03-26 00:00:00,5160,5410,5090,5280,541435,0.0497017892644136
2007-03-27 00:00:00,5280,5340,5130,5200,143932,-0.0151515151515151
2007-03-28 00:00:00,5230,5250,5050,5100,182546,-0.0192307692307692
2007-03-29 00:00:00,5090,5150,5020,5090,147300,-0.0019607843137254
2007-03-30 00:00:00,5130,5150,4990,5090,193673,0.0
2007-04-02 00:00:00,5100,5320,5100,5230,162490,0.0275049115913557
2007-04-03 00:00:00,5210,5450,5170,5410,150767,0.034416826003823994
2007-04-04 00:00:00,5520,5560,5400,5410,135537,0.0
2007-04-05 00:00:00,5410,5410,5280,5340,113659,-0.0129390018484288
2007-04-06 00:00:00,5300,5490,5300,5400,107030,0.0112359550561798
2007-04-09 00:00:00,5480,5480,5300,5380,132385,-0.0037037037037036
2007-04-10 00:00:00,5380,5790,5320,5660,197882,0.0520446096654274
2007-04-11 00:00:00,5700,5850,5610,5680,134409,0.0035335689045936
2007-04-12 00:00:00,5680,5700,5460,5500,138133,-0.0316901408450703
2007-04-13 00:00:00,5590,5590,5470,5530,76059,0.0054545454545453
2007-04-16 00:00:00,5510,5700,5490,5680,148626,0.0271247739602169
2007-04-17 00:00:00,5650,5720,5580,5620,91817,-0.0105633802816901
2007-04-18 00:00:00,5600,5700,5540,5550,86156,-0.0124555160142348
2007-04-19 00:00:00,5620,5620,5390,5480,92749,-0.0126126126126125
2007-04-20 00:00:00,5360,5540,5360,5490,133525,0.0018248175182482
2007-04-23 00:00:00,5490,5600,5330,5460,173279,-0.0054644808743169
2007-04-24 00:00:00,5400,5460,5290,5370,169284,-0.0164835164835165
2007-04-25 00:00:00,5420,5420,5200,5230,113059,-0.026070763500931
2007-04-26 00:00:00,5280,5280,5150,5180,144760,-0.0095602294455067
2007-04-27 00:00:00,5180,5250,5060,5060,124209,-0.0231660231660231
2007-04-30 00:00:00,5070,5160,5010,5130,97781,0.0138339920948615
2007-05-02 00:00:00,5190,5370,5080,5370,131503,0.0467836257309941
2007-05-03 00:00:00,5490,5590,5400,5460,144332,0.0167597765363127
2007-05-04 00:00:00,5460,5460,5310,5420,66233,-0.0073260073260073
2007-05-07 00:00:00,5410,5520,5380,5380,69843,-0.007380073800738002
2007-05-08 00:00:00,5440,5640,5400,5550,235049,0.0315985130111524
2007-05-09 00:00:00,5600,5630,5430,5470,79359,-0.0144144144144143
2007-05-10 00:00:00,5480,5530,5260,5260,92040,-0.0383912248628884
2007-05-11 00:00:00,5180,5360,5170,5350,71672,0.0171102661596957
2007-05-14 00:00:00,5300,5370,5150,5150,114110,-0.0373831775700934
2007-05-15 00:00:00,5100,5200,5000,5150,195555,0.0
2007-05-16 00:00:00,5130,5280,5060,5180,70768,0.0058252427184466
2007-05-17 00:00:00,5180,5410,5170,5400,141710,0.0424710424710423
2007-05-18 00:00:00,5410,5550,5360,5440,92387,0.0074074074074073
2007-05-21 00:00:00,5440,5870,5350,5700,226703,0.0477941176470588
2007-05-22 00:00:00,5760,6540,5760,6200,855553,0.087719298245614
2007-05-23 00:00:00,6250,6290,5950,6040,252642,-0.0258064516129031
2007-05-25 00:00:00,6140,6230,5840,6080,238587,0.0066225165562914
2007-05-28 00:00:00,6130,6460,6090,6460,297699,0.0625
2007-05-29 00:00:00,6490,6520,6010,6070,275044,-0.0603715170278638
2007-05-30 00:00:00,6170,6580,5810,6200,738668,0.0214168039538715
2007-05-31 00:00:00,6200,6340,6160,6190,243228,-0.0016129032258064
2007-06-01 00:00:00,6300,6300,5820,5970,295191,-0.03554119547657498
2007-06-04 00:00:00,5970,6140,5710,5790,181962,-0.0301507537688442
2007-06-05 00:00:00,5870,6110,5740,6100,264589,0.0535405872193437
2007-06-07 00:00:00,6080,6500,5900,6400,363013,0.0491803278688525
2007-06-08 00:00:00,6360,6540,6160,6250,193446,-0.0234375
2007-06-11 00:00:00,6280,6300,5970,6000,150161,-0.04
2007-06-12 00:00:00,6000,6080,5890,5900,130074,-0.0166666666666667
2007-06-13 00:00:00,5950,5970,5750,5900,163264,0.0
2007-06-14 00:00:00,5970,6050,5830,5940,156513,0.0067796610169490006
2007-06-15 00:00:00,6050,6220,5850,5980,152735,0.0067340067340067
2007-06-18 00:00:00,6050,6200,5860,5940,219083,-0.0066889632107023
2007-06-19 00:00:00,6170,6310,6060,6260,328406,0.0538720538720538
2007-06-20 00:00:00,6400,6500,5860,5860,355092,-0.0638977635782748
2007-06-21 00:00:00,5850,6040,5800,5940,112457,0.0136518771331057
2007-06-22 00:00:00,6120,6120,5800,5810,146622,-0.0218855218855218
2007-06-25 00:00:00,5750,5920,5600,5800,128300,-0.0017211703958691
2007-06-26 00:00:00,5790,5860,5470,5510,153932,-0.05
2007-06-27 00:00:00,5460,5560,5350,5390,131619,-0.0217785843920145
2007-06-28 00:00:00,5420,5600,5380,5450,96602,0.0111317254174396
2007-06-29 00:00:00,5560,5610,5380,5500,237966,0.0091743119266054
2007-07-02 00:00:00,5500,5500,5400,5480,109937,-0.0036363636363636
2007-07-03 00:00:00,5460,5670,5460,5630,179263,0.0273722627737227
2007-07-04 00:00:00,5630,5820,5620,5750,144704,0.0213143872113676
2007-07-05 00:00:00,5820,5830,5620,5740,89845,-0.0017391304347825
2007-07-06 00:00:00,5740,5820,5530,5670,113676,-0.0121951219512195
2007-07-09 00:00:00,5670,5720,5580,5670,127245,0.0
2007-07-10 00:00:00,5680,6010,5660,5910,158849,0.0423280423280423
2007-07-11 00:00:00,5880,5990,5750,5940,105478,0.0050761421319796
2007-07-12 00:00:00,6060,6260,6020,6160,245353,0.0370370370370369
2007-07-13 00:00:00,6220,6350,6150,6270,191042,0.0178571428571427
2007-07-16 00:00:00,6240,6900,6200,6800,328544,0.0845295055821371
2007-07-18 00:00:00,6800,6970,6590,6880,242468,0.0117647058823529
2007-07-19 00:00:00,6950,7380,6900,7250,313189,0.0537790697674418
2007-07-20 00:00:00,7330,7550,7060,7250,147837,0.0
2007-07-23 00:00:00,7250,7330,6920,7030,118555,-0.0303448275862069
2007-07-24 00:00:00,7170,7170,6550,6990,131399,-0.0056899004267425
2007-07-25 00:00:00,6970,7190,6870,7170,84614,0.0257510729613734
2007-07-26 00:00:00,7170,7250,6750,6750,128276,-0.0585774058577406
2007-07-27 00:00:00,6510,6700,6390,6480,110605,-0.04
2007-07-30 00:00:00,6480,6670,6420,6600,42956,0.0185185185185186
2007-07-31 00:00:00,6630,6750,6560,6600,49059,0.0
2007-08-01 00:00:00,6460,6600,6150,6300,67184,-0.0454545454545454
2007-08-02 00:00:00,6390,6470,6100,6360,90518,0.0095238095238094
2007-08-03 00:00:00,6490,6620,6260,6600,87404,0.0377358490566037
2007-08-06 00:00:00,6590,6600,6290,6400,51292,-0.0303030303030302
2007-08-07 00:00:00,6500,6580,6280,6340,52212,-0.009375
2007-08-08 00:00:00,6450,6450,6300,6400,47854,0.0094637223974762
2007-08-09 00:00:00,6600,6600,6400,6500,67728,0.015625
2007-08-10 00:00:00,6500,6500,6300,6350,33844,-0.0230769230769231
2007-08-13 00:00:00,6410,6420,6150,6280,60224,-0.011023622047244
2007-08-14 00:00:00,6300,6350,5980,6110,74884,-0.0270700636942675
2007-08-16 00:00:00,5520,6000,5410,5590,114861,-0.0851063829787234
2007-08-17 00:00:00,5520,6120,5460,5540,42782,-0.0089445438282647
2007-08-20 00:00:00,5620,5940,5620,5830,79254,0.0523465703971119
2007-08-21 00:00:00,5800,6000,5800,5830,32865,0.0
2007-08-22 00:00:00,5850,6160,5850,6100,62734,0.0463121783876501
2007-08-23 00:00:00,6100,6250,6070,6080,63952,-0.0032786885245901
2007-08-24 00:00:00,6090,6190,5910,6040,24867,-0.006578947368420999
2007-08-27 00:00:00,6080,6350,6080,6190,72869,0.0248344370860926
2007-08-28 00:00:00,5930,6240,5930,6050,60320,-0.0226171243941841
2007-08-29 00:00:00,5830,6160,5830,6140,52058,0.0148760330578512
2007-08-30 00:00:00,6220,6300,6110,6210,43489,0.011400651465798
2007-08-31 00:00:00,6240,6250,6010,6230,53326,0.0032206119162641
2007-09-03 00:00:00,6240,6350,6140,6200,33824,-0.0048154093097912
2007-09-04 00:00:00,6140,6320,6020,6150,88739,-0.0080645161290322
2007-09-05 00:00:00,6150,6250,5960,6020,47381,-0.0211382113821138
2007-09-06 00:00:00,5870,6200,5860,6200,49251,0.0299003322259137
2007-09-07 00:00:00,6150,6200,5990,6100,53083,-0.0161290322580645
2007-09-10 00:00:00,5930,6100,5810,6060,45266,-0.0065573770491803
2007-09-11 00:00:00,6020,6380,6020,6300,90322,0.0396039603960396
2007-09-12 00:00:00,6330,6330,6090,6190,43859,-0.0174603174603175
2007-09-13 00:00:00,6290,6290,6000,6180,36700,-0.0016155088852988
2007-09-14 00:00:00,6250,6430,6150,6250,106216,0.0113268608414238
2007-09-17 00:00:00,6310,6310,6020,6190,74859,-0.0096
2007-09-18 00:00:00,6160,6350,6160,6200,53460,0.0016155088852989
2007-09-19 00:00:00,6320,6350,6170,6280,35027,0.0129032258064516
2007-09-20 00:00:00,6240,6320,6160,6180,45409,-0.0159235668789808
2007-09-21 00:00:00,6180,6180,5980,5990,69786,-0.0307443365695793
2007-09-27 00:00:00,6040,6170,5800,6010,56862,0.0033388981636059
2007-09-28 00:00:00,6010,6020,5950,6000,26227,-0.0016638935108153
2007-10-01 00:00:00,6020,6020,5910,6020,36583,0.0033333333333334
2007-10-02 00:00:00,6110,6110,5810,5820,63298,-0.0332225913621262
2007-10-04 00:00:00,5900,5900,5510,5640,91168,-0.0309278350515463
2007-10-05 00:00:00,5640,5690,5450,5600,56037,-0.0070921985815602
2007-10-08 00:00:00,5700,5700,5420,5460,86158,-0.025
2007-10-09 00:00:00,5460,5520,4995,5140,358090,-0.0586080586080586
2007-10-10 00:00:00,5270,5400,5170,5360,76289,0.0428015564202335
2007-10-11 00:00:00,5400,5480,5250,5250,58855,-0.0205223880597015
2007-10-12 00:00:00,5220,5330,5090,5220,65306,-0.0057142857142856
2007-10-15 00:00:00,5240,5280,5060,5210,94127,-0.0019157088122605
2007-10-16 00:00:00,5120,5200,4765,4920,188593,-0.055662188099808
2007-10-17 00:00:00,4920,4995,4825,4945,60209,0.0050813008130081
2007-10-18 00:00:00,4945,5260,4945,5150,33576,0.0414560161779575
2007-10-19 00:00:00,5210,5290,5100,5200,38939,0.0097087378640776
2007-10-22 00:00:00,5060,5060,4940,5000,47357,-0.0384615384615384
2007-10-23 00:00:00,5010,5270,5010,5200,54961,0.04
2007-10-24 00:00:00,5250,5360,5080,5250,48191,0.0096153846153845
2007-10-25 00:00:00,5160,5390,5160,5260,32537,0.0019047619047618
2007-10-26 00:00:00,5280,5380,5200,5380,26560,0.0228136882129277
2007-10-29 00:00:00,5380,5840,5350,5650,116640,0.0501858736059479
2007-10-30 00:00:00,5770,5770,5520,5670,23151,0.0035398230088494
2007-10-31 00:00:00,5550,5690,5480,5630,32726,-0.0070546737213403
2007-11-01 00:00:00,5530,5630,5470,5500,28621,-0.0230905861456482
2007-11-02 00:00:00,5440,5440,5300,5380,32346,-0.0218181818181818
2007-11-05 00:00:00,5380,5430,5240,5350,21153,-0.0055762081784386
2007-11-06 00:00:00,5400,5410,5300,5410,21022,0.0112149532710279
2007-11-07 00:00:00,5450,5520,5300,5370,99314,-0.0073937153419593
2007-11-08 00:00:00,5300,5370,5170,5270,27219,-0.0186219739292364
2007-11-09 00:00:00,5250,5250,5040,5240,35689,-0.0056925996204933
2007-11-12 00:00:00,5050,5190,4940,5090,48748,-0.0286259541984732
2007-11-13 00:00:00,5050,5240,4990,5010,10401,-0.0157170923379175
2007-11-14 00:00:00,5050,5170,5000,5020,18861,0.0019960079840319
2007-11-15 00:00:00,5030,5120,4990,5070,17811,0.0099601593625497
2007-11-16 00:00:00,5080,5100,4925,5040,23668,-0.0059171597633136
2007-11-19 00:00:00,5070,5070,4900,4900,34595,-0.0277777777777777
2007-11-20 00:00:00,4720,4895,4685,4790,36117,-0.0224489795918367
2007-11-21 00:00:00,4750,4780,4575,4575,32150,-0.0448851774530271
2007-11-22 00:00:00,4405,4540,4405,4500,49716,-0.0163934426229508
2007-11-23 00:00:00,4460,4575,4400,4565,27475,0.0144444444444444
2007-11-26 00:00:00,4495,4750,4495,4590,21515,0.0054764512595837
2007-11-27 00:00:00,4590,4660,4480,4660,36107,0.0152505446623094
2007-11-28 00:00:00,4720,4790,4565,4565,8331,-0.0203862660944206
2007-11-29 00:00:00,4580,4680,4560,4595,20301,0.0065717415115005
2007-11-30 00:00:00,4595,4650,4545,4575,21667,-0.0043525571273123
2007-12-03 00:00:00,4575,4645,4545,4600,26553,0.0054644808743169
2007-12-04 00:00:00,4650,4650,4550,4600,24084,0.0
2007-12-05 00:00:00,4625,4625,4510,4585,27291,-0.0032608695652174
2007-12-06 00:00:00,4620,4950,4550,4935,67413,0.0763358778625953
2007-12-07 00:00:00,4935,4950,4850,4925,15563,-0.0020263424518743
2007-12-10 00:00:00,4970,5120,4900,4990,38244,0.0131979695431472
2007-12-11 00:00:00,5050,5070,4810,4875,65528,-0.0230460921843687
2007-12-12 00:00:00,4875,4890,4685,4885,50208,0.0020512820512821
2007-12-13 00:00:00,4915,4915,4815,4885,5766,0.0
2007-12-14 00:00:00,4890,4925,4810,4920,14212,0.0071647901740019
2007-12-17 00:00:00,4845,5000,4845,4950,14727,0.0060975609756097
2007-12-18 00:00:00,4840,4950,4840,4900,6418,-0.01010101010101
2007-12-20 00:00:00,4990,5010,4900,4900,15339,0.0
2007-12-21 00:00:00,4920,5000,4825,4895,16235,-0.0010204081632653
2007-12-24 00:00:00,4790,4930,4790,4895,10502,0.0
2007-12-26 00:00:00,4830,4990,4830,4910,25848,0.0030643513789581
2007-12-27 00:00:00,4850,4970,4835,4900,1955,-0.0020366598778004
2007-12-28 00:00:00,4780,4955,4780,4800,8006,-0.0204081632653061
2008-01-02 00:00:00,4810,4880,4800,4875,10602,0.015625
2008-01-03 00:00:00,4750,4900,4750,4900,14874,0.0051282051282051
2008-01-04 00:00:00,4900,4900,4740,4860,13777,-0.0081632653061224
2008-01-07 00:00:00,4800,4850,4755,4785,10360,-0.015432098765432
2008-01-08 00:00:00,4775,4810,4740,4750,19001,-0.0073145245559038
2008-01-09 00:00:00,4700,4850,4670,4775,17797,0.0052631578947368
2008-01-10 00:00:00,4810,4840,4755,4785,9748,0.0020942408376962
2008-01-11 00:00:00,4830,4830,4725,4740,6837,-0.0094043887147335
2008-01-14 00:00:00,4730,4740,4600,4600,12819,-0.0295358649789029
2008-01-15 00:00:00,4810,4810,4440,4570,11517,-0.0065217391304347
2008-01-16 00:00:00,4460,4620,4460,4600,11253,0.0065645514223193
2008-01-17 00:00:00,4600,4720,4485,4630,23857,0.0065217391304348
2008-01-18 00:00:00,4550,4650,4550,4630,17255,0.0
2008-01-21 00:00:00,4630,4630,4500,4500,25155,-0.0280777537796976
2008-01-22 00:00:00,4320,4475,4200,4300,42468,-0.0444444444444444
2008-01-23 00:00:00,4310,4530,4290,4300,10978,0.0
2008-01-24 00:00:00,4300,4435,4250,4295,21837,-0.0011627906976744
2008-01-25 00:00:00,4295,4400,4255,4300,21244,0.0011641443538998
2008-01-28 00:00:00,4290,4360,4250,4255,43481,-0.0104651162790697
2008-01-29 00:00:00,4300,4350,4240,4280,19585,0.0058754406580494
2008-01-30 00:00:00,4200,4280,4150,4150,21765,-0.0303738317757009
2008-01-31 00:00:00,4150,4260,4135,4150,9772,0.0
2008-02-01 00:00:00,4230,4230,4155,4160,9676,0.0024096385542169
2008-02-04 00:00:00,4165,4390,4165,4390,17520,0.0552884615384614
2008-02-05 00:00:00,4435,4435,4305,4395,4874,0.001138952164009
2008-02-11 00:00:00,4385,4385,4310,4340,6278,-0.012514220705347
2008-02-12 00:00:00,4340,4420,4340,4350,6499,0.0023041474654377
2008-02-13 00:00:00,4435,4435,4330,4375,6305,0.0057471264367816
2008-02-14 00:00:00,4430,4430,4330,4410,12729,0.008
2008-02-15 00:00:00,4400,4415,4350,4400,15653,-0.0022675736961451
2008-02-18 00:00:00,4430,4485,4315,4410,22188,0.0022727272727272
2008-02-19 00:00:00,4470,4480,4350,4410,25134,0.0
2008-02-20 00:00:00,4415,4455,4320,4430,20168,0.0045351473922903
2008-02-21 00:00:00,4500,4500,4390,4430,3163,0.0
2008-02-22 00:00:00,4465,4500,4345,4360,4895,-0.0158013544018058
2008-02-25 00:00:00,4360,4400,4240,4320,22240,-0.0091743119266054
2008-02-26 00:00:00,4320,4340,4285,4290,19673,-0.0069444444444444
2008-02-27 00:00:00,4370,4370,4250,4290,19662,0.0
2008-02-28 00:00:00,4335,4570,4275,4460,29399,0.0396270396270397
2008-02-29 00:00:00,4540,4540,4430,4485,6008,0.0056053811659193
2008-03-03 00:00:00,4325,4485,4325,4415,22773,-0.0156075808249721
2008-03-04 00:00:00,4370,4520,4370,4375,10128,-0.0090600226500566
2008-03-05 00:00:00,4350,4400,4350,4400,13937,0.0057142857142857
2008-03-06 00:00:00,4400,4445,4370,4370,27034,-0.0068181818181818
2008-03-07 00:00:00,4290,4390,4290,4370,8309,0.0
2008-03-10 00:00:00,4400,4400,4210,4280,12747,-0.0205949656750572
2008-03-11 00:00:00,4160,4260,4160,4185,11203,-0.0221962616822429
2008-03-12 00:00:00,4215,4420,4195,4195,8344,0.002389486260454
2008-03-13 00:00:00,4200,4290,4160,4180,8342,-0.0035756853396901
2008-03-14 00:00:00,4180,4245,4165,4180,8408,0.0
2008-03-17 00:00:00,4135,4260,4035,4155,8050,-0.005980861244019
2008-03-18 00:00:00,4085,4155,4060,4135,22209,-0.0048134777376654
2008-03-19 00:00:00,4130,4200,4085,4200,7478,0.0157194679564691
2008-03-20 00:00:00,4090,4190,4080,4120,4554,-0.019047619047619
2008-03-21 00:00:00,4120,4200,4100,4130,8849,0.0024271844660195
2008-03-24 00:00:00,4130,4300,4130,4300,25744,0.0411622276029055
2008-03-25 00:00:00,4500,4560,4395,4430,20585,0.0302325581395348
2008-03-26 00:00:00,4480,4480,4390,4390,18328,-0.0090293453724604
2008-03-27 00:00:00,4485,4485,4325,4325,9164,-0.0148063781321184
2008-03-28 00:00:00,4310,4425,4290,4365,3227,0.0092485549132947
2008-03-31 00:00:00,4365,4420,4330,4400,7642,0.0080183276059564
2008-04-01 00:00:00,4400,4495,4400,4400,3906,0.0
2008-04-02 00:00:00,4470,4470,4380,4400,33422,0.0
2008-04-03 00:00:00,4480,4480,4400,4440,23773,0.009090909090909
2008-04-04 00:00:00,4420,4565,4400,4560,20298,0.0270270270270269
2008-04-07 00:00:00,4570,4780,4570,4665,54864,0.0230263157894736
2008-04-08 00:00:00,4625,4770,4550,4660,11441,-0.0010718113612003
2008-04-10 00:00:00,4510,4650,4510,4580,17233,-0.0171673819742489
2008-04-11 00:00:00,4640,4640,4550,4550,5787,-0.0065502183406113
2008-04-14 00:00:00,4550,4675,4430,4460,35143,-0.0197802197802198
2008-04-15 00:00:00,4600,4600,4450,4500,6436,0.0089686098654708
2008-04-16 00:00:00,4550,4550,4400,4510,12992,0.0022222222222221
2008-04-17 00:00:00,4510,4550,4485,4550,6562,0.0088691796008868
2008-04-18 00:00:00,4570,4620,4405,4455,15733,-0.0208791208791209
2008-04-21 00:00:00,4475,4570,4415,4500,20037,0.0101010101010101
2008-04-22 00:00:00,4355,4480,4355,4385,26289,-0.0255555555555555
2008-04-23 00:00:00,4385,4450,4350,4400,22482,0.0034207525655645
2008-04-24 00:00:00,4400,4440,4355,4390,7728,-0.0022727272727273
2008-04-25 00:00:00,4360,4440,4355,4420,23051,0.0068337129840547
2008-04-28 00:00:00,4420,4440,4350,4400,21690,-0.004524886877828
2008-04-29 00:00:00,4430,4430,4300,4390,32860,-0.0022727272727273
2008-04-30 00:00:00,4360,4440,4360,4435,22492,0.0102505694760819
2008-05-02 00:00:00,4500,4500,4430,4455,13628,0.004509582863585
2008-05-06 00:00:00,4480,4530,4410,4430,8448,-0.0056116722783389
2008-05-07 00:00:00,4490,4490,4420,4460,13391,0.0067720090293452
2008-05-08 00:00:00,4460,4480,4430,4450,9081,-0.0022421524663677
2008-05-09 00:00:00,4480,4600,4450,4545,14776,0.0213483146067414
2008-05-13 00:00:00,4560,4750,4545,4660,47800,0.0253025302530252
2008-05-14 00:00:00,4720,5350,4155,4200,3176553,-0.0987124463519313
2008-05-15 00:00:00,4230,4300,4135,4240,557331,0.0095238095238094
2008-05-16 00:00:00,4245,4270,4110,4200,156123,-0.0094339622641509
2008-05-19 00:00:00,4200,4230,4155,4155,105423,-0.0107142857142856
2008-05-20 00:00:00,4170,4280,4170,4280,71273,0.0300842358604092
2008-05-21 00:00:00,4295,4295,4190,4235,27588,-0.0105140186915887
2008-05-22 00:00:00,4235,4235,4155,4200,60153,-0.0082644628099173
2008-05-23 00:00:00,4170,4215,4160,4195,43882,-0.0011904761904761
2008-05-26 00:00:00,4175,4200,4070,4145,60120,-0.0119189511323003
2008-05-27 00:00:00,4125,4130,4070,4075,33440,-0.0168878166465621
2008-05-28 00:00:00,4080,4140,4035,4050,58013,-0.0061349693251533
2008-05-29 00:00:00,4050,4095,4045,4070,17224,0.0049382716049382
2008-05-30 00:00:00,4095,4125,4045,4095,28382,0.0061425061425062
2008-06-02 00:00:00,4100,4130,4080,4090,36767,-0.0012210012210012
2008-06-03 00:00:00,4110,4110,4050,4075,55675,-0.0036674816625916
2008-06-04 00:00:00,4075,4100,4035,4050,38725,-0.0061349693251533
2008-06-05 00:00:00,4055,4080,4015,4070,59978,0.0049382716049382
2008-06-09 00:00:00,4030,4060,3975,3995,39164,-0.0184275184275184
2008-06-10 00:00:00,4005,4015,3970,3975,30305,-0.0050062578222778
2008-06-11 00:00:00,3970,4040,3970,4030,6847,0.0138364779874213
2008-06-12 00:00:00,4030,4030,3960,3980,19274,-0.0124069478908188
2008-06-13 00:00:00,4000,4010,3930,4000,24931,0.0050251256281406
2008-06-16 00:00:00,4000,4015,3945,3990,9444,-0.0024999999999999
2008-06-17 00:00:00,3950,4040,3950,4000,7605,0.0025062656641603
2008-06-18 00:00:00,4040,4040,3950,3990,13243,-0.0024999999999999
2008-06-19 00:00:00,3980,3980,3875,3885,60729,-0.0263157894736841
2008-06-20 00:00:00,3890,3910,3860,3880,49935,-0.0012870012870013
2008-06-23 00:00:00,3880,3950,3835,3890,19791,0.0025773195876288
2008-06-24 00:00:00,3890,3930,3860,3870,8732,-0.0051413881748072
2008-06-25 00:00:00,3830,3910,3830,3910,32606,0.0103359173126615
2008-06-26 00:00:00,3910,3935,3880,3925,14300,0.0038363171355497
2008-06-27 00:00:00,3890,3920,3845,3890,25623,-0.0089171974522292
2008-06-30 00:00:00,3830,3895,3795,3795,58253,-0.0244215938303341
2008-07-01 00:00:00,3800,3810,3725,3775,58930,-0.005270092226614
2008-07-02 00:00:00,3720,3840,3620,3660,45555,-0.0304635761589403
2008-07-03 00:00:00,3655,3655,3570,3600,28920,-0.0163934426229508
2008-07-04 00:00:00,3600,3655,3570,3625,3411,0.0069444444444444
2008-07-07 00:00:00,3600,3630,3525,3555,18905,-0.0193103448275862
2008-07-08 00:00:00,3560,3560,3360,3480,65819,-0.021097046413502
2008-07-09 00:00:00,3535,3535,3430,3450,26886,-0.0086206896551723
2008-07-10 00:00:00,3415,3500,3370,3500,21573,0.0144927536231884
2008-07-11 00:00:00,3530,3685,3500,3680,2792,0.0514285714285713
2008-07-14 00:00:00,3550,3680,3550,3680,6929,0.0
2008-07-15 00:00:00,3680,3680,3515,3660,5605,-0.0054347826086956
2008-07-16 00:00:00,3605,3665,3580,3650,12481,-0.0027322404371584
2008-07-17 00:00:00,3685,3685,3575,3600,9175,-0.0136986301369863
2008-07-18 00:00:00,3620,3620,3430,3500,34402,-0.0277777777777777
2008-07-21 00:00:00,3595,3595,3420,3510,88841,0.0028571428571428
2008-07-22 00:00:00,3575,3575,3400,3400,30202,-0.0313390313390313
2008-07-23 00:00:00,3410,3500,3380,3440,50923,0.0117647058823529
2008-07-24 00:00:00,3475,3475,3400,3425,15317,-0.004360465116279
2008-07-25 00:00:00,3500,3500,3390,3395,25169,-0.0087591240875912
2008-07-28 00:00:00,3470,3470,3375,3395,148961,0.0
2008-07-29 00:00:00,3400,3400,3260,3260,54636,-0.0397643593519881
2008-07-30 00:00:00,3360,3360,3190,3190,74662,-0.0214723926380367
2008-07-31 00:00:00,3280,3300,3110,3300,254552,0.0344827586206897
2008-08-01 00:00:00,3320,3330,3250,3300,25442,0.0
2008-08-04 00:00:00,3330,3330,3270,3300,28878,0.0
2008-08-05 00:00:00,3300,3350,3270,3350,15720,0.0151515151515151
2008-08-06 00:00:00,3360,3500,3340,3475,11622,0.0373134328358208
2008-08-07 00:00:00,3475,3480,3365,3475,8872,0.0
2008-08-08 00:00:00,3480,3490,3430,3475,53666,0.0
2008-08-11 00:00:00,3590,3590,3475,3480,17167,0.0014388489208632
2008-08-12 00:00:00,3455,3590,3455,3480,17464,0.0
2008-08-13 00:00:00,3500,3530,3450,3530,30367,0.014367816091954
2008-08-14 00:00:00,3580,3590,3500,3550,36354,0.0056657223796034
2008-08-18 00:00:00,3500,3595,3500,3550,10452,0.0
2008-08-19 00:00:00,3510,3540,3450,3480,49073,-0.0197183098591549
2008-08-20 00:00:00,3480,3530,3450,3510,13006,0.0086206896551723
2008-08-21 00:00:00,3560,3560,3460,3530,86640,0.0056980056980056
2008-08-22 00:00:00,3465,3540,3460,3480,27534,-0.0141643059490085
2008-08-25 00:00:00,3430,3500,3430,3500,7966,0.0057471264367816
2008-08-26 00:00:00,3490,3500,3460,3480,20803,-0.0057142857142856
2008-08-27 00:00:00,3600,3600,3480,3550,7607,0.0201149425287356
2008-08-28 00:00:00,3600,3600,3460,3550,16263,0.0
2008-08-29 00:00:00,3520,3560,3500,3530,11207,-0.0056338028169014
2008-09-01 00:00:00,3500,3500,3400,3410,26065,-0.0339943342776204
2008-09-02 00:00:00,3445,3445,3210,3380,37497,-0.0087976539589442
2008-09-03 00:00:00,3010,3445,3010,3415,9904,0.0103550295857988
2008-09-04 00:00:00,3415,3450,3415,3445,85426,0.0087847730600292
2008-09-05 00:00:00,3300,3445,3300,3445,1431,0.0
2008-09-08 00:00:00,3445,3550,3445,3510,8143,0.0188679245283018
2008-09-09 00:00:00,3510,3550,3460,3500,48387,-0.0028490028490028
2008-09-10 00:00:00,3500,3665,3500,3590,2441,0.0257142857142858
2008-09-11 00:00:00,3550,3600,3500,3595,13787,0.0013927576601671
2008-09-12 00:00:00,3600,3780,3565,3780,9945,0.0514603616133517
2008-09-16 00:00:00,3520,3650,3500,3500,6133,-0.074074074074074
2008-09-17 00:00:00,3490,3600,3490,3550,3162,0.0142857142857142
2008-09-18 00:00:00,3520,3520,3450,3500,13654,-0.0140845070422535
2008-09-19 00:00:00,3510,3670,3505,3600,12896,0.0285714285714284
2008-09-22 00:00:00,3600,3600,3560,3565,4871,-0.0097222222222221
2008-09-23 00:00:00,3600,3600,3550,3595,1413,0.008415147265077
2008-09-24 00:00:00,3610,3610,3520,3570,3798,-0.0069541029207231
2008-09-25 00:00:00,3590,3590,3500,3585,8337,0.0042016806722688
2008-09-26 00:00:00,3595,3605,3530,3590,759,0.00139470013947
2008-09-29 00:00:00,3600,3600,3545,3560,2045,-0.0083565459610027
2008-09-30 00:00:00,3490,3500,3400,3500,18346,-0.0168539325842697
2008-10-01 00:00:00,3470,3500,3400,3500,82447,0.0
2008-10-02 00:00:00,3500,3500,3415,3455,837,-0.0128571428571429
2008-10-06 00:00:00,3400,3400,3300,3300,3404,-0.044862518089725
2008-10-07 00:00:00,3250,3250,3140,3210,17036,-0.0272727272727272
2008-10-08 00:00:00,3240,3240,3000,3150,13007,-0.0186915887850467
2008-10-09 00:00:00,3100,3200,3060,3195,8108,0.0142857142857142
2008-10-10 00:00:00,3020,3190,2850,3050,26213,-0.0453834115805946
2008-10-13 00:00:00,2945,3150,2945,3075,8602,0.0081967213114753
2008-10-14 00:00:00,3170,3170,3060,3060,69952,-0.0048780487804878
2008-10-15 00:00:00,3025,3115,3025,3070,9035,0.0032679738562091
2008-10-16 00:00:00,3000,3190,2800,2800,12787,-0.0879478827361563
2008-10-17 00:00:00,2990,2990,2740,2875,7954,0.0267857142857141
2008-10-20 00:00:00,2830,2955,2780,2955,10038,0.0278260869565216
2008-10-21 00:00:00,2805,3050,2805,2840,1927,-0.038917089678511
2008-10-22 00:00:00,2925,2925,2690,2690,7542,-0.0528169014084507
2008-10-23 00:00:00,2500,2640,2300,2325,22880,-0.1356877323420074
2008-10-24 00:00:00,2325,2670,1980,1980,74894,-0.1483870967741936
2008-10-27 00:00:00,1880,1990,1685,1900,24164,-0.0404040404040404
2008-10-28 00:00:00,1615,2000,1615,1895,204359,-0.0026315789473684
2008-10-29 00:00:00,1970,2100,1830,1835,25425,-0.0316622691292876
2008-10-30 00:00:00,1840,2110,1840,2110,50596,0.1498637602179837
2008-10-31 00:00:00,2390,2390,2100,2270,14428,0.0758293838862558
2008-11-03 00:00:00,2350,2350,2220,2290,20455,0.0088105726872247
2008-11-04 00:00:00,2250,2300,2150,2285,14872,-0.0021834061135370003
2008-11-05 00:00:00,2300,2450,2300,2310,19917,0.0109409190371991
2008-11-06 00:00:00,2295,2295,2150,2185,24712,-0.0541125541125541
2008-11-07 00:00:00,2335,2335,2135,2275,7571,0.0411899313501145
2008-11-10 00:00:00,2305,2305,2230,2300,1989,0.0109890109890109
2008-11-11 00:00:00,2300,2300,2250,2260,3366,-0.017391304347826
2008-11-12 00:00:00,2265,2270,2240,2270,25330,0.0044247787610618
2008-11-13 00:00:00,2230,2230,2120,2160,8155,-0.0484581497797357
2008-11-14 00:00:00,2130,2370,2130,2150,38464,-0.0046296296296296
2008-11-17 00:00:00,2220,2220,2045,2055,125844,-0.0441860465116279
2008-11-18 00:00:00,2055,2090,2010,2090,24215,0.0170316301703163
2008-11-19 00:00:00,2090,2090,2010,2030,4550,-0.0287081339712919
2008-11-20 00:00:00,1950,1980,1830,1940,15327,-0.044334975369458005
2008-11-21 00:00:00,1940,2100,1890,2100,19214,0.0824742268041236
2008-11-24 00:00:00,2055,2100,1985,1985,28013,-0.0547619047619047
2008-11-25 00:00:00,2050,2050,1965,1970,24686,-0.0075566750629723
2008-11-26 00:00:00,2000,2050,1960,2050,15454,0.0406091370558374
2008-11-27 00:00:00,2030,2135,2030,2135,33850,0.0414634146341463
2008-11-28 00:00:00,2100,2200,2100,2160,6460,0.0117096018735363
2008-12-01 00:00:00,2190,2190,2100,2120,13408,-0.0185185185185184
2008-12-02 00:00:00,2110,2120,1960,2120,2148,0.0
2008-12-03 00:00:00,2100,2140,2100,2110,5860,-0.0047169811320755
2008-12-04 00:00:00,2115,2165,2060,2095,13181,-0.0071090047393365
2008-12-05 00:00:00,2100,2100,2090,2095,2488,0.0
2008-12-08 00:00:00,2120,2190,2105,2160,156990,0.0310262529832936
2008-12-09 00:00:00,2185,2230,2135,2180,25317,0.0092592592592593
2008-12-10 00:00:00,2200,2260,2140,2215,111384,0.0160550458715595
2008-12-11 00:00:00,2280,2440,2230,2360,54167,0.0654627539503385
2008-12-12 00:00:00,2295,2400,2280,2300,21958,-0.0254237288135593
2008-12-15 00:00:00,2375,2530,2375,2410,34770,0.0478260869565216
2008-12-16 00:00:00,2480,2480,2360,2425,61394,0.0062240663900414
2008-12-17 00:00:00,2480,2480,2310,2440,15244,0.0061855670103092
2008-12-18 00:00:00,2440,2480,2360,2420,12023,-0.0081967213114754
2008-12-19 00:00:00,2430,2430,2380,2400,6199,-0.0082644628099173
2008-12-22 00:00:00,2460,2600,2350,2465,28646,0.0270833333333333
2008-12-23 00:00:00,2430,2460,2375,2460,692,-0.0020283975659228
2008-12-24 00:00:00,2400,2425,2250,2330,1979,-0.0528455284552845
2008-12-26 00:00:00,2310,2400,2310,2390,14179,0.0257510729613734
2008-12-29 00:00:00,2305,2345,2265,2345,778,-0.0188284518828452
2008-12-30 00:00:00,2375,2375,2260,2290,2391,-0.023454157782516003
2009-01-02 00:00:00,2340,2360,2215,2250,10782,-0.0174672489082969
2009-01-05 00:00:00,2320,2320,2240,2275,2061,0.011111111111111
2009-01-06 00:00:00,2260,2370,2260,2345,7326,0.0307692307692306
2009-01-07 00:00:00,2315,2680,2315,2530,25590,0.0788912579957357
2009-01-08 00:00:00,2480,2495,2385,2420,12921,-0.0434782608695651
2009-01-09 00:00:00,2475,2500,2400,2435,8119,0.006198347107438
2009-01-12 00:00:00,2430,2430,2315,2315,7908,-0.0492813141683777
2009-01-13 00:00:00,2270,2375,2260,2375,15763,0.0259179265658746
2009-01-14 00:00:00,2310,2400,2310,2375,2477,0.0
2009-01-15 00:00:00,2300,2325,2200,2205,6183,-0.07157894736842099
2009-01-16 00:00:00,2250,2535,2120,2260,27748,0.0249433106575964
2009-01-19 00:00:00,2340,2340,2260,2300,12372,0.0176991150442478
2009-01-20 00:00:00,2325,2325,2260,2300,9930,0.0
2009-01-21 00:00:00,2250,2290,2165,2260,15155,-0.017391304347826
2009-01-22 00:00:00,2260,2285,2200,2255,21998,-0.0022123893805309
2009-01-23 00:00:00,2245,2245,2175,2200,11819,-0.024390243902439
2009-01-28 00:00:00,2200,2250,2200,2250,21101,0.0227272727272727
2009-01-29 00:00:00,2270,2300,2200,2270,27233,0.0088888888888889
2009-01-30 00:00:00,2270,2270,2200,2235,9970,-0.0154185022026431
2009-02-02 00:00:00,2240,2280,2205,2220,26724,-0.0067114093959731
2009-02-03 00:00:00,2260,2260,2210,2215,7518,-0.0022522522522522
2009-02-04 00:00:00,2265,2330,2220,2300,37903,0.0383747178329572
2009-02-05 00:00:00,2300,2325,2240,2275,21970,-0.0108695652173913
2009-02-06 00:00:00,2330,2380,2295,2355,45796,0.0351648351648352
2009-02-09 00:00:00,2380,2455,2380,2420,23850,0.0276008492569002
2009-02-10 00:00:00,2430,2775,2420,2560,165107,0.0578512396694215
2009-02-11 00:00:00,2505,2840,2500,2780,91284,0.0859375
2009-02-12 00:00:00,2780,2780,2650,2655,26214,-0.0449640287769784
2009-02-13 00:00:00,2655,2700,2530,2685,47020,0.0112994350282484
2009-02-16 00:00:00,2685,2685,2585,2635,20794,-0.0186219739292364
2009-02-17 00:00:00,2620,2620,2480,2590,24141,-0.01707779886148
2009-02-18 00:00:00,2570,2585,2475,2545,2205,-0.0173745173745173
2009-02-19 00:00:00,2490,2925,2450,2485,168066,-0.0235756385068762
2009-02-20 00:00:00,2480,2490,2270,2390,23448,-0.0382293762575453
2009-02-23 00:00:00,2390,2400,2305,2390,8762,0.0
2009-02-24 00:00:00,2255,2370,2230,2245,19603,-0.0606694560669456
2009-02-25 00:00:00,2255,2320,2210,2210,10721,-0.0155902004454342
2009-02-26 00:00:00,2260,2275,2210,2260,27620,0.0226244343891401
2009-02-27 00:00:00,2275,2285,2220,2280,7280,0.0088495575221239
2009-03-02 00:00:00,2320,2320,2150,2215,9250,-0.0285087719298245
2009-03-03 00:00:00,2130,2270,1885,2270,18222,0.0248306997742664
2009-03-04 00:00:00,2250,2295,2165,2280,5424,0.0044052863436123
2009-03-05 00:00:00,2360,2435,2235,2360,31725,0.0350877192982457
2009-03-06 00:00:00,2260,2425,2260,2380,7894,0.0084745762711864
2009-03-09 00:00:00,2345,2380,2310,2355,5666,-0.0105042016806722
2009-03-10 00:00:00,2355,2435,2340,2355,14815,0.0
2009-03-11 00:00:00,2360,2450,2355,2420,27103,0.0276008492569002
2009-03-12 00:00:00,2420,2465,2400,2420,6854,0.0
2009-03-13 00:00:00,2450,2550,2420,2425,10013,0.0020661157024792
2009-03-16 00:00:00,2410,2520,2410,2520,19744,0.0391752577319588
2009-03-17 00:00:00,2550,2550,2450,2515,17504,-0.0019841269841269
2009-03-18 00:00:00,2500,2545,2480,2495,7639,-0.0079522862823061
2009-03-19 00:00:00,2515,2585,2490,2585,27967,0.0360721442885771
2009-03-20 00:00:00,2555,2635,2545,2635,12500,0.0193423597678916
2009-03-23 00:00:00,2635,2735,2635,2735,13233,0.0379506641366222
2009-03-24 00:00:00,2735,2810,2640,2650,49175,-0.0310786106032906
2009-03-25 00:00:00,2730,2740,2560,2730,8920,0.030188679245283
2009-03-26 00:00:00,2740,2790,2700,2755,11881,0.0091575091575091
2009-03-27 00:00:00,2730,2790,2715,2715,2954,-0.0145190562613429
2009-03-30 00:00:00,2730,2745,2590,2600,28016,-0.0423572744014733
2009-03-31 00:00:00,2565,2750,2565,2745,18071,0.0557692307692307
2009-04-01 00:00:00,2745,2790,2690,2790,12113,0.0163934426229508
2009-04-02 00:00:00,2810,2890,2790,2870,15721,0.028673835125448
2009-04-03 00:00:00,2870,3180,2810,3120,53049,0.0871080139372821
2009-04-06 00:00:00,3100,3140,3035,3065,17877,-0.0176282051282051
2009-04-07 00:00:00,3180,3250,3000,3240,23637,0.0570962479608483
2009-04-08 00:00:00,3155,3225,3075,3175,28231,-0.0200617283950617
2009-04-09 00:00:00,3175,3375,3150,3355,30013,0.0566929133858267
2009-04-10 00:00:00,3325,3390,3305,3390,23604,0.0104321907600595
2009-04-13 00:00:00,3355,3460,3355,3420,14220,0.0088495575221239
2009-04-14 00:00:00,3420,3455,3340,3340,15401,-0.023391812865497
2009-04-15 00:00:00,3305,3370,3200,3245,8018,-0.0284431137724551
2009-04-16 00:00:00,3240,3435,3240,3350,20442,0.0323574730354392
2009-04-17 00:00:00,3350,3455,3250,3335,8300,-0.0044776119402984
2009-04-20 00:00:00,3335,3335,3200,3295,3139,-0.0119940029985007
2009-04-21 00:00:00,3290,3290,3160,3280,12337,-0.0045523520485584
2009-04-22 00:00:00,3280,3340,3200,3305,10482,0.0076219512195121
2009-04-23 00:00:00,3255,3390,3250,3290,9887,-0.0045385779122542
2009-04-24 00:00:00,3375,3375,3245,3280,8321,-0.0030395136778115
2009-04-27 00:00:00,3280,3365,3170,3200,9123,-0.024390243902439
2009-04-28 00:00:00,3230,3290,3100,3150,8004,-0.015625
2009-04-29 00:00:00,3090,3180,3030,3175,8611,0.0079365079365079
2009-04-30 00:00:00,3175,3245,3130,3230,16084,0.0173228346456693
2009-05-04 00:00:00,3250,3300,3190,3265,21857,0.0108359133126934
2009-05-06 00:00:00,3265,3365,3245,3315,23194,0.0153139356814702
2009-05-07 00:00:00,3380,3390,3205,3245,15339,-0.0211161387631976
2009-05-08 00:00:00,3315,3315,3170,3220,4820,-0.007704160246533
2009-05-11 00:00:00,3310,3310,3155,3195,6725,-0.0077639751552794
2009-05-12 00:00:00,3195,3195,3055,3105,16214,-0.028169014084507005
2009-05-13 00:00:00,3195,3195,3120,3170,6754,0.0209339774557166
2009-05-14 00:00:00,3170,3190,3100,3130,4218,-0.0126182965299684
2009-05-15 00:00:00,3100,3235,3100,3200,8249,0.0223642172523961
2009-05-18 00:00:00,3195,3235,3080,3180,18460,-0.0062499999999999
2009-05-19 00:00:00,3200,3290,3185,3280,22968,0.0314465408805031
2009-05-20 00:00:00,3210,3420,3210,3380,17918,0.0304878048780488
2009-05-21 00:00:00,3380,3460,3300,3380,27890,0.0
2009-05-22 00:00:00,3380,3530,3380,3515,14426,0.0399408284023667
2009-05-25 00:00:00,3530,3530,3280,3425,27165,-0.0256045519203413
2009-05-26 00:00:00,3370,3425,3100,3180,37138,-0.0715328467153284
2009-05-27 00:00:00,3235,3490,3130,3130,69100,-0.0157232704402515
2009-05-28 00:00:00,3245,3245,3105,3175,15250,0.0143769968051117
2009-05-29 00:00:00,3110,3240,3110,3225,8477,0.0157480314960629
2009-06-01 00:00:00,3140,3225,3140,3220,11963,-0.0015503875968991
2009-06-02 00:00:00,3220,3330,3150,3265,13162,0.0139751552795031
2009-06-03 00:00:00,3300,3330,3225,3265,4174,0.0
2009-06-04 00:00:00,3255,3300,3145,3145,18071,-0.0367534456355282
2009-06-05 00:00:00,3180,3200,3105,3180,23133,0.0111287758346581
2009-06-08 00:00:00,3180,3250,3120,3200,2861,0.0062893081761006
2009-06-09 00:00:00,3160,3200,3050,3050,23358,-0.046875
2009-06-10 00:00:00,3170,3170,3050,3140,9113,0.0295081967213115
2009-06-11 00:00:00,3150,3180,3035,3050,33440,-0.0286624203821656
2009-06-12 00:00:00,3135,3160,3045,3160,12424,0.0360655737704918
2009-06-15 00:00:00,3160,3180,3065,3165,6964,0.0015822784810126
2009-06-16 00:00:00,3050,3160,3050,3140,4550,-0.0078988941548183
2009-06-17 00:00:00,3055,3135,3030,3060,15737,-0.0254777070063694
2009-06-18 00:00:00,3090,3090,3000,3045,7107,-0.0049019607843137
2009-06-19 00:00:00,3045,3100,2990,3030,2964,-0.0049261083743842
2009-06-22 00:00:00,3050,3135,2985,3050,70941,0.0066006600660066
2009-06-23 00:00:00,3000,3040,2920,3000,10666,-0.0163934426229508
2009-06-24 00:00:00,3040,3040,2915,2940,6206,-0.02
2009-06-25 00:00:00,2945,2990,2890,2935,17505,-0.0017006802721087
2009-06-26 00:00:00,2970,2970,2920,2940,4479,0.0017035775127767
2009-06-29 00:00:00,2940,2960,2835,2840,21765,-0.0340136054421769
2009-06-30 00:00:00,2850,2920,2800,2890,16781,0.0176056338028169
2009-07-01 00:00:00,2880,2925,2855,2920,4158,0.0103806228373701
2009-07-02 00:00:00,2925,2990,2890,2980,8694,0.0205479452054795
2009-07-03 00:00:00,2980,3390,2915,3100,189057,0.0402684563758388
2009-07-06 00:00:00,3120,3250,3120,3205,27198,0.0338709677419355
2009-07-07 00:00:00,3205,3205,3100,3200,25783,-0.001560062402496
2009-07-08 00:00:00,3115,3190,3090,3090,4768,-0.034375
2009-07-09 00:00:00,3090,3170,3060,3060,5606,-0.0097087378640776
2009-07-10 00:00:00,3020,3090,3000,3055,7273,-0.0016339869281045
2009-07-13 00:00:00,3055,3105,2900,2960,21282,-0.0310965630114565
2009-07-14 00:00:00,2990,3030,2905,2970,4587,0.0033783783783782
2009-07-15 00:00:00,2950,3020,2915,3000,9065,0.0101010101010101
2009-07-16 00:00:00,3050,3090,2990,3040,10160,0.0133333333333334
2009-07-17 00:00:00,3040,3080,2965,2995,2010,-0.0148026315789473
2009-07-20 00:00:00,2995,3050,2965,3050,14193,0.0183639398998329
2009-07-21 00:00:00,3050,3055,2965,3010,6048,-0.0131147540983606
2009-07-22 00:00:00,3010,3070,2990,3030,4097,0.0066445182724252
2009-07-23 00:00:00,3030,3030,2970,3010,4383,-0.0066006600660065
2009-07-24 00:00:00,2990,3040,2985,2995,5232,-0.0049833887043189
2009-07-27 00:00:00,3000,3095,3000,3050,5261,0.0183639398998329
2009-07-28 00:00:00,3050,3105,3000,3070,5172,0.0065573770491802
2009-07-29 00:00:00,3100,3100,3005,3070,8989,0.0
2009-07-30 00:00:00,3070,3070,2960,3020,3342,-0.01628664495114
2009-07-31 00:00:00,3020,3190,2960,2995,15229,-0.0082781456953642
2009-08-03 00:00:00,3005,3070,2975,2975,13163,-0.0066777963272119
2009-08-04 00:00:00,3010,3045,2950,3000,40064,0.0084033613445377
2009-08-05 00:00:00,3040,3040,3000,3030,3886,0.01
2009-08-06 00:00:00,3020,3045,2980,3035,18909,0.0016501650165017
2009-08-07 00:00:00,3050,3065,3010,3050,13524,0.0049423393739702
2009-08-10 00:00:00,3100,3105,3050,3060,13946,0.0032786885245901
2009-08-11 00:00:00,3065,3160,3055,3140,32530,0.0261437908496731
2009-08-12 00:00:00,3145,3145,3075,3135,2391,-0.0015923566878981
2009-08-13 00:00:00,3155,3165,3100,3140,10125,0.0015948963317384
2009-08-14 00:00:00,3110,3130,3060,3065,35504,-0.0238853503184713
2009-08-17 00:00:00,3080,3080,3000,3030,14326,-0.0114192495921696
2009-08-18 00:00:00,2970,3140,2960,3140,38344,0.0363036303630364
2009-08-19 00:00:00,3115,3380,3070,3150,119411,0.0031847133757962
2009-08-20 00:00:00,3265,3315,3105,3300,39994,0.0476190476190476
2009-08-21 00:00:00,3360,3360,3180,3220,35533,-0.0242424242424242
2009-08-24 00:00:00,3195,3295,3170,3240,18963,0.0062111801242235
2009-08-25 00:00:00,3190,3285,3185,3220,35558,-0.0061728395061728
2009-08-26 00:00:00,3220,3275,3200,3235,11746,0.0046583850931676
2009-08-27 00:00:00,3235,3670,3235,3490,101047,0.0788253477588871
2009-08-28 00:00:00,3535,3750,3490,3645,114784,0.0444126074498567
2009-08-31 00:00:00,3645,3645,3430,3515,32101,-0.0356652949245541
2009-09-01 00:00:00,3500,3645,3410,3600,24387,0.0241820768136558
2009-09-02 00:00:00,3600,3600,3500,3575,14821,-0.0069444444444444
2009-09-03 00:00:00,3600,3720,3400,3690,53338,0.0321678321678322
2009-09-04 00:00:00,3690,3690,3495,3590,36519,-0.02710027100271
2009-09-07 00:00:00,3605,3860,3605,3665,54703,0.0208913649025068
2009-09-08 00:00:00,3670,3750,3670,3700,34595,0.009549795361528
2009-09-09 00:00:00,3700,3700,3500,3630,19573,-0.0189189189189189
2009-09-10 00:00:00,3680,3745,3605,3700,49406,0.0192837465564739
2009-09-11 00:00:00,3760,3760,3660,3730,10223,0.008108108108108001
2009-09-14 00:00:00,3730,3745,3600,3680,23675,-0.0134048257372654
2009-09-15 00:00:00,3670,3730,3540,3715,20840,0.0095108695652172
2009-09-16 00:00:00,3735,3750,3630,3690,4782,-0.0067294751009421
2009-09-17 00:00:00,3705,3715,3600,3650,7619,-0.0108401084010839
2009-09-18 00:00:00,3600,3680,3565,3630,6496,-0.0054794520547944
2009-09-21 00:00:00,3600,3650,3585,3625,5103,-0.0013774104683195
2009-09-22 00:00:00,3650,3650,3535,3600,15885,-0.0068965517241379
2009-09-23 00:00:00,3620,3620,3515,3515,8512,-0.0236111111111111
2009-09-24 00:00:00,3495,3585,3370,3430,22429,-0.0241820768136558
2009-09-25 00:00:00,3385,3520,3385,3430,10129,0.0
2009-09-28 00:00:00,3450,3490,3375,3430,2286,0.0
2009-09-29 00:00:00,3430,3570,3350,3420,34004,-0.0029154518950437
2009-09-30 00:00:00,3410,3440,3300,3390,9401,-0.0087719298245614
2009-10-01 00:00:00,3340,3390,3320,3375,6493,-0.0044247787610619
2009-10-05 00:00:00,3400,3400,3335,3370,4867,-0.0014814814814815
2009-10-06 00:00:00,3435,3500,3375,3480,16443,0.032640949554896
2009-10-07 00:00:00,3465,3475,3405,3445,5430,-0.0100574712643678
2009-10-08 00:00:00,3440,3460,3340,3460,8831,0.004354136429608
2009-10-09 00:00:00,3460,3530,3370,3495,9180,0.0101156069364161
2009-10-12 00:00:00,3495,3495,3405,3490,2383,-0.0014306151645206
2009-10-13 00:00:00,3455,3535,3455,3500,713,0.0028653295128939
2009-10-14 00:00:00,3455,3500,3450,3490,1405,-0.0028571428571428
2009-10-15 00:00:00,3490,3500,3455,3465,3620,-0.0071633237822349
2009-10-16 00:00:00,3450,3500,3440,3475,2588,0.0028860028860029
2009-10-19 00:00:00,3490,3530,3435,3500,6295,0.0071942446043165
2009-10-20 00:00:00,3500,3500,3410,3465,4674,-0.01
2009-10-21 00:00:00,3465,3530,3460,3500,9511,0.0101010101010101
2009-10-22 00:00:00,3500,3515,3470,3500,11034,0.0
2009-10-23 00:00:00,3480,3545,3450,3485,24756,-0.0042857142857143
2009-10-26 00:00:00,3485,3505,3430,3490,11278,0.0014347202295552
2009-10-27 00:00:00,3490,3490,3450,3475,4212,-0.0042979942693409
2009-10-28 00:00:00,3475,3490,3325,3325,5749,-0.0431654676258992
2009-10-29 00:00:00,3410,3410,3250,3250,8310,-0.0225563909774436
2009-10-30 00:00:00,3280,3390,3250,3370,17308,0.0369230769230768
2009-11-02 00:00:00,3440,3440,3325,3375,4649,0.0014836795252226
2009-11-03 00:00:00,3500,3500,3350,3350,3885,-0.0074074074074074
2009-11-04 00:00:00,3350,3415,3330,3410,7994,0.0179104477611939
2009-11-05 00:00:00,3435,3460,3360,3460,1599,0.0146627565982404
2009-11-06 00:00:00,3460,3460,3385,3445,1791,-0.0043352601156069
2009-11-09 00:00:00,3390,3460,3390,3440,448,-0.0014513788098693
2009-11-10 00:00:00,3440,3450,3350,3440,10990,0.0
2009-11-11 00:00:00,3400,3440,3310,3430,7064,-0.002906976744186
2009-11-12 00:00:00,3445,3445,3355,3420,1408,-0.0029154518950437
2009-11-13 00:00:00,3360,3410,3270,3285,16268,-0.0394736842105263
2009-11-16 00:00:00,3340,3340,3270,3290,3025,0.0015220700152207
2009-11-17 00:00:00,3365,3365,3250,3290,25371,0.0
2009-11-18 00:00:00,3325,3370,3250,3280,3007,-0.0030395136778115
2009-11-19 00:00:00,3305,3325,3285,3290,8124,0.0030487804878047
2009-11-20 00:00:00,3300,3340,3260,3300,7103,0.0030395136778116
2009-11-23 00:00:00,3300,3380,3290,3355,2641,0.0166666666666666
2009-11-24 00:00:00,3350,3390,3275,3390,21469,0.0104321907600595
2009-11-25 00:00:00,3400,3410,3320,3400,6698,0.0029498525073745
2009-11-26 00:00:00,3345,3410,3345,3370,4182,-0.0088235294117646
2009-11-27 00:00:00,3370,3390,3205,3205,11048,-0.0489614243323441
2009-11-30 00:00:00,3315,3315,3205,3210,4083,0.001560062402496
2009-12-01 00:00:00,3210,3500,3210,3245,62037,0.0109034267912773
2009-12-02 00:00:00,3235,3315,3220,3315,13011,0.0215716486902928
2009-12-03 00:00:00,3295,3390,3295,3390,9636,0.0226244343891401
2009-12-04 00:00:00,3435,3440,3365,3440,3162,0.0147492625368732
2009-12-07 00:00:00,3460,3460,3390,3445,5913,0.0014534883720929
2009-12-08 00:00:00,3370,3460,3370,3440,3288,-0.0014513788098693
2009-12-09 00:00:00,3410,3445,3330,3400,10127,-0.0116279069767442
2009-12-10 00:00:00,3460,3460,3370,3390,6911,-0.0029411764705882
2009-12-11 00:00:00,3390,3440,3380,3430,5257,0.0117994100294984
2009-12-14 00:00:00,3430,3450,3340,3405,24777,-0.0072886297376093
2009-12-15 00:00:00,3445,3550,3400,3535,35552,0.0381791483113069
2009-12-16 00:00:00,3535,3600,3450,3570,14322,0.0099009900990099
2009-12-17 00:00:00,3545,3580,3505,3570,8760,0.0
2009-12-18 00:00:00,3520,3590,3520,3575,2124,0.0014005602240896
2009-12-21 00:00:00,3575,3780,3575,3720,28859,0.0405594405594404
2009-12-22 00:00:00,3700,3795,3670,3690,8859,-0.0080645161290322
2009-12-23 00:00:00,3635,3740,3580,3715,11943,0.0067750677506774
2009-12-24 00:00:00,3715,3715,3645,3710,10554,-0.0013458950201884
2009-12-28 00:00:00,3745,4265,3745,4265,806227,0.1495956873315365
2009-12-29 00:00:00,4300,4300,3710,3800,511349,-0.1090269636576788
2009-12-30 00:00:00,3740,3835,3665,3780,107684,-0.0052631578947368
2010-01-04 00:00:00,3760,3895,3760,3795,60705,0.0039682539682539
2010-01-05 00:00:00,3800,3890,3670,3715,96953,-0.0210803689064558
2010-01-06 00:00:00,3700,3785,3680,3720,66506,0.0013458950201883
2010-01-07 00:00:00,3720,3720,3165,3620,125337,-0.0268817204301075
2010-01-08 00:00:00,3610,3645,3505,3555,66779,-0.0179558011049724
2010-01-11 00:00:00,3555,3620,3530,3535,78973,-0.0056258790436005
2010-01-12 00:00:00,3535,3620,3525,3610,34585,0.0212164073550211
2010-01-13 00:00:00,3555,3670,3555,3630,30544,0.005540166204986
2010-01-14 00:00:00,3630,3810,3630,3790,75788,0.0440771349862259
2010-01-15 00:00:00,3790,3835,3730,3760,39699,-0.0079155672823219
2010-01-18 00:00:00,3815,3925,3770,3895,67603,0.0359042553191488
2010-01-19 00:00:00,3915,3920,3835,3910,65503,0.0038510911424902
2010-01-20 00:00:00,3910,3910,3745,3750,60074,-0.04092071611253202
2010-01-21 00:00:00,3770,3780,3670,3735,25229,-0.004
2010-01-22 00:00:00,3730,3825,3675,3680,23569,-0.0147255689424363
2010-01-25 00:00:00,3740,3740,3605,3690,37475,0.0027173913043478
2010-01-26 00:00:00,3670,3725,3610,3610,24530,-0.021680216802168
2010-01-27 00:00:00,3745,3775,3620,3690,56060,0.0221606648199446
2010-01-28 00:00:00,3770,3800,3670,3720,17003,0.0081300813008129
2010-01-29 00:00:00,3715,3830,3570,3640,23478,-0.021505376344086
2010-02-01 00:00:00,3635,3650,3550,3635,3556,-0.0013736263736263
2010-02-02 00:00:00,3580,3725,3580,3695,8303,0.0165061898211829
2010-02-03 00:00:00,3695,3705,3610,3620,17756,-0.020297699594046
2010-02-04 00:00:00,3695,3730,3610,3690,3504,0.0193370165745856
2010-02-05 00:00:00,3600,3620,3530,3590,17186,-0.02710027100271
2010-02-08 00:00:00,3590,3675,3500,3555,3631,-0.0097493036211698
2010-02-09 00:00:00,3525,3545,3410,3500,20822,-0.0154711673699015
2010-02-10 00:00:00,3500,3530,3410,3455,19806,-0.0128571428571429
2010-02-11 00:00:00,3495,3495,3420,3460,24047,0.0014471780028944
2010-02-12 00:00:00,3440,3490,3430,3455,3327,-0.0014450867052022
2010-02-16 00:00:00,3430,3560,3385,3395,29113,-0.0173661360347322
2010-02-17 00:00:00,3435,3450,3370,3435,18242,0.011782032400589
2010-02-18 00:00:00,3435,3435,3335,3410,20503,-0.007278020378457
2010-02-19 00:00:00,3400,3415,3350,3400,12405,-0.002932551319648
2010-02-22 00:00:00,3400,3420,3350,3395,19162,-0.0014705882352941
2010-02-23 00:00:00,3350,3425,3350,3400,4688,0.0014727540500736
2010-02-24 00:00:00,3400,3400,3350,3360,8416,-0.0117647058823529
2010-02-25 00:00:00,3410,3410,3330,3380,10135,0.0059523809523809
2010-02-26 00:00:00,3395,3395,3320,3385,5507,0.0014792899408284
2010-03-02 00:00:00,3390,3495,3375,3380,12489,-0.001477104874446
2010-03-03 00:00:00,3370,3410,3365,3400,5726,0.0059171597633136
2010-03-04 00:00:00,3400,3425,3330,3370,29544,-0.0088235294117646
2010-03-05 00:00:00,3370,3400,3300,3360,34134,-0.0029673590504450003
2010-03-08 00:00:00,3355,3430,3355,3400,23800,0.0119047619047618
2010-03-09 00:00:00,3460,3460,3370,3390,36949,-0.0029411764705882
2010-03-10 00:00:00,3390,3445,3375,3380,14865,-0.0029498525073746
2010-03-11 00:00:00,3380,3420,3380,3390,6937,0.0029585798816567
2010-03-12 00:00:00,3390,3450,3360,3365,14030,-0.0073746312684366
2010-03-15 00:00:00,3430,3430,3300,3330,20284,-0.0104011887072807
2010-03-16 00:00:00,3320,3445,3305,3350,19571,0.006006006006006
2010-03-17 00:00:00,3380,3485,3380,3460,16130,0.0328358208955223
2010-03-18 00:00:00,3460,3515,3415,3465,10191,0.0014450867052022
2010-03-19 00:00:00,3480,3510,3450,3460,34238,-0.0014430014430014
2010-03-22 00:00:00,3430,3500,3425,3485,19862,0.0072254335260115
2010-03-23 00:00:00,3510,3570,3480,3565,35242,0.0229555236728837
2010-03-24 00:00:00,3605,3780,3605,3650,75986,0.0238429172510519
2010-03-25 00:00:00,3750,3750,3605,3670,17104,0.0054794520547944
2010-03-26 00:00:00,3700,3720,3640,3710,35787,0.0108991825613078
2010-03-29 00:00:00,3695,3735,3605,3615,30592,-0.0256064690026953
2010-03-30 00:00:00,3690,3690,3560,3630,33510,0.0041493775933609
2010-03-31 00:00:00,3630,3660,3585,3590,13632,-0.0110192837465564
2010-04-01 00:00:00,3580,3630,3580,3630,15715,0.0111420612813371
2010-04-02 00:00:00,3630,3630,3500,3525,46223,-0.0289256198347107
2010-04-05 00:00:00,3585,3585,3525,3560,40842,0.0099290780141843
2010-04-06 00:00:00,3550,3600,3505,3575,23383,0.0042134831460673
2010-04-07 00:00:00,3505,3605,3505,3605,11978,0.0083916083916084
2010-04-08 00:00:00,3605,3740,3565,3720,68118,0.0319001386962551
2010-04-09 00:00:00,3735,3735,3650,3700,15687,-0.0053763440860215
2010-04-12 00:00:00,3730,3770,3685,3700,12906,0.0
2010-04-13 00:00:00,3700,3725,3650,3720,9350,0.0054054054054053
2010-04-14 00:00:00,3725,3750,3680,3685,57232,-0.0094086021505376
2010-04-15 00:00:00,3685,3720,3675,3710,6931,0.0067842605156038
2010-04-16 00:00:00,3710,3730,3650,3705,35528,-0.0013477088948786
2010-04-19 00:00:00,3700,3845,3685,3810,45036,0.0283400809716598
2010-04-20 00:00:00,3760,3880,3760,3880,15124,0.0183727034120735
2010-04-21 00:00:00,3880,4000,3880,3930,55658,0.0128865979381442
2010-04-22 00:00:00,3930,3960,3800,3875,27119,-0.0139949109414758
2010-04-23 00:00:00,3900,3945,3830,3915,20873,0.0103225806451612
2010-04-26 00:00:00,3900,3935,3850,3910,13437,-0.0012771392081737
2010-04-27 00:00:00,3910,3950,3910,3945,22304,0.0089514066496163
2010-04-28 00:00:00,3885,3945,3850,3920,36076,-0.0063371356147021
2010-04-29 00:00:00,3865,3950,3865,3940,19773,0.0051020408163264
2010-04-30 00:00:00,3940,4175,3940,4135,131473,0.0494923857868019
2010-05-03 00:00:00,4150,4320,4065,4190,105097,0.0133010882708586
2010-05-04 00:00:00,4110,4180,4075,4125,14330,-0.0155131264916468
2010-05-06 00:00:00,4100,4130,4010,4100,16145,-0.0060606060606061
2010-05-07 00:00:00,4050,4095,3910,3990,93486,-0.0268292682926829
2010-05-10 00:00:00,3905,4050,3905,4050,33319,0.0150375939849625
2010-05-11 00:00:00,4055,4260,4000,4080,44368,0.0074074074074073
2010-05-12 00:00:00,4150,4150,4030,4095,6251,0.0036764705882352
2010-05-13 00:00:00,4100,4215,4095,4215,26410,0.0293040293040292
2010-05-14 00:00:00,4230,4250,4120,4215,17741,0.0
2010-05-17 00:00:00,4200,4300,4175,4300,49585,0.0201660735468565
2010-05-18 00:00:00,4315,4830,4310,4620,218816,0.0744186046511627
2010-05-19 00:00:00,4620,4720,4410,4650,104583,0.0064935064935065
2010-05-20 00:00:00,4555,4730,4555,4650,81348,0.0
2010-05-24 00:00:00,4660,4730,4325,4400,95416,-0.053763440860215
2010-05-25 00:00:00,4400,4450,3965,4285,89186,-0.0261363636363636
2010-05-26 00:00:00,4300,4380,4070,4285,42225,0.0
2010-05-27 00:00:00,4285,4500,4150,4500,48886,0.0501750291715286
2010-05-28 00:00:00,4545,4570,4500,4545,69900,0.01
2010-05-31 00:00:00,4590,4590,4470,4540,44631,-0.001100110011001
2010-06-01 00:00:00,4490,4550,4300,4340,49801,-0.0440528634361233
2010-06-03 00:00:00,4340,4625,4305,4600,58706,0.0599078341013825
2010-06-04 00:00:00,4620,4670,4520,4590,26999,-0.0021739130434782
2010-06-07 00:00:00,4410,4500,4320,4485,18037,-0.022875816993464
2010-06-08 00:00:00,4460,4500,4350,4450,25302,-0.007803790412486
2010-06-09 00:00:00,4450,4485,4360,4425,7790,-0.0056179775280899
2010-06-10 00:00:00,4450,4450,4350,4400,12571,-0.0056497175141242
2010-06-11 00:00:00,4440,4440,4330,4365,70344,-0.0079545454545454
2010-06-14 00:00:00,4320,4360,4275,4320,18699,-0.0103092783505154
2010-06-15 00:00:00,4255,4330,4190,4320,51792,0.0
2010-06-16 00:00:00,4260,4380,4135,4265,67230,-0.0127314814814815
2010-06-17 00:00:00,4250,4250,4045,4120,64838,-0.0339976553341149
2010-06-18 00:00:00,4100,4190,4055,4160,26176,0.0097087378640776
2010-06-21 00:00:00,4070,4200,4070,4180,46131,0.0048076923076922
2010-06-22 00:00:00,4245,4245,4125,4155,6451,-0.005980861244019
2010-06-23 00:00:00,4230,4230,4115,4150,4604,-0.0012033694344163
2010-06-24 00:00:00,4290,4290,4135,4180,13882,0.0072289156626506
2010-06-25 00:00:00,4060,4260,4060,4150,9701,-0.0071770334928229
2010-06-28 00:00:00,4170,4245,4125,4170,9649,0.0048192771084336
2010-06-29 00:00:00,4200,4200,4060,4070,23146,-0.0239808153477217
2010-06-30 00:00:00,3920,4050,3920,4040,16135,-0.0073710073710073
2010-07-01 00:00:00,4080,4080,3940,4025,19318,-0.0037128712871287
2010-07-02 00:00:00,3980,4025,3920,4005,14516,-0.0049689440993788
2010-07-05 00:00:00,4015,4015,3990,4000,2369,-0.0012484394506866
2010-07-06 00:00:00,3975,4000,3900,3990,9765,-0.0024999999999999
2010-07-07 00:00:00,4000,4140,3960,4065,35436,0.018796992481203
2010-07-08 00:00:00,4065,4080,3905,3955,50671,-0.0270602706027059
2010-07-09 00:00:00,3955,4040,3850,4030,17291,0.0189633375474083
2010-07-12 00:00:00,4045,4045,3970,4030,3034,0.0
2010-07-13 00:00:00,3970,4025,3920,4005,15830,-0.0062034739454094
2010-07-14 00:00:00,3970,4050,3935,4050,72259,0.0112359550561798
2010-07-15 00:00:00,4050,4050,3960,4020,14233,-0.0074074074074074
2010-07-16 00:00:00,4070,4070,3910,3985,6222,-0.0087064676616915
2010-07-19 00:00:00,3915,4035,3915,3990,10117,0.0012547051442910002
2010-07-20 00:00:00,3990,4000,3950,4000,4626,0.0025062656641603
2010-07-21 00:00:00,3940,4070,3940,3980,7511,-0.005
2010-07-22 00:00:00,3980,4020,3920,3995,27743,0.0037688442211054
2010-07-23 00:00:00,3995,4045,3955,3970,12996,-0.0062578222778473
2010-07-26 00:00:00,3920,4140,3920,4030,66248,0.0151133501259446
2010-07-27 00:00:00,4030,4095,3995,4020,17171,-0.0024813895781637
2010-07-28 00:00:00,3970,3970,3820,3820,107159,-0.0497512437810945
2010-07-29 00:00:00,3820,3820,3710,3770,30726,-0.013089005235602
2010-07-30 00:00:00,3755,3755,3680,3720,21191,-0.013262599469496
2010-08-02 00:00:00,3700,3715,3670,3675,36815,-0.0120967741935483
2010-08-03 00:00:00,3650,3760,3505,3635,46234,-0.0108843537414965
2010-08-04 00:00:00,3635,3650,3535,3600,9178,-0.0096286107290234
2010-08-05 00:00:00,3600,3660,3550,3570,11368,-0.0083333333333333
2010-08-06 00:00:00,3600,3670,3545,3620,4735,0.0140056022408963
2010-08-09 00:00:00,3620,3650,3560,3630,7457,0.0027624309392264
2010-08-10 00:00:00,3610,3670,3580,3650,19184,0.0055096418732782
2010-08-11 00:00:00,3660,3660,3560,3650,12831,0.0
2010-08-12 00:00:00,3510,3620,3490,3610,6003,-0.0109589041095889
2010-08-13 00:00:00,3640,3650,3495,3510,52851,-0.0277008310249307
2010-08-16 00:00:00,3490,3500,3360,3460,48016,-0.0142450142450142
2010-08-17 00:00:00,3460,3490,3375,3395,49272,-0.01878612716763
2010-08-18 00:00:00,3385,3405,3365,3385,110193,-0.0029455081001472
2010-08-19 00:00:00,3385,3435,3375,3385,18088,0.0
2010-08-20 00:00:00,3385,3435,3350,3400,31852,0.0044313146233383
2010-08-23 00:00:00,3375,3420,3340,3360,22781,-0.0117647058823529
2010-08-24 00:00:00,3385,3435,3330,3400,10117,0.0119047619047618
2010-08-25 00:00:00,3360,3430,3330,3380,42836,-0.0058823529411764
2010-08-26 00:00:00,3395,3400,3340,3380,8244,0.0
2010-08-27 00:00:00,3390,3390,3330,3360,4262,-0.0059171597633136
2010-08-30 00:00:00,3360,3460,3360,3440,12525,0.0238095238095237
2010-08-31 00:00:00,3400,3445,3380,3440,2176,0.0
2010-09-01 00:00:00,3405,3520,3405,3465,35947,0.007267441860465
2010-09-02 00:00:00,3470,3525,3440,3470,13974,0.0014430014430013
2010-09-03 00:00:00,3495,3495,3400,3445,17290,-0.0072046109510086
2010-09-06 00:00:00,3410,3470,3410,3435,15962,-0.0029027576197387
2010-09-07 00:00:00,3410,3475,3400,3425,6602,-0.0029112081513827
2010-09-08 00:00:00,3425,3425,3325,3360,24189,-0.018978102189781004
2010-09-09 00:00:00,3420,3420,3345,3345,28392,-0.0044642857142856
2010-09-10 00:00:00,3330,3430,3330,3375,14733,0.0089686098654708
2010-09-13 00:00:00,3375,3375,3325,3370,31592,-0.0014814814814815
2010-09-14 00:00:00,3390,3390,3300,3305,30173,-0.0192878338278932
2010-09-15 00:00:00,3315,3325,3240,3240,27642,-0.0196671709531013
2010-09-16 00:00:00,3240,3355,3230,3320,6106,0.0246913580246914
2010-09-17 00:00:00,3320,3380,3285,3290,9653,-0.0090361445783132
2010-09-20 00:00:00,3355,3395,3290,3395,47824,0.0319148936170212
2010-09-24 00:00:00,3395,3440,3335,3435,30976,0.011782032400589
2010-09-27 00:00:00,3450,3630,3450,3550,56507,0.0334788937409025
2010-09-28 00:00:00,3600,3600,3520,3565,23151,0.004225352112676
2010-09-29 00:00:00,3580,3770,3520,3600,160875,0.0098176718092566
2010-09-30 00:00:00,3600,3640,3520,3625,38582,0.0069444444444444
2010-10-01 00:00:00,3620,3750,3620,3655,33764,0.0082758620689655
2010-10-04 00:00:00,3700,3700,3510,3510,24240,-0.0396716826265389
2010-10-05 00:00:00,3600,3600,3500,3595,122304,0.0242165242165242
2010-10-06 00:00:00,3605,3605,3550,3595,42698,0.0
2010-10-07 00:00:00,3595,3725,3585,3670,222991,0.0208623087621697
2010-10-08 00:00:00,3700,3705,3595,3700,47734,0.0081743869209809
2010-10-11 00:00:00,3700,3700,3640,3690,43430,-0.0027027027027026
2010-10-12 00:00:00,3555,3660,3555,3610,36068,-0.021680216802168
2010-10-13 00:00:00,3610,3675,3565,3675,33528,0.0180055401662049
2010-10-14 00:00:00,3620,3750,3620,3720,30462,0.0122448979591835
2010-10-15 00:00:00,3720,3750,3670,3740,33964,0.0053763440860215
2010-10-18 00:00:00,3740,3820,3655,3745,48025,0.0013368983957218
2010-10-19 00:00:00,3780,3780,3735,3745,45913,0.0
2010-10-20 00:00:00,3750,3870,3750,3845,49318,0.0267022696929239
2010-10-21 00:00:00,3900,3900,3800,3835,18595,-0.0026007802340701
2010-10-22 00:00:00,3810,3880,3735,3795,23283,-0.0104302477183833
2010-10-25 00:00:00,3790,3845,3785,3835,79663,0.010540184453228
2010-10-26 00:00:00,3845,3845,3785,3805,32725,-0.0078226857887875
2010-10-27 00:00:00,3835,3840,3770,3810,22166,0.0013140604467805
2010-10-28 00:00:00,3795,3850,3770,3805,39423,-0.0013123359580052
2010-10-29 00:00:00,3835,3835,3715,3800,33846,-0.0013140604467805
2010-11-01 00:00:00,3840,3840,3790,3815,19503,0.0039473684210526
2010-11-02 00:00:00,3815,3920,3780,3825,72403,0.0026212319790301
2010-11-03 00:00:00,3835,3840,3785,3825,90209,0.0
2010-11-04 00:00:00,3830,3835,3795,3835,22730,0.0026143790849673
2010-11-05 00:00:00,3850,3900,3760,3825,16196,-0.0026075619295958
2010-11-08 00:00:00,3840,3840,3710,3810,36537,-0.0039215686274509
2010-11-09 00:00:00,3825,3825,3750,3790,18663,-0.005249343832020999
2010-11-10 00:00:00,3810,3810,3700,3760,14629,-0.0079155672823219
2010-11-11 00:00:00,3715,3790,3715,3765,7552,0.0013297872340425
2010-11-12 00:00:00,3810,3810,3675,3735,21470,-0.0079681274900398
2010-11-15 00:00:00,3795,3795,3630,3695,17598,-0.0107095046854083
2010-11-16 00:00:00,3630,3695,3505,3540,40851,-0.0419485791610284
2010-11-17 00:00:00,3510,3585,3490,3555,2924,0.0042372881355932
2010-11-18 00:00:00,3580,3605,3510,3585,11060,0.0084388185654007
2010-11-19 00:00:00,3585,3585,3450,3520,27815,-0.0181311018131101
2010-11-22 00:00:00,3550,3550,3480,3505,17215,-0.0042613636363636
2010-11-23 00:00:00,3480,3530,3380,3420,47713,-0.0242510699001426
2010-11-24 00:00:00,3250,3455,3250,3415,53938,-0.0014619883040936
2010-11-25 00:00:00,3460,3490,3400,3470,5858,0.0161054172767203
2010-11-26 00:00:00,3450,3490,3300,3385,20857,-0.0244956772334293
2010-11-29 00:00:00,3400,3400,3250,3320,41051,-0.0192023633677991
2010-11-30 00:00:00,3310,3330,3275,3320,9451,0.0
2010-12-01 00:00:00,3315,3360,3280,3360,12159,0.0120481927710842
2010-12-02 00:00:00,3390,3460,3340,3460,11222,0.0297619047619046
2010-12-03 00:00:00,3495,3495,3330,3390,21561,-0.0202312138728323
2010-12-06 00:00:00,3410,3410,3320,3370,47207,-0.0058997050147492
2010-12-07 00:00:00,3365,3365,3290,3360,55482,-0.0029673590504450003
2010-12-08 00:00:00,3295,3365,3290,3365,85320,0.0014880952380953
2010-12-09 00:00:00,3380,3430,3325,3430,26281,0.0193164933135214
2010-12-10 00:00:00,3430,3525,3405,3500,53202,0.0204081632653061
2010-12-13 00:00:00,3450,3575,3450,3555,45896,0.0157142857142857
2010-12-14 00:00:00,3525,3670,3525,3670,64371,0.0323488045007032
2010-12-15 00:00:00,3695,3700,3590,3685,70841,0.0040871934604904
2010-12-16 00:00:00,3680,3750,3630,3690,68960,0.0013568521031208
2010-12-17 00:00:00,3690,3750,3540,3540,41093,-0.040650406504065005
2010-12-20 00:00:00,3540,3540,3435,3470,24652,-0.019774011299435
2010-12-21 00:00:00,3565,3565,3460,3465,24022,-0.0014409221902017
2010-12-22 00:00:00,3475,3525,3430,3480,34685,0.0043290043290042
2010-12-23 00:00:00,3450,3520,3430,3490,9855,0.0028735632183907
2010-12-24 00:00:00,3485,3535,3430,3430,11864,-0.0171919770773638
2010-12-27 00:00:00,3430,3480,3410,3435,18911,0.0014577259475219
2010-12-28 00:00:00,3435,3575,3425,3575,22581,0.0407569141193595
2010-12-29 00:00:00,3585,3585,3470,3550,10110,-0.0069930069930069
2010-12-30 00:00:00,3595,3595,3485,3570,21825,0.0056338028169014
2011-01-03 00:00:00,3540,3585,3500,3510,4663,-0.0168067226890756
2011-01-04 00:00:00,3510,3570,3500,3530,10869,0.0056980056980056
2011-01-05 00:00:00,3600,3600,3450,3475,31539,-0.0155807365439093
2011-01-06 00:00:00,3530,3530,3445,3495,17149,0.0057553956834532
2011-01-07 00:00:00,3540,3540,3450,3505,11949,0.0028612303290413
2011-01-10 00:00:00,3500,3645,3500,3635,35359,0.0370898716119829
2011-01-11 00:00:00,3630,3710,3580,3630,66857,-0.0013755158184318
2011-01-12 00:00:00,3690,3700,3620,3675,12128,0.0123966942148761
2011-01-13 00:00:00,3695,3710,3620,3710,39041,0.0095238095238094
2011-01-14 00:00:00,3710,3740,3670,3710,43637,0.0
2011-01-17 00:00:00,3710,3810,3690,3785,34847,0.0202156334231806
2011-01-18 00:00:00,3835,3940,3800,3885,61107,0.0264200792602378
2011-01-19 00:00:00,3895,3935,3725,3850,33582,-0.009009009009009002
2011-01-20 00:00:00,3745,3845,3745,3800,35717,-0.0129870129870129
2011-01-21 00:00:00,3750,3850,3750,3785,25350,-0.0039473684210525
2011-01-24 00:00:00,3785,3810,3750,3800,27687,0.0039630118890356
2011-01-25 00:00:00,3800,3860,3790,3835,22648,0.0092105263157895
2011-01-26 00:00:00,3835,3870,3805,3860,24434,0.0065189048239895
2011-01-27 00:00:00,3835,3915,3835,3880,25901,0.005181347150259
2011-01-28 00:00:00,3880,3895,3745,3850,36429,-0.0077319587628865
2011-01-31 00:00:00,3840,3840,3770,3830,3218,-0.0051948051948051
2011-02-01 00:00:00,3830,3830,3750,3785,9757,-0.0117493472584856
2011-02-07 00:00:00,3785,3860,3780,3820,21848,0.0092470277410832
2011-02-08 00:00:00,3850,3850,3785,3805,6937,-0.0039267015706806
2011-02-09 00:00:00,3805,3875,3745,3785,16067,-0.0052562417871222
2011-02-10 00:00:00,3800,3800,3650,3745,11492,-0.0105680317040951
2011-02-11 00:00:00,3755,3760,3650,3740,33100,-0.0013351134846462
2011-02-14 00:00:00,3760,3820,3600,3760,69017,0.0053475935828877
2011-02-15 00:00:00,3770,3790,3710,3750,5894,-0.002659574468085
2011-02-16 00:00:00,3750,3795,3720,3720,9166,-0.008
2011-02-17 00:00:00,3785,3785,3695,3695,2025,-0.0067204301075268
2011-02-18 00:00:00,3695,3800,3610,3750,24787,0.0148849797023005
2011-02-21 00:00:00,3790,3790,3660,3745,7371,-0.0013333333333332
2011-02-22 00:00:00,3785,3785,3520,3675,78713,-0.0186915887850467
2011-02-23 00:00:00,3675,3700,3575,3600,16899,-0.0204081632653061
2011-02-24 00:00:00,3650,3650,3500,3555,30941,-0.0124999999999999
2011-02-25 00:00:00,3480,3550,3465,3500,32761,-0.0154711673699015
2011-02-28 00:00:00,3500,3500,3395,3440,24365,-0.0171428571428571
2011-03-02 00:00:00,3435,3495,3375,3440,21964,0.0
2011-03-03 00:00:00,3400,3480,3325,3440,36116,0.0
2011-03-04 00:00:00,3440,3520,3375,3395,21766,-0.0130813953488372
2011-03-07 00:00:00,3395,3430,3370,3405,18114,0.0029455081001472
2011-03-08 00:00:00,3405,3470,3330,3400,19910,-0.0014684287812041
2011-03-09 00:00:00,3400,3420,3370,3420,13676,0.0058823529411764
2011-03-10 00:00:00,3415,3415,3345,3380,32874,-0.0116959064327485
2011-03-11 00:00:00,3355,3380,3340,3380,37608,0.0
2011-03-14 00:00:00,3380,3390,3220,3280,35510,-0.029585798816567994
2011-03-15 00:00:00,3255,3360,3055,3245,43877,-0.010670731707317
2011-03-16 00:00:00,3210,3300,3180,3260,19368,0.0046224961479199
2011-03-17 00:00:00,3260,3260,3190,3255,7006,-0.0015337423312883
2011-03-18 00:00:00,3300,3300,3210,3245,6151,-0.0030721966205836
2011-03-21 00:00:00,3250,3340,3225,3285,13743,0.012326656394453002
2011-03-22 00:00:00,3300,3300,3235,3270,14304,-0.0045662100456621
2011-03-23 00:00:00,3270,3350,3270,3340,21547,0.0214067278287461
2011-03-24 00:00:00,3340,3440,3260,3430,50194,0.026946107784431
2011-03-25 00:00:00,3430,3435,3370,3435,13187,0.0014577259475219
2011-03-28 00:00:00,3445,3460,3365,3390,7273,-0.0131004366812227
2011-03-29 00:00:00,3390,3435,3340,3385,8164,-0.0014749262536872
2011-03-30 00:00:00,3385,3385,3300,3355,20747,-0.0088626292466764
2011-03-31 00:00:00,3370,3400,3350,3400,28154,0.0134128166915052
2011-04-01 00:00:00,3395,3490,3390,3465,11038,0.0191176470588234
2011-04-04 00:00:00,3455,3465,3410,3455,4284,-0.0028860028860029
2011-04-05 00:00:00,3445,3495,3400,3495,12772,0.0115774240231547
2011-04-06 00:00:00,3495,3500,3445,3485,15020,-0.0028612303290415
2011-04-07 00:00:00,3485,3535,3485,3505,29591,0.005738880918221
2011-04-08 00:00:00,3505,3505,3450,3490,9900,-0.0042796005706133
2011-04-11 00:00:00,3535,3535,3450,3485,6953,-0.0014326647564469
2011-04-12 00:00:00,3490,3490,3390,3390,13917,-0.0272596843615494
2011-04-13 00:00:00,3390,3495,3380,3440,11332,0.0147492625368732
2011-04-14 00:00:00,3455,3455,3400,3430,21554,-0.002906976744186
2011-04-15 00:00:00,3440,3440,3375,3410,26649,-0.0058309037900874
2011-04-18 00:00:00,3410,3490,3410,3480,32047,0.0205278592375366
2011-04-19 00:00:00,3480,3670,3430,3570,70077,0.0258620689655173
2011-04-20 00:00:00,3570,3590,3500,3545,64521,-0.0070028011204481
2011-04-21 00:00:00,3545,3575,3510,3535,20433,-0.002820874471086
2011-04-22 00:00:00,3535,3575,3465,3495,26485,-0.0113154172560112
2011-04-25 00:00:00,3495,3505,3475,3490,19193,-0.0014306151645206
2011-04-26 00:00:00,3490,3530,3445,3465,12408,-0.0071633237822349
2011-04-27 00:00:00,3540,3540,3455,3465,24925,0.0
2011-04-28 00:00:00,3465,3520,3405,3420,39011,-0.0129870129870129
2011-04-29 00:00:00,3485,3485,3305,3380,74626,-0.0116959064327485
2011-05-02 00:00:00,3380,3385,3300,3375,26179,-0.0014792899408283
2011-05-03 00:00:00,3395,3395,3355,3385,16384,0.002962962962963
2011-05-04 00:00:00,3400,3460,3380,3455,33322,0.020679468242245
2011-05-06 00:00:00,3435,3480,3390,3430,43217,-0.0072358900144717
2011-05-09 00:00:00,3430,3485,3430,3475,36276,0.0131195335276967
2011-05-11 00:00:00,3425,3580,3425,3570,34941,0.0273381294964027
2011-05-12 00:00:00,3565,3635,3545,3635,40995,0.0182072829131652
2011-05-13 00:00:00,3630,3630,3575,3610,54308,-0.0068775790921595
2011-05-16 00:00:00,3745,3905,3655,3690,357358,0.0221606648199446
2011-05-17 00:00:00,3700,3700,3525,3550,93768,-0.037940379403794
2011-05-18 00:00:00,3600,3600,3495,3500,31608,-0.0140845070422535
2011-05-19 00:00:00,3540,3540,3400,3450,64890,-0.0142857142857142
2011-05-20 00:00:00,3450,3545,3370,3545,35063,0.0275362318840579
2011-05-23 00:00:00,3540,3540,3440,3495,27733,-0.0141043723554301
2011-05-24 00:00:00,3495,3495,3415,3485,8253,-0.0028612303290415
2011-05-25 00:00:00,3530,3530,3400,3445,15319,-0.0114777618364418
2011-05-26 00:00:00,3500,3500,3380,3440,21578,-0.0014513788098693
2011-05-27 00:00:00,3440,3495,3420,3460,46293,0.0058139534883721
2011-05-30 00:00:00,3460,3475,3425,3450,12178,-0.0028901734104046
2011-05-31 00:00:00,3450,3495,3445,3480,13388,0.0086956521739129
2011-06-01 00:00:00,3515,3515,3455,3480,8132,0.0
2011-06-02 00:00:00,3500,3500,3400,3470,19127,-0.0028735632183908
2011-06-03 00:00:00,3470,3470,3420,3420,7646,-0.0144092219020173
2011-06-07 00:00:00,3445,3445,3330,3380,59001,-0.0116959064327485
2011-06-08 00:00:00,3380,3415,3340,3350,29769,-0.0088757396449704
2011-06-09 00:00:00,3380,3380,3305,3340,42437,-0.0029850746268657
2011-06-10 00:00:00,3340,3430,3335,3340,19334,0.0
2011-06-13 00:00:00,3340,3390,3330,3355,29935,0.0044910179640718
2011-06-14 00:00:00,3370,3370,3300,3340,22744,-0.0044709388971684
2011-06-15 00:00:00,3335,3430,3315,3395,13645,0.0164670658682635
2011-06-16 00:00:00,3330,3330,3230,3255,21306,-0.0412371134020618
2011-06-17 00:00:00,3300,3330,3240,3295,9111,0.0122887864823348
2011-06-20 00:00:00,3380,3380,3270,3380,3812,0.0257966616084976
2011-06-21 00:00:00,3390,3390,3300,3390,6577,0.0029585798816567
2011-06-22 00:00:00,3390,3400,3285,3380,7279,-0.0029498525073746
2011-06-23 00:00:00,3430,3430,3345,3390,5816,0.0029585798816567
2011-06-24 00:00:00,3390,3415,3330,3415,16055,0.0073746312684366
2011-06-27 00:00:00,3400,3400,3340,3390,1902,-0.007320644216691
2011-06-28 00:00:00,3420,3420,3330,3395,7840,0.0014749262536872
2011-06-29 00:00:00,3415,3420,3380,3410,4848,0.0044182621502208
2011-06-30 00:00:00,3425,3425,3350,3400,8487,-0.002932551319648
2011-07-01 00:00:00,3430,3430,3375,3395,2999,-0.0014705882352941
2011-07-04 00:00:00,3390,3390,3355,3385,9805,-0.0029455081001472
2011-07-05 00:00:00,3360,3380,3330,3360,31035,-0.0073855243722303
2011-07-06 00:00:00,3380,3385,3350,3370,18933,0.0029761904761904
2011-07-07 00:00:00,3370,3385,3345,3355,22518,-0.0044510385756676
2011-07-08 00:00:00,3425,3425,3330,3355,23904,0.0
2011-07-11 00:00:00,3390,3390,3325,3375,8754,0.0059612518628913
2011-07-12 00:00:00,3315,3375,3300,3350,43998,-0.0074074074074074
2011-07-13 00:00:00,3400,3400,3335,3350,7673,0.0
2011-07-14 00:00:00,3365,3385,3305,3380,29765,0.0089552238805969
2011-07-15 00:00:00,3400,3460,3360,3435,54198,0.0162721893491124
2011-07-18 00:00:00,3465,3495,3440,3490,34351,0.0160116448326055
2011-07-19 00:00:00,3490,3520,3470,3495,57203,0.001432664756447
2011-07-20 00:00:00,3530,3635,3505,3540,18892,0.0128755364806867
2011-07-21 00:00:00,3550,3555,3450,3480,30362,-0.0169491525423728
2011-07-22 00:00:00,3490,3540,3480,3500,22022,0.0057471264367816
2011-07-25 00:00:00,3515,3585,3460,3495,7603,-0.0014285714285714
2011-07-26 00:00:00,3525,3525,3470,3490,18410,-0.0014306151645206
2011-07-27 00:00:00,3490,3530,3470,3495,11682,0.001432664756447
2011-07-28 00:00:00,3480,3510,3480,3500,11243,0.0014306151645206
2011-07-29 00:00:00,3530,3530,3470,3475,22613,-0.0071428571428571
2011-08-01 00:00:00,3535,3550,3475,3550,20622,0.0215827338129497
2011-08-02 00:00:00,3515,3545,3480,3520,16306,-0.0084507042253521
2011-08-03 00:00:00,3485,3505,3460,3495,11537,-0.0071022727272727
2011-08-04 00:00:00,3530,3580,3405,3425,30497,-0.0200286123032904
2011-08-05 00:00:00,3200,3385,3200,3325,27311,-0.0291970802919707
2011-08-08 00:00:00,3260,3375,3000,3190,46675,-0.0406015037593985
2011-08-09 00:00:00,3040,3180,2800,2940,63677,-0.0783699059561128
2011-08-10 00:00:00,3055,3115,2960,3025,20495,0.0289115646258504
2011-08-11 00:00:00,2955,3010,2920,2995,20764,-0.0099173553719008
2011-08-12 00:00:00,3000,3095,3000,3000,15528,0.0016694490818029
2011-08-16 00:00:00,3115,3140,3040,3085,15437,0.0283333333333333
2011-08-17 00:00:00,3085,3185,3075,3170,73122,0.0275526742301459
2011-08-18 00:00:00,3120,3215,3080,3145,18295,-0.0078864353312302
2011-08-19 00:00:00,3055,3140,2960,3035,42486,-0.0349761526232114
2011-08-22 00:00:00,2990,3095,2960,3000,8786,-0.0115321252059308
2011-08-23 00:00:00,3040,3050,2950,3000,12552,0.0
2011-08-24 00:00:00,3050,3130,2965,2985,27411,-0.005
2011-08-25 00:00:00,3020,3020,2955,3000,35342,0.0050251256281406
2011-08-26 00:00:00,3000,3000,2900,2990,7105,-0.0033333333333332
2011-08-29 00:00:00,3040,3045,2970,3045,25253,0.0183946488294315
2011-08-30 00:00:00,3095,3095,2985,3020,20838,-0.0082101806239737
2011-08-31 00:00:00,3020,3080,2985,3080,25697,0.0198675496688742
2011-09-01 00:00:00,3090,3150,3030,3090,17680,0.0032467532467532
2011-09-02 00:00:00,3130,3130,3020,3060,36936,-0.0097087378640776
2011-09-05 00:00:00,3040,3055,2935,2975,38905,-0.0277777777777777
2011-09-06 00:00:00,2905,2950,2880,2930,22521,-0.015126050420168
2011-09-07 00:00:00,2930,3000,2905,2940,7287,0.0034129692832765
2011-09-08 00:00:00,2940,2975,2905,2960,6454,0.0068027210884353
2011-09-09 00:00:00,2960,3020,2910,3015,13190,0.0185810810810811
2011-09-14 00:00:00,3000,3000,2935,2965,4688,-0.0165837479270315
2011-09-15 00:00:00,3040,3040,2890,2980,2750,0.0050590219224282
2011-09-16 00:00:00,3000,3000,2920,2980,19491,0.0
2011-09-19 00:00:00,3040,3040,2950,2950,6593,-0.0100671140939597
2011-09-20 00:00:00,2995,3010,2930,3005,8116,0.0186440677966102
2011-09-21 00:00:00,3020,3020,2925,2950,16647,-0.0183028286189683
2011-09-22 00:00:00,2935,2940,2835,2890,19543,-0.0203389830508474
2011-09-23 00:00:00,2860,2900,2690,2725,36654,-0.0570934256055363
2011-09-26 00:00:00,2725,2725,2520,2630,47354,-0.0348623853211008
2011-09-27 00:00:00,2600,2695,2580,2630,26282,0.0
2011-09-28 00:00:00,2695,2695,2500,2500,82676,-0.0494296577946767
2011-09-29 00:00:00,2500,2500,2380,2490,97065,-0.004
2011-09-30 00:00:00,2490,2580,2465,2560,51879,0.0281124497991966
2011-10-04 00:00:00,2505,2530,2400,2510,34141,-0.01953125
2011-10-05 00:00:00,2440,2635,2440,2500,21708,-0.0039840637450199
2011-10-06 00:00:00,2570,2590,2505,2590,45796,0.036000000000000004
2011-10-07 00:00:00,2560,2630,2525,2590,30499,0.0
2011-10-10 00:00:00,2630,2695,2610,2695,64599,0.0405405405405405
2011-10-11 00:00:00,2720,2795,2695,2790,70400,0.0352504638218924
2011-10-12 00:00:00,2790,2835,2715,2825,61756,0.0125448028673835
2011-10-13 00:00:00,2790,2870,2765,2865,60549,0.0141592920353983
2011-10-14 00:00:00,2865,2950,2815,2950,24382,0.0296684118673646
2011-10-17 00:00:00,2915,2935,2810,2860,22673,-0.0305084745762711
2011-10-18 00:00:00,2615,2865,2615,2825,16077,-0.0122377622377621
2011-10-19 00:00:00,2825,2945,2820,2850,2269,0.0088495575221239
2011-10-20 00:00:00,2850,2850,2740,2800,8067,-0.0175438596491228
2011-10-21 00:00:00,2850,2850,2730,2770,13039,-0.0107142857142856
2011-10-24 00:00:00,2825,2825,2745,2760,34508,-0.0036101083032491
2011-10-25 00:00:00,2765,2810,2740,2750,12437,-0.0036231884057971
2011-10-26 00:00:00,2730,2750,2680,2730,9481,-0.0072727272727273
2011-10-27 00:00:00,2800,2800,2695,2715,61415,-0.0054945054945054
2011-10-28 00:00:00,2730,2780,2715,2780,47848,0.0239410681399632
2011-10-31 00:00:00,2775,2775,2710,2730,17236,-0.0179856115107913
2011-11-01 00:00:00,2675,2700,2650,2650,39205,-0.0293040293040293
2011-11-02 00:00:00,2655,2655,2560,2615,26771,-0.0132075471698113
2011-11-03 00:00:00,2620,2640,2600,2600,9626,-0.0057361376673039
2011-11-04 00:00:00,2610,2710,2610,2705,16405,0.0403846153846154
2011-11-07 00:00:00,2720,2725,2680,2725,7595,0.0073937153419594
2011-11-08 00:00:00,2735,2745,2675,2725,6197,0.0
2011-11-09 00:00:00,2740,2740,2690,2715,4120,-0.0036697247706422
2011-11-10 00:00:00,2680,2680,2610,2650,24471,-0.0239410681399632
2011-11-11 00:00:00,2680,2695,2620,2695,19727,0.0169811320754718
2011-11-14 00:00:00,2710,2750,2680,2750,29616,0.0204081632653061
2011-11-15 00:00:00,2745,2745,2635,2695,44353,-0.02
2011-11-16 00:00:00,2720,2745,2625,2660,23628,-0.0129870129870129
2011-11-17 00:00:00,2660,2675,2615,2675,19198,0.0056390977443609
2011-11-18 00:00:00,2615,2670,2595,2645,11865,-0.011214953271027998
2011-11-21 00:00:00,2675,2675,2600,2640,14718,-0.0018903591682419
2011-11-22 00:00:00,2630,2635,2600,2635,3634,-0.0018939393939394
2011-11-23 00:00:00,2650,2650,2555,2595,25978,-0.0151802656546489
2011-11-24 00:00:00,2590,2615,2515,2615,12462,0.0077071290944124
2011-11-25 00:00:00,2625,2625,2540,2575,2142,-0.0152963671128106
2011-11-28 00:00:00,2590,2610,2540,2560,22278,-0.0058252427184466
2011-11-29 00:00:00,2600,2640,2565,2615,9500,0.021484375
2011-11-30 00:00:00,2630,2640,2570,2635,2708,0.0076481835564052
2011-12-01 00:00:00,2735,2735,2600,2645,41759,0.0037950664136623
2011-12-02 00:00:00,2665,2665,2605,2610,13147,-0.0132325141776937
2011-12-05 00:00:00,2660,2670,2600,2625,8451,0.0057471264367816
2011-12-06 00:00:00,2660,2660,2605,2620,9634,-0.0019047619047618
2011-12-07 00:00:00,2685,2690,2610,2620,7166,0.0
2011-12-08 00:00:00,2625,2645,2605,2640,10449,0.0076335877862594
2011-12-09 00:00:00,2640,2640,2605,2630,13291,-0.0037878787878787
2011-12-12 00:00:00,2670,2675,2625,2635,17199,0.0019011406844107
2011-12-13 00:00:00,2645,2650,2605,2635,14356,0.0
2011-12-14 00:00:00,2640,2640,2610,2630,7368,-0.0018975332068311
2011-12-15 00:00:00,2620,2630,2600,2615,17155,-0.0057034220532319
2011-12-16 00:00:00,2635,2635,2575,2600,5715,-0.0057361376673039
2011-12-19 00:00:00,2630,2630,2500,2545,26970,-0.0211538461538461
2011-12-20 00:00:00,2500,2605,2500,2585,11624,0.0157170923379175
2011-12-21 00:00:00,2600,2670,2585,2660,14469,0.0290135396518376
2011-12-22 00:00:00,2660,2670,2605,2610,20933,-0.018796992481203
2011-12-23 00:00:00,2635,2680,2595,2680,35648,0.0268199233716475
2011-12-26 00:00:00,2670,2670,2620,2645,18823,-0.0130597014925373
2011-12-27 00:00:00,2650,2675,2620,2675,14401,0.0113421550094519
2011-12-28 00:00:00,2620,2665,2560,2570,23348,-0.0392523364485981
2011-12-29 00:00:00,2540,2600,2505,2600,26442,0.0116731517509727
2012-01-02 00:00:00,2590,2600,2535,2585,2527,-0.0057692307692307
2012-01-03 00:00:00,2595,2615,2550,2615,15071,0.011605415860735002
2012-01-04 00:00:00,2615,2630,2550,2595,12815,-0.0076481835564053
2012-01-05 00:00:00,2600,2610,2540,2610,185461,0.0057803468208093
2012-01-06 00:00:00,2625,2670,2600,2650,17124,0.0153256704980841
2012-01-09 00:00:00,2660,2770,2640,2710,81626,0.0226415094339622
2012-01-10 00:00:00,2730,2875,2665,2775,126673,0.0239852398523985
2012-01-11 00:00:00,2775,2845,2720,2775,76431,0.0
2012-01-12 00:00:00,2775,2820,2745,2800,20213,0.0090090090090089
2012-01-13 00:00:00,2800,2815,2740,2790,21589,-0.0035714285714285
2012-01-16 00:00:00,2780,2780,2690,2750,46682,-0.014336917562724
2012-01-17 00:00:00,2750,2780,2700,2740,34208,-0.0036363636363636
2012-01-18 00:00:00,2770,2785,2710,2730,21721,-0.0036496350364964
2012-01-19 00:00:00,2765,2765,2700,2730,39385,0.0
2012-01-20 00:00:00,2730,2780,2685,2685,41072,-0.0164835164835165
2012-01-25 00:00:00,2690,2740,2670,2680,26298,-0.0018621973929237
2012-01-26 00:00:00,2730,2740,2680,2720,11590,0.0149253731343284
2012-01-27 00:00:00,2720,2730,2690,2715,27392,-0.0018382352941176
2012-01-30 00:00:00,2715,2755,2685,2735,12738,0.007366482504604
2012-01-31 00:00:00,2730,2850,2725,2760,15761,0.0091407678244972
2012-02-01 00:00:00,2760,2785,2735,2755,31207,-0.0018115942028985
2012-02-02 00:00:00,2765,2940,2765,2840,65660,0.0308529945553539
2012-02-03 00:00:00,2840,2880,2750,2795,202182,-0.0158450704225352
2012-02-06 00:00:00,2845,2885,2780,2815,45113,0.0071556350626118
2012-02-07 00:00:00,2790,2840,2750,2820,153450,0.0017761989342806
2012-02-08 00:00:00,2820,2870,2800,2830,64386,0.00354609929078
2012-02-09 00:00:00,2810,2880,2810,2840,38395,0.0035335689045936
2012-02-10 00:00:00,2875,2885,2840,2860,27251,0.0070422535211267
2012-02-13 00:00:00,2850,2880,2830,2860,23899,0.0
2012-02-14 00:00:00,2880,2970,2875,2940,76098,0.0279720279720279
2012-02-15 00:00:00,2920,3330,2920,3140,519394,0.0680272108843538
2012-02-16 00:00:00,3150,3375,3150,3230,248340,0.0286624203821657
2012-02-17 00:00:00,3280,3345,3170,3275,117774,0.0139318885448915
2012-02-20 00:00:00,3285,3325,3250,3310,78035,0.0106870229007633
2012-02-21 00:00:00,3330,3600,3300,3400,170713,0.027190332326284
2012-02-22 00:00:00,3400,3450,3330,3350,30113,-0.0147058823529411
2012-02-23 00:00:00,3400,3400,3290,3385,26046,0.0104477611940299
2012-02-24 00:00:00,3385,3490,3305,3470,53971,0.0251107828655834
2012-02-27 00:00:00,3460,3460,3370,3395,22571,-0.0216138328530259
2012-02-28 00:00:00,3395,3395,3215,3300,80134,-0.0279823269513991
2012-02-29 00:00:00,3300,3320,3240,3300,39305,0.0
2012-03-02 00:00:00,3320,3375,3270,3310,47901,0.0030303030303029
2012-03-05 00:00:00,3310,3360,3260,3320,22183,0.0030211480362538
2012-03-06 00:00:00,3390,3390,3245,3290,18207,-0.0090361445783132
2012-03-07 00:00:00,3280,3315,3230,3290,44503,0.0
2012-03-08 00:00:00,3350,3350,3265,3300,18765,0.0030395136778116
2012-03-09 00:00:00,3340,3480,3320,3450,81819,0.0454545454545454
2012-03-12 00:00:00,3460,3475,3420,3420,48829,-0.0086956521739129
2012-03-13 00:00:00,3420,3445,3395,3395,25856,-0.0073099415204678
2012-03-14 00:00:00,3410,3435,3355,3425,39971,0.0088365243004417
2012-03-15 00:00:00,3440,3455,3360,3405,21363,-0.0058394160583941
2012-03-16 00:00:00,3405,3425,3315,3350,31149,-0.0161527165932452
2012-03-19 00:00:00,3350,3350,3250,3290,31850,-0.0179104477611939
2012-03-20 00:00:00,3310,3320,3270,3310,12726,0.006079027355623
2012-03-21 00:00:00,3300,3325,3250,3250,31510,-0.0181268882175226
2012-03-22 00:00:00,3250,3280,3150,3210,32056,-0.0123076923076923
2012-03-23 00:00:00,3250,3250,3150,3200,13477,-0.0031152647975077
2012-03-26 00:00:00,3200,3270,3160,3180,28994,-0.0062499999999999
2012-03-27 00:00:00,3240,3250,3150,3150,16488,-0.0094339622641509
2012-03-28 00:00:00,3180,3250,3180,3250,11668,0.0317460317460318
2012-03-29 00:00:00,3245,3245,3095,3205,45321,-0.0138461538461538
2012-03-30 00:00:00,3240,3295,3225,3295,31237,0.0280811232449298
2012-04-02 00:00:00,3315,3355,3280,3355,33186,0.0182094081942336
2012-04-03 00:00:00,3340,3385,3300,3380,18579,0.0074515648286139
2012-04-04 00:00:00,3350,3385,3265,3320,29870,-0.0177514792899408
2012-04-05 00:00:00,3295,3350,3235,3325,14435,0.0015060240963855
2012-04-06 00:00:00,3340,3340,3270,3330,10541,0.0015037593984963
2012-04-09 00:00:00,3330,3330,3250,3320,27887,-0.003003003003003
2012-04-10 00:00:00,3290,3365,3260,3365,27660,0.0135542168674698
2012-04-12 00:00:00,3385,3385,3300,3375,13455,0.0029717682020802
2012-04-13 00:00:00,3375,3445,3375,3375,12352,0.0
2012-04-16 00:00:00,3375,3385,3310,3350,8961,-0.0074074074074074
2012-04-17 00:00:00,3300,3375,3300,3340,12640,-0.0029850746268657
2012-04-18 00:00:00,3370,3415,3295,3350,13270,0.0029940119760478
2012-04-19 00:00:00,3360,3365,3300,3340,20053,-0.0029850746268657
2012-04-20 00:00:00,3340,3350,3245,3245,33245,-0.0284431137724551
2012-04-23 00:00:00,3210,3290,3185,3225,20204,-0.0061633281972265
2012-04-24 00:00:00,3130,3215,3115,3155,30774,-0.0217054263565891
2012-04-25 00:00:00,3185,3240,3155,3155,20686,0.0
2012-04-26 00:00:00,3195,3195,3020,3155,12325,0.0
2012-04-27 00:00:00,3160,3160,3090,3155,5180,0.0
2012-04-30 00:00:00,3160,3190,3120,3160,11304,0.0015847860538826
2012-05-02 00:00:00,3150,3200,3125,3160,5560,0.0
2012-05-03 00:00:00,3160,3270,3130,3235,26181,0.0237341772151897
2012-05-04 00:00:00,3235,3250,3145,3220,11751,-0.0046367851622874
2012-05-07 00:00:00,3215,3215,3125,3190,4553,-0.0093167701863353
2012-05-08 00:00:00,3190,3240,3150,3205,4130,0.0047021943573668
2012-05-09 00:00:00,3220,3220,3190,3210,1374,0.001560062402496
2012-05-10 00:00:00,3145,3230,3100,3170,11909,-0.0124610591900311
2012-05-11 00:00:00,3215,3215,3130,3165,11328,-0.001577287066246
2012-05-14 00:00:00,3200,3200,3055,3140,13643,-0.0078988941548183
2012-05-15 00:00:00,3100,3160,3030,3095,15244,-0.0143312101910828
2012-05-16 00:00:00,3095,3115,2975,3050,18587,-0.0145395799676898
2012-05-17 00:00:00,3040,3145,2950,3120,17939,0.022950819672131
2012-05-18 00:00:00,3060,3120,2995,3055,20671,-0.0208333333333333
2012-05-21 00:00:00,3085,3085,2970,3035,6824,-0.0065466448445171
2012-05-22 00:00:00,3035,3060,3000,3050,5263,0.0049423393739702
2012-05-23 00:00:00,3050,3105,3030,3095,8019,0.0147540983606557
2012-05-24 00:00:00,3115,3125,3035,3115,18778,0.0064620355411955
2012-05-25 00:00:00,3140,3140,3070,3110,13845,-0.001605136436597
2012-05-29 00:00:00,3075,3135,3000,3100,17490,-0.0032154340836012
2012-05-30 00:00:00,3080,3100,3040,3090,2484,-0.0032258064516128
2012-05-31 00:00:00,3040,3090,3030,3065,7610,-0.0080906148867313
2012-06-01 00:00:00,3050,3090,3020,3050,14796,-0.0048939641109299
2012-06-04 00:00:00,3040,3045,2900,2960,12815,-0.0295081967213114
2012-06-05 00:00:00,3000,3000,2910,2955,19985,-0.0016891891891891
2012-06-07 00:00:00,2995,3015,2935,2995,31882,0.0135363790186124
2012-06-08 00:00:00,3030,3030,2940,2985,3461,-0.0033388981636059
2012-06-11 00:00:00,2975,3000,2940,2975,37238,-0.0033500837520937
2012-06-12 00:00:00,2940,2990,2920,2975,9154,0.0
2012-06-13 00:00:00,2990,3140,2975,3025,27991,0.0168067226890755
2012-06-14 00:00:00,3025,3060,2990,3030,12139,0.0016528925619834
2012-06-15 00:00:00,3040,3200,3015,3170,451205,0.0462046204620461
2012-06-18 00:00:00,3240,3240,3100,3140,45304,-0.0094637223974763
2012-06-19 00:00:00,3080,3170,3075,3150,51107,0.0031847133757962
2012-06-20 00:00:00,3130,3185,3130,3150,30495,0.0
2012-06-21 00:00:00,3150,3160,3100,3140,19211,-0.0031746031746031
2012-06-22 00:00:00,3085,3140,3055,3110,7973,-0.0095541401273885
2012-06-25 00:00:00,3170,3170,3070,3105,8382,-0.0016077170418006
2012-06-26 00:00:00,3110,3120,3070,3105,5091,0.0
2012-06-27 00:00:00,3100,3145,3070,3105,6288,0.0
2012-06-28 00:00:00,3150,3150,3055,3110,10535,0.0016103059581320002
2012-06-29 00:00:00,3110,3120,3070,3115,5390,0.0016077170418007
2012-07-02 00:00:00,3150,3170,3055,3115,10869,0.0
2012-07-03 00:00:00,3150,3150,3060,3100,19222,-0.0048154093097912
2012-07-04 00:00:00,3130,3150,3065,3150,33859,0.0161290322580645
2012-07-05 00:00:00,3160,3275,3140,3275,28519,0.0396825396825397
2012-07-06 00:00:00,3290,3290,3230,3270,14143,-0.0015267175572518
2012-07-09 00:00:00,3235,3310,3205,3285,14229,0.0045871559633028
2012-07-10 00:00:00,3260,3305,3180,3250,11778,-0.0106544901065449
2012-07-11 00:00:00,3260,3280,3200,3275,30078,0.0076923076923076
2012-07-12 00:00:00,3270,3375,3200,3285,28091,0.0030534351145037
2012-07-13 00:00:00,3285,3300,3175,3290,24038,0.0015220700152207
2012-07-16 00:00:00,3230,3290,3225,3260,9729,-0.0091185410334346
2012-07-17 00:00:00,3315,3315,3240,3285,9950,0.0076687116564417
2012-07-18 00:00:00,3300,3315,3200,3280,30712,-0.0015220700152207
2012-07-19 00:00:00,3305,3305,3280,3285,786,0.0015243902439023
2012-07-20 00:00:00,3270,3270,3200,3245,17015,-0.0121765601217656
2012-07-23 00:00:00,3275,3275,3095,3190,12360,-0.0169491525423728
2012-07-24 00:00:00,3220,3220,3090,3130,22314,-0.018808777429467
2012-07-25 00:00:00,3100,3145,3025,3090,8557,-0.012779552715655002
2012-07-26 00:00:00,3125,3125,3060,3115,2592,0.0080906148867314
2012-07-27 00:00:00,3140,3210,3115,3175,7665,0.0192616372391654
2012-07-30 00:00:00,3230,3245,3150,3205,3218,0.0094488188976378
2012-07-31 00:00:00,3130,3235,3130,3210,5970,0.001560062402496
2012-08-01 00:00:00,3225,3240,3165,3165,4545,-0.0140186915887849
2012-08-02 00:00:00,3165,3240,3120,3215,8256,0.0157977883096367
2012-08-03 00:00:00,3195,3230,3150,3205,1200,-0.0031104199066873
2012-08-06 00:00:00,3205,3240,3150,3210,11798,0.001560062402496
2012-08-07 00:00:00,3235,3235,3145,3185,10242,-0.0077881619937694
2012-08-08 00:00:00,3210,3210,3125,3175,33193,-0.0031397174254317
2012-08-09 00:00:00,3225,3245,3135,3220,11227,0.0141732283464566
2012-08-10 00:00:00,3230,3250,3180,3180,6078,-0.0124223602484472
2012-08-13 00:00:00,3205,3230,3150,3190,13946,0.0031446540880504
2012-08-14 00:00:00,3205,3230,3170,3170,23397,-0.006269592476489
2012-08-16 00:00:00,3155,3170,3035,3070,96710,-0.0315457413249211
2012-08-17 00:00:00,3070,3095,3000,3060,32266,-0.003257328990228
2012-08-20 00:00:00,3060,3085,3015,3070,22910,0.0032679738562091
2012-08-21 00:00:00,3055,3110,3025,3045,73282,-0.00814332247557
2012-08-22 00:00:00,3080,3090,3030,3040,15553,-0.0016420361247947
2012-08-23 00:00:00,3035,3065,3000,3025,27680,-0.0049342105263158
2012-08-24 00:00:00,3065,3065,3025,3025,7046,0.0
2012-08-27 00:00:00,3025,3060,3000,3010,22895,-0.0049586776859503
2012-08-28 00:00:00,3010,3065,3010,3015,14151,0.0016611295681063
2012-08-29 00:00:00,3060,3095,3020,3090,26957,0.0248756218905472
2012-08-30 00:00:00,3115,3120,3080,3105,35173,0.0048543689320388
2012-08-31 00:00:00,3115,3155,3100,3130,24762,0.0080515297906602
2012-09-03 00:00:00,3130,3450,3115,3345,249631,0.0686900958466454
2012-09-04 00:00:00,3345,3485,3330,3365,162486,0.0059790732436473
2012-09-05 00:00:00,3340,3430,3300,3360,45697,-0.0014858841010401
2012-09-06 00:00:00,3335,3390,3210,3355,53034,-0.0014880952380952
2012-09-07 00:00:00,3360,3425,3240,3340,61708,-0.0044709388971684
2012-09-10 00:00:00,3315,3385,3285,3320,50845,-0.0059880239520958
2012-09-11 00:00:00,3290,3320,3240,3280,23104,-0.0120481927710843
2012-09-12 00:00:00,3245,3360,3245,3300,20825,0.0060975609756097
2012-09-13 00:00:00,3385,3400,3270,3275,64867,-0.0075757575757575
2012-09-14 00:00:00,3300,3580,3260,3540,164963,0.08091603053435101
2012-09-17 00:00:00,3550,3680,3485,3485,112179,-0.0155367231638418
2012-09-18 00:00:00,3480,3705,3445,3630,166830,0.0416068866571017
2012-09-19 00:00:00,3625,3745,3575,3680,92453,0.0137741046831956
2012-09-20 00:00:00,3680,3720,3595,3630,77386,-0.0135869565217391
2012-09-21 00:00:00,3565,3640,3530,3615,67363,-0.0041322314049586
2012-09-24 00:00:00,3575,3665,3520,3640,64720,0.0069156293222683
2012-09-25 00:00:00,3600,3645,3570,3620,30477,-0.0054945054945054
2012-09-26 00:00:00,3600,3615,3545,3550,33837,-0.0193370165745856
2012-09-27 00:00:00,3530,3540,3450,3500,85776,-0.0140845070422535
2012-09-28 00:00:00,3490,3520,3430,3470,22742,-0.0085714285714285
2012-10-02 00:00:00,3440,3520,3420,3470,10198,0.0
2012-10-04 00:00:00,3495,3615,3375,3540,95641,0.0201729106628241
2012-10-05 00:00:00,3510,3665,3510,3640,55054,0.0282485875706215
2012-10-08 00:00:00,3620,3730,3580,3705,55856,0.0178571428571427
2012-10-09 00:00:00,3705,3790,3615,3650,93826,-0.0148448043184885
2012-10-10 00:00:00,3650,3840,3590,3740,149788,0.0246575342465753
2012-10-11 00:00:00,3740,3760,3695,3730,86264,-0.0026737967914438
2012-10-12 00:00:00,3765,3835,3705,3785,52238,0.0147453083109918
2012-10-15 00:00:00,3730,3785,3605,3650,48871,-0.035667107001321
2012-10-16 00:00:00,3680,3680,3545,3630,53208,-0.0054794520547944
2012-10-17 00:00:00,3630,3680,3490,3565,70919,-0.0179063360881542
2012-10-18 00:00:00,3550,3585,3450,3520,49524,-0.0126227208976157
2012-10-19 00:00:00,3500,3565,3420,3565,51461,0.0127840909090908
2012-10-22 00:00:00,3500,3550,3450,3550,24902,-0.0042075736325385
2012-10-23 00:00:00,3550,3630,3500,3600,27670,0.0140845070422535
2012-10-24 00:00:00,3600,3640,3500,3570,12988,-0.0083333333333333
2012-10-25 00:00:00,3570,3595,3425,3525,28931,-0.0126050420168066
2012-10-26 00:00:00,3525,3570,3360,3440,85909,-0.024113475177305
2012-10-29 00:00:00,3440,3475,3350,3390,28717,-0.0145348837209302
2012-10-30 00:00:00,3380,3490,3370,3465,17639,0.0221238938053096
2012-10-31 00:00:00,3510,3510,3400,3460,24539,-0.0014430014430014
2012-11-01 00:00:00,3520,3520,3385,3440,18060,-0.0057803468208093
2012-11-02 00:00:00,3465,3490,3385,3490,15904,0.0145348837209302
2012-11-05 00:00:00,3425,3485,3405,3465,27274,-0.0071633237822349
2012-11-06 00:00:00,3450,3535,3420,3480,15953,0.0043290043290042
2012-11-07 00:00:00,3500,3500,3430,3470,11135,-0.0028735632183908
2012-11-08 00:00:00,3495,3495,3395,3420,17486,-0.0144092219020173
2012-11-09 00:00:00,3470,3470,3360,3420,7829,0.0
2012-11-12 00:00:00,3460,3475,3350,3440,29806,0.0058479532163742
2012-11-13 00:00:00,3470,3500,3410,3485,22676,0.0130813953488371
2012-11-14 00:00:00,3475,3570,3415,3480,37216,-0.0014347202295552
2012-11-15 00:00:00,3475,3475,3370,3420,25020,-0.0172413793103448
2012-11-16 00:00:00,3490,3490,3330,3405,29881,-0.0043859649122807
2012-11-19 00:00:00,3365,3405,3350,3400,29335,-0.0014684287812041
2012-11-20 00:00:00,3425,3445,3360,3440,24928,0.0117647058823529
2012-11-21 00:00:00,3440,3440,3370,3420,20630,-0.0058139534883721
2012-11-22 00:00:00,3430,3430,3350,3395,28566,-0.0073099415204678
2012-11-23 00:00:00,3375,3455,3365,3450,17362,0.0162002945508099
2012-11-26 00:00:00,3460,3575,3460,3560,33509,0.0318840579710144
2012-11-27 00:00:00,3540,3595,3490,3490,9944,-0.0196629213483146
2012-11-28 00:00:00,3520,3550,3480,3515,4493,0.007163323782235
2012-11-29 00:00:00,3550,3580,3450,3550,18620,0.0099573257467995
2012-11-30 00:00:00,3540,3580,3450,3545,6436,-0.0014084507042253
2012-12-03 00:00:00,3560,3560,3470,3500,9562,-0.0126939351198871
2012-12-04 00:00:00,3500,3500,3365,3465,24758,-0.01
2012-12-05 00:00:00,3470,3495,3370,3440,36273,-0.0072150072150072
2012-12-06 00:00:00,3440,3485,3410,3480,8292,0.0116279069767442
2012-12-07 00:00:00,3490,3490,3415,3480,8738,0.0
2012-12-10 00:00:00,3480,3480,3430,3475,2704,-0.0014367816091953
2012-12-11 00:00:00,3485,3570,3485,3570,19675,0.0273381294964027
2012-12-12 00:00:00,3595,3610,3460,3535,29088,-0.0098039215686274
2012-12-13 00:00:00,3590,3590,3520,3550,6963,0.0042432814710042
2012-12-14 00:00:00,3540,3605,3515,3565,6644,0.004225352112676
2012-12-17 00:00:00,3530,3600,3495,3580,14101,0.0042075736325386
2012-12-18 00:00:00,3550,3595,3495,3520,15856,-0.0167597765363128
2012-12-20 00:00:00,3500,3545,3495,3545,15878,0.0071022727272727
2012-12-21 00:00:00,3550,3560,3500,3535,20130,-0.002820874471086
2012-12-24 00:00:00,3485,3585,3485,3560,24825,0.0070721357850069
2012-12-26 00:00:00,3560,3585,3510,3555,17232,-0.0014044943820225
2012-12-27 00:00:00,3550,3550,3470,3490,11493,-0.0182841068917017
2012-12-28 00:00:00,3495,3510,3380,3465,16342,-0.0071633237822349
2013-01-02 00:00:00,3495,3495,3395,3455,21983,-0.0028860028860029
2013-01-03 00:00:00,3435,3455,3400,3425,12571,-0.0086830680173661
2013-01-04 00:00:00,3420,3465,3380,3400,13607,-0.0072992700729926
2013-01-07 00:00:00,3400,3425,3325,3360,13090,-0.0117647058823529
2013-01-08 00:00:00,3335,3370,3320,3340,8366,-0.0059523809523809
2013-01-09 00:00:00,3330,3350,3305,3340,20071,0.0
2013-01-10 00:00:00,3350,3415,3320,3415,21348,0.0224550898203592
2013-01-11 00:00:00,3420,3420,3365,3415,11580,0.0
2013-01-14 00:00:00,3405,3430,3350,3405,18934,-0.0029282576866763
2013-01-15 00:00:00,3405,3405,3350,3395,22230,-0.0029368575624082
2013-01-16 00:00:00,3360,3420,3340,3415,22619,0.0058910162002945
2013-01-17 00:00:00,3410,3410,3350,3370,6709,-0.0131771595900439
2013-01-18 00:00:00,3385,3400,3290,3370,26210,0.0
2013-01-21 00:00:00,3370,3380,3300,3350,25488,-0.0059347181008901
2013-01-22 00:00:00,3350,3365,3270,3310,29542,-0.0119402985074626
2013-01-23 00:00:00,3310,3330,3290,3315,15445,0.0015105740181269
2013-01-24 00:00:00,3315,3370,3270,3325,27895,0.0030165912518853
2013-01-25 00:00:00,3320,3370,3290,3335,8676,0.0030075187969924
2013-01-28 00:00:00,3345,3345,3295,3310,4524,-0.0074962518740629
2013-01-29 00:00:00,3335,3740,3325,3520,127543,0.0634441087613293
2013-01-30 00:00:00,3590,3590,3425,3455,24978,-0.018465909090909
2013-01-31 00:00:00,3455,3600,3440,3600,81637,0.0419681620839362
2013-02-01 00:00:00,3600,3600,3545,3600,38511,0.0
2013-02-04 00:00:00,3595,3595,3495,3535,19322,-0.0180555555555556
2013-02-05 00:00:00,3495,3730,3410,3730,101437,0.0551626591230551
2013-02-06 00:00:00,3675,3815,3665,3745,178377,0.0040214477211795
2013-02-07 00:00:00,3790,3790,3640,3680,32262,-0.0173564753004005
2013-02-08 00:00:00,3675,3695,3595,3680,30571,0.0
2013-02-12 00:00:00,3670,3740,3625,3730,50262,0.013586956521738998
2013-02-13 00:00:00,3755,3935,3755,3800,228345,0.0187667560321715
2013-02-14 00:00:00,3850,3855,3730,3825,73813,0.006578947368420999
2013-02-15 00:00:00,3800,3870,3770,3820,84799,-0.0013071895424836
2013-02-18 00:00:00,3800,3855,3760,3790,16086,-0.0078534031413612
2013-02-19 00:00:00,3765,3815,3655,3715,55099,-0.0197889182058047
2013-02-20 00:00:00,3730,3730,3620,3690,78993,-0.0067294751009421
2013-02-21 00:00:00,3690,3850,3640,3810,63899,0.0325203252032519
2013-02-22 00:00:00,3850,3860,3760,3815,50477,0.0013123359580051
2013-02-25 00:00:00,3790,3895,3780,3860,52690,0.0117955439056356
2013-02-26 00:00:00,3860,3905,3795,3880,41244,0.005181347150259
2013-02-27 00:00:00,3860,3890,3760,3780,24253,-0.0257731958762886
2013-02-28 00:00:00,3750,3800,3700,3765,23271,-0.0039682539682539
2013-03-04 00:00:00,3755,3830,3755,3780,39545,0.0039840637450199
2013-03-05 00:00:00,3840,3950,3800,3935,88439,0.0410052910052909
2013-03-06 00:00:00,3935,3955,3835,3895,60313,-0.0101651842439643
2013-03-07 00:00:00,3915,3915,3810,3885,52962,-0.0025673940949936
2013-03-08 00:00:00,3885,4050,3855,4030,112957,0.0373230373230373
2013-03-11 00:00:00,4050,4105,3970,4055,50406,0.0062034739454093
2013-03-12 00:00:00,4050,4065,3970,4010,23118,-0.0110974106041923
2013-03-13 00:00:00,4010,4035,3885,3980,57551,-0.0074812967581047
2013-03-14 00:00:00,3980,4000,3910,3960,25636,-0.0050251256281407
2013-03-15 00:00:00,3950,3980,3880,3900,21315,-0.0151515151515151
2013-03-18 00:00:00,3860,3900,3725,3750,31955,-0.0384615384615384
2013-03-19 00:00:00,3720,3825,3720,3800,39345,0.0133333333333334
2013-03-20 00:00:00,3800,3800,3700,3710,42200,-0.0236842105263157
2013-03-21 00:00:00,3715,3745,3700,3725,35354,0.0040431266846361
2013-03-22 00:00:00,3725,3770,3700,3720,17614,-0.0013422818791946
2013-03-25 00:00:00,3720,3845,3720,3845,35795,0.0336021505376344
2013-03-26 00:00:00,3830,3980,3815,3945,52030,0.0260078023407022
2013-03-27 00:00:00,3910,3970,3900,3955,34478,0.0025348542458809
2013-03-28 00:00:00,3955,3970,3905,3955,5439,0.0
2013-03-29 00:00:00,3945,3990,3870,3885,14871,-0.0176991150442478
2013-04-01 00:00:00,3885,3920,3855,3910,16486,0.0064350064350064
2013-04-02 00:00:00,3895,3945,3850,3900,15697,-0.0025575447570332
2013-04-03 00:00:00,3940,4275,3895,4045,146337,0.0371794871794872
2013-04-04 00:00:00,4095,4100,3955,3990,41816,-0.0135970333745364
2013-04-05 00:00:00,4080,4080,3795,3975,69671,-0.0037593984962406
2013-04-08 00:00:00,3890,3970,3810,3900,32442,-0.0188679245283018
2013-04-09 00:00:00,3865,3935,3785,3920,30973,0.0051282051282051
2013-04-10 00:00:00,3950,3960,3795,3950,14940,0.0076530612244898
2013-04-11 00:00:00,3950,4050,3870,4000,26088,0.0126582278481013
2013-04-12 00:00:00,3980,4070,3980,4030,30767,0.0075
2013-04-15 00:00:00,4010,4125,4010,4125,43098,0.0235732009925557
2013-04-16 00:00:00,4125,4225,4070,4210,44494,0.0206060606060605
2013-04-17 00:00:00,4220,4290,4175,4260,52701,0.0118764845605701
2013-04-18 00:00:00,4255,4350,4225,4340,45462,0.0187793427230047
2013-04-19 00:00:00,4370,4370,4290,4330,19476,-0.0023041474654378
2013-04-22 00:00:00,4315,4355,4200,4315,13604,-0.0034642032332563
2013-04-23 00:00:00,4250,4315,4135,4250,28773,-0.0150637311703359
2013-04-24 00:00:00,4260,4330,4200,4250,19423,0.0
2013-04-25 00:00:00,4275,4330,4205,4270,22608,0.0047058823529411
2013-04-26 00:00:00,4280,4455,4270,4430,96067,0.0374707259953162
2013-04-29 00:00:00,4430,4450,4380,4400,50431,-0.0067720090293453
2013-04-30 00:00:00,4400,4435,4300,4415,21316,0.0034090909090909
2013-05-02 00:00:00,4380,4440,4235,4260,21041,-0.0351075877689693
2013-05-03 00:00:00,4245,4320,4090,4145,64337,-0.0269953051643192
2013-05-06 00:00:00,4145,4185,4050,4090,49188,-0.0132689987937273
2013-05-07 00:00:00,4090,4205,4075,4200,33277,0.0268948655256724
2013-05-08 00:00:00,4200,4365,4170,4365,20791,0.0392857142857143
2013-05-09 00:00:00,4370,4400,4280,4330,13447,-0.0080183276059564
2013-05-10 00:00:00,4305,4390,4200,4280,29563,-0.0115473441108544
2013-05-13 00:00:00,4300,4515,4300,4360,140334,0.0186915887850467
2013-05-14 00:00:00,4365,4425,4225,4270,41629,-0.0206422018348624
2013-05-15 00:00:00,4250,4335,4225,4235,25331,-0.0081967213114754
2013-05-16 00:00:00,4250,4300,4185,4220,15352,-0.0035419126328217
2013-05-20 00:00:00,4175,4270,4135,4270,20940,0.0118483412322274
2013-05-21 00:00:00,4330,4330,4270,4300,5244,0.0070257611241217
2013-05-22 00:00:00,4300,4345,4285,4325,28510,0.0058139534883721
2013-05-23 00:00:00,4345,4345,4265,4285,6283,-0.0092485549132947
2013-05-24 00:00:00,4250,4370,4235,4370,8678,0.0198366394399065
2013-05-27 00:00:00,4355,4390,4250,4295,60557,-0.017162471395881
2013-05-28 00:00:00,4310,4395,4305,4340,64930,0.0104772991850989
2013-05-29 00:00:00,4340,4410,4300,4355,52744,0.0034562211981565
2013-05-30 00:00:00,4335,4440,4330,4390,26939,0.0080367393800229
2013-05-31 00:00:00,4430,4595,4380,4445,61707,0.0125284738041002
2013-06-03 00:00:00,4405,4490,4360,4385,27302,-0.0134983127109111
2013-06-04 00:00:00,4345,4385,4300,4385,6506,0.0
2013-06-05 00:00:00,4435,4435,4220,4315,10675,-0.015963511972633997
2013-06-07 00:00:00,4315,4340,4090,4195,37645,-0.0278099652375434
2013-06-10 00:00:00,4190,4350,4190,4325,16851,0.0309892729439809
2013-06-11 00:00:00,4350,4475,4310,4475,27636,0.0346820809248555
2013-06-12 00:00:00,4480,4865,4475,4750,139154,0.0614525139664805
2013-06-13 00:00:00,4750,4800,4510,4570,118443,-0.0378947368421053
2013-06-14 00:00:00,4690,4715,4565,4565,38366,-0.0010940919037198
2013-06-17 00:00:00,4550,4660,4385,4500,56463,-0.0142387732749178
2013-06-18 00:00:00,4500,4590,4445,4545,38591,0.01
2013-06-19 00:00:00,4605,4800,4520,4700,66648,0.034103410341034
2013-06-20 00:00:00,4700,4700,4510,4640,28742,-0.0127659574468085
2013-06-21 00:00:00,4600,4620,4485,4590,40982,-0.0107758620689655
2013-06-24 00:00:00,4610,4720,4575,4595,40893,0.0010893246187364
2013-06-25 00:00:00,4500,4595,4295,4400,31839,-0.0424374319912949
2013-06-26 00:00:00,4440,4440,4260,4410,26870,0.0022727272727272
2013-06-27 00:00:00,4440,4480,4350,4435,13311,0.0056689342403628
2013-06-28 00:00:00,4495,4575,4425,4495,34058,0.0135287485907553
2013-07-01 00:00:00,4595,4595,4460,4495,5165,0.0
2013-07-02 00:00:00,4490,4580,4460,4495,4350,0.0
2013-07-03 00:00:00,4545,4545,4390,4450,19772,-0.0100111234705227
2013-07-04 00:00:00,4495,4520,4390,4425,10383,-0.0056179775280899
2013-07-05 00:00:00,4470,4530,4395,4420,4287,-0.0011299435028248
2013-07-08 00:00:00,4425,4510,4315,4370,12305,-0.01131221719457
2013-07-09 00:00:00,4460,4460,4340,4360,25498,-0.0022883295194507
2013-07-10 00:00:00,4450,4450,4360,4415,4957,0.0126146788990826
2013-07-11 00:00:00,4445,4620,4430,4540,28546,0.0283125707814269
2013-07-12 00:00:00,4590,4650,4510,4600,12114,0.0132158590308371
2013-07-15 00:00:00,4660,4660,4560,4570,10034,-0.0065217391304347
2013-07-16 00:00:00,4600,4645,4545,4600,4818,0.0065645514223193
2013-07-17 00:00:00,4645,4690,4560,4680,12364,0.0173913043478259
2013-07-18 00:00:00,4680,4710,4600,4645,9905,-0.0074786324786324
2013-07-19 00:00:00,4610,4685,4500,4500,22638,-0.0312163616792249
2013-07-22 00:00:00,4530,4615,4500,4535,9738,0.0077777777777778
2013-07-23 00:00:00,4560,4590,4435,4500,6590,-0.0077177508269018
2013-07-24 00:00:00,4500,4515,4420,4500,14705,0.0
2013-07-25 00:00:00,4570,4570,4380,4470,25127,-0.0066666666666667
2013-07-26 00:00:00,4490,4490,4390,4450,12566,-0.0044742729306487
2013-07-29 00:00:00,4450,4505,4350,4475,13129,0.0056179775280897
2013-07-30 00:00:00,4485,4485,4380,4380,11478,-0.0212290502793296
2013-07-31 00:00:00,4410,4445,4300,4400,9538,0.004566210045662
2013-08-01 00:00:00,4430,4430,4345,4390,9056,-0.0022727272727273
2013-08-02 00:00:00,4390,4440,4340,4440,11430,0.0113895216400912
2013-08-05 00:00:00,4395,4440,4350,4380,28352,-0.0135135135135134
2013-08-06 00:00:00,4360,4555,4360,4505,48293,0.028538812785388
2013-08-07 00:00:00,4535,4750,4510,4665,42921,0.0355160932297446
2013-08-08 00:00:00,4700,4760,4650,4665,18610,0.0
2013-08-09 00:00:00,4800,4800,4665,4720,9297,0.0117899249732047
2013-08-12 00:00:00,4790,4790,4615,4700,13834,-0.0042372881355932
2013-08-13 00:00:00,4745,4745,4560,4615,31900,-0.0180851063829787
2013-08-14 00:00:00,4640,4745,4580,4635,10650,0.0043336944745395
2013-08-16 00:00:00,4680,4755,4610,4755,112671,0.0258899676375403
2013-08-19 00:00:00,4810,5000,4775,4905,115968,0.0315457413249211
2013-08-20 00:00:00,4905,4905,4720,4820,25350,-0.0173292558613659
2013-08-21 00:00:00,4765,4810,4625,4800,73588,-0.0041493775933609
2013-08-22 00:00:00,4785,4805,4660,4795,62873,-0.0010416666666667
2013-08-23 00:00:00,4810,4890,4790,4840,11065,0.0093847758081335
2013-08-26 00:00:00,4815,4870,4670,4770,41420,-0.0144628099173553
2013-08-27 00:00:00,4770,4785,4680,4680,14814,-0.0188679245283018
2013-08-28 00:00:00,4665,4680,4580,4660,8420,-0.0042735042735042
2013-08-29 00:00:00,4615,4680,4500,4580,21102,-0.0171673819742489
2013-08-30 00:00:00,4560,4660,4490,4620,10204,0.0087336244541484
2013-09-02 00:00:00,4600,4620,4560,4615,9317,-0.0010822510822511
2013-09-03 00:00:00,4610,4695,4600,4690,33993,0.0162513542795232
2013-09-04 00:00:00,4680,4725,4610,4715,11004,0.0053304904051172
2013-09-05 00:00:00,4715,4730,4660,4720,31726,0.0010604453870626
2013-09-06 00:00:00,4700,4755,4700,4745,15753,0.0052966101694915
2013-09-09 00:00:00,4800,4820,4660,4820,54886,0.0158061116965226
2013-09-10 00:00:00,4850,4870,4700,4780,22391,-0.0082987551867219
2013-09-11 00:00:00,4750,4835,4750,4825,8232,0.0094142259414224
2013-09-12 00:00:00,4825,4860,4805,4840,7223,0.0031088082901553
2013-09-13 00:00:00,4800,4880,4780,4840,20774,0.0
2013-09-16 00:00:00,4880,4880,4740,4815,5806,-0.0051652892561983
2013-09-17 00:00:00,4870,4875,4795,4845,6227,0.0062305295950155
2013-09-23 00:00:00,4875,4875,4800,4840,3590,-0.001031991744066
2013-09-24 00:00:00,4815,4870,4735,4865,35720,0.0051652892561984
2013-09-25 00:00:00,4900,4900,4765,4880,19853,0.0030832476875641
2013-09-26 00:00:00,4905,4915,4790,4865,3318,-0.0030737704918032
2013-09-27 00:00:00,4805,4885,4735,4840,21129,-0.0051387461459403
2013-09-30 00:00:00,4825,4825,4750,4825,13996,-0.003099173553719
2013-10-01 00:00:00,4910,4910,4750,4870,17802,0.0093264248704663
2013-10-02 00:00:00,4890,4980,4770,4840,7171,-0.0061601642710472
2013-10-04 00:00:00,4915,4915,4745,4805,5275,-0.0072314049586776
2013-10-07 00:00:00,4755,4770,4675,4750,15018,-0.0114464099895941
2013-10-08 00:00:00,4795,4800,4650,4785,5867,0.0073684210526314
2013-10-10 00:00:00,4700,4790,4665,4790,18147,0.0010449320794148
2013-10-11 00:00:00,4800,4850,4695,4850,31148,0.0125260960334028
2013-10-14 00:00:00,4895,4895,4650,4750,38587,-0.0206185567010309
2013-10-15 00:00:00,4750,4890,4625,4685,20450,-0.0136842105263157
2013-10-16 00:00:00,4630,4745,4590,4630,39182,-0.0117395944503735
2013-10-17 00:00:00,4700,4780,4685,4750,55426,0.0259179265658746
2013-10-18 00:00:00,4660,4750,4660,4735,4943,-0.0031578947368421
2013-10-21 00:00:00,4810,4810,4670,4735,2142,0.0
2013-10-22 00:00:00,4680,4775,4595,4675,21060,-0.0126715945089757
2013-10-23 00:00:00,4675,4710,4545,4575,17092,-0.0213903743315507
2013-10-24 00:00:00,4530,4640,4450,4640,66240,0.014207650273224
2013-10-25 00:00:00,4680,4685,4570,4640,98782,0.0
2013-10-28 00:00:00,4625,4680,4605,4640,19826,0.0
2013-10-29 00:00:00,4670,4670,4630,4630,14494,-0.0021551724137931
2013-10-30 00:00:00,4630,4660,4550,4660,56095,0.0064794816414686
2013-10-31 00:00:00,4670,4670,4600,4650,8061,-0.0021459227467811
2013-11-01 00:00:00,4650,4650,4605,4650,2807,0.0
2013-11-04 00:00:00,4645,4645,4555,4635,2150,-0.0032258064516128
2013-11-05 00:00:00,4635,4645,4570,4625,1955,-0.0021574973031284
2013-11-06 00:00:00,4600,4625,4565,4600,4051,-0.0054054054054053
2013-11-07 00:00:00,4595,4630,4580,4600,3025,0.0
2013-11-08 00:00:00,4550,4600,4510,4590,3727,-0.0021739130434782
2013-11-11 00:00:00,4505,4595,4500,4595,4851,0.0010893246187364
2013-11-12 00:00:00,4590,4590,4525,4590,432,-0.001088139281828
2013-11-13 00:00:00,4585,4585,4450,4505,8869,-0.0185185185185184
2013-11-14 00:00:00,4500,4560,4485,4500,8793,-0.0011098779134295
2013-11-15 00:00:00,4485,4530,4460,4515,8918,0.0033333333333334
2013-11-18 00:00:00,4485,4520,4450,4490,2958,-0.0055370985603543
2013-11-19 00:00:00,4485,4485,4405,4455,9335,-0.0077951002227171
2013-11-20 00:00:00,4435,4475,4300,4460,51598,0.0011223344556678
2013-11-21 00:00:00,4460,4460,4400,4440,4337,-0.0044843049327354
2013-11-22 00:00:00,4470,4475,4315,4475,3912,0.0078828828828829
2013-11-25 00:00:00,4440,4525,4440,4500,21982,0.0055865921787709
2013-11-26 00:00:00,4480,4500,4460,4500,3800,0.0
2013-11-27 00:00:00,4480,4500,4300,4490,44850,-0.0022222222222222
2013-11-28 00:00:00,4490,4500,4355,4490,14810,0.0
2013-11-29 00:00:00,4480,4505,4290,4390,53096,-0.022271714922049
2013-12-02 00:00:00,4355,4605,4355,4490,42740,0.0227790432801822
2013-12-03 00:00:00,4560,4560,4380,4480,27083,-0.0022271714922048
2013-12-04 00:00:00,4515,4515,4420,4460,4886,-0.0044642857142856
2013-12-05 00:00:00,4500,4500,4400,4460,6364,0.0
2013-12-06 00:00:00,4500,4500,4375,4455,9013,-0.0011210762331838
2013-12-09 00:00:00,4435,4500,4400,4445,7028,-0.0022446689113355
2013-12-10 00:00:00,4440,4495,4390,4470,2994,0.0056242969628796
2013-12-11 00:00:00,4500,4500,4370,4435,5238,-0.0078299776286353
2013-12-12 00:00:00,4370,4470,4370,4435,4492,0.0
2013-12-13 00:00:00,4375,4480,4370,4415,2457,-0.0045095828635851
2013-12-16 00:00:00,4380,4460,4370,4405,1369,-0.0022650056625141
2013-12-17 00:00:00,4365,4475,4355,4400,1918,-0.0011350737797957
2013-12-18 00:00:00,4425,4425,4380,4405,786,0.0011363636363637
2013-12-19 00:00:00,4360,4410,4360,4390,1522,-0.003405221339387
2013-12-20 00:00:00,4350,4400,4290,4320,7539,-0.0159453302961275
2013-12-23 00:00:00,4320,4360,4270,4360,11747,0.0092592592592593
2013-12-24 00:00:00,4350,4350,4300,4350,4338,-0.0022935779816514
2013-12-26 00:00:00,4275,4400,4275,4345,35813,-0.0011494252873562
2013-12-27 00:00:00,4345,4395,4250,4375,11612,0.006904487917146
2013-12-30 00:00:00,4375,4375,4300,4360,18875,-0.0034285714285714
2014-01-02 00:00:00,4390,4390,4250,4290,17321,-0.0160550458715595
2014-01-03 00:00:00,4310,4310,4250,4280,2452,-0.0023310023310023
2014-01-06 00:00:00,4280,4340,4265,4340,6018,0.0140186915887849
2014-01-07 00:00:00,4360,4420,4320,4330,17271,-0.0023041474654378
2014-01-08 00:00:00,4320,4385,4280,4325,5709,-0.0011547344110854
2014-01-09 00:00:00,4325,4345,4300,4325,3754,0.0
2014-01-10 00:00:00,4345,4360,4275,4360,7521,0.0080924855491328
2014-01-13 00:00:00,4320,4360,4280,4335,21870,-0.0057339449541284
2014-01-14 00:00:00,4320,4370,4300,4370,2041,0.0080738177623991
2014-01-15 00:00:00,4350,4435,4345,4395,7048,0.005720823798627
2014-01-16 00:00:00,4395,4430,4345,4415,2223,0.0045506257110352
2014-01-17 00:00:00,4410,4440,4300,4340,18478,-0.0169875424688561
2014-01-20 00:00:00,4390,4415,4305,4395,7117,0.0126728110599079
2014-01-21 00:00:00,4405,4405,4355,4395,12245,0.0
2014-01-22 00:00:00,4420,4420,4315,4335,6397,-0.0136518771331057
2014-01-23 00:00:00,4320,4380,4300,4355,7661,0.0046136101499423
2014-01-24 00:00:00,4320,4355,4235,4285,17006,-0.0160734787600459
2014-01-27 00:00:00,4280,4300,4195,4270,6626,-0.0035005834305718
2014-01-28 00:00:00,4265,4265,4190,4250,6573,-0.0046838407494145
2014-01-29 00:00:00,4245,4365,4215,4365,24721,0.0270588235294118
2014-02-03 00:00:00,4320,4385,4290,4385,4603,0.0045819014891179
2014-02-04 00:00:00,4320,4395,4260,4330,10224,-0.0125427594070695
2014-02-05 00:00:00,4325,4360,4320,4360,9182,0.0069284064665127
2014-02-06 00:00:00,4340,4390,4310,4390,2656,0.0068807339449541
2014-02-07 00:00:00,4420,4420,4350,4390,6639,0.0
2014-02-10 00:00:00,4355,4410,4345,4400,3897,0.0022779043280183
2014-02-11 00:00:00,4360,4420,4345,4390,5456,-0.0022727272727273
2014-02-12 00:00:00,4395,4395,4330,4380,3252,-0.0022779043280182
2014-02-13 00:00:00,4345,4375,4320,4370,6459,-0.002283105022831
2014-02-14 00:00:00,4345,4380,4325,4370,7621,0.0
2014-02-17 00:00:00,4350,4405,4350,4360,7271,-0.0022883295194507
2014-02-18 00:00:00,4360,4410,4350,4390,9264,0.0068807339449541
2014-02-19 00:00:00,4410,4410,4350,4405,8212,0.0034168564920273
2014-02-20 00:00:00,4400,4700,4370,4635,32670,0.0522133938706015
2014-02-21 00:00:00,4660,4785,4565,4690,56333,0.011866235167206002
2014-02-24 00:00:00,4665,4780,4595,4650,17515,-0.0085287846481876
2014-02-25 00:00:00,4670,4765,4595,4600,10307,-0.010752688172043
2014-02-26 00:00:00,4590,4720,4525,4700,7248,0.0217391304347827
2014-02-27 00:00:00,4720,4800,4670,4765,19286,0.0138297872340424
2014-02-28 00:00:00,4805,4805,4635,4665,9478,-0.0209863588667366
2014-03-03 00:00:00,4630,4665,4580,4610,3475,-0.0117899249732047
2014-03-04 00:00:00,4610,4705,4270,4430,66877,-0.0390455531453362
2014-03-05 00:00:00,4425,4665,4385,4585,37119,0.0349887133182844
2014-03-06 00:00:00,4560,4595,4500,4530,9943,-0.0119956379498363
2014-03-07 00:00:00,4575,4600,4470,4530,26597,0.0
2014-03-10 00:00:00,4515,4560,4490,4520,6204,-0.0022075055187638
2014-03-11 00:00:00,4565,4700,4495,4650,26445,0.0287610619469027
2014-03-12 00:00:00,4620,4715,4555,4625,12941,-0.0053763440860215
2014-03-13 00:00:00,4625,4800,4625,4720,19241,0.0205405405405405
2014-03-14 00:00:00,4720,4785,4630,4660,12008,-0.0127118644067796
2014-03-17 00:00:00,4665,4750,4525,4600,22604,-0.0128755364806867
2014-03-18 00:00:00,4650,4650,4550,4640,21670,0.0086956521739129
2014-03-19 00:00:00,4690,4690,4600,4665,19324,0.0053879310344826
2014-03-20 00:00:00,4665,4745,4625,4745,16942,0.0171489817792067
2014-03-21 00:00:00,4770,5100,4770,5000,90506,0.053740779768177004
2014-03-24 00:00:00,5030,5150,5000,5070,38056,0.014
2014-03-25 00:00:00,5100,5130,4945,5030,34418,-0.0078895463510848
2014-03-26 00:00:00,5070,5300,4975,5080,45518,0.0099403578528827
2014-03-27 00:00:00,5100,5150,5040,5090,34289,0.0019685039370078
2014-03-28 00:00:00,5060,5160,4995,5070,32180,-0.0039292730844793
2014-03-31 00:00:00,5120,5120,4985,5040,27019,-0.0059171597633136
2014-04-01 00:00:00,5080,5080,4900,5040,39350,0.0
2014-04-02 00:00:00,5020,5140,5020,5100,38877,0.0119047619047618
2014-04-03 00:00:00,5080,5180,5050,5100,4207,0.0
2014-04-04 00:00:00,5080,5190,5020,5160,6513,0.0117647058823529
2014-04-07 00:00:00,5100,5180,5000,5180,67613,0.003875968992248
2014-04-08 00:00:00,5140,5480,5140,5350,51587,0.0328185328185328
2014-04-09 00:00:00,5340,5440,5260,5430,26731,0.0149532710280373
2014-04-10 00:00:00,5430,5490,5370,5410,31995,-0.003683241252302
2014-04-11 00:00:00,5400,5440,5340,5400,12592,-0.0018484288354898
2014-04-14 00:00:00,5350,5420,5330,5420,13747,0.0037037037037037
2014-04-15 00:00:00,5390,5450,5270,5340,21197,-0.014760147601476004
2014-04-16 00:00:00,5400,5400,5300,5380,20665,0.0074906367041198
2014-04-17 00:00:00,5430,5450,5310,5420,43118,0.0074349442379182
2014-04-18 00:00:00,5430,5480,5400,5450,6306,0.0055350553505535
2014-04-21 00:00:00,5440,5460,5350,5430,6158,-0.0036697247706422
2014-04-22 00:00:00,5360,5470,5360,5450,24016,0.003683241252302
2014-04-23 00:00:00,5430,5490,5390,5440,10932,-0.001834862385321
2014-04-24 00:00:00,5370,5480,5280,5470,40767,0.0055147058823530005
2014-04-25 00:00:00,5460,5530,5390,5480,8596,0.0018281535648994
2014-04-28 00:00:00,5380,5500,5360,5500,9796,0.0036496350364962
2014-04-29 00:00:00,5400,5500,5370,5470,13128,-0.0054545454545454
2014-04-30 00:00:00,5460,5550,5390,5540,27856,0.012797074954296002
2014-05-02 00:00:00,5540,5800,5540,5600,34778,0.0108303249097472
2014-05-07 00:00:00,5590,5590,5490,5540,11397,-0.0107142857142856
2014-05-08 00:00:00,5470,5580,5440,5570,6906,0.0054151624548737
2014-05-09 00:00:00,5570,5730,5570,5700,19854,0.0233393177737881
2014-05-12 00:00:00,5700,5770,5530,5660,19050,-0.0070175438596491
2014-05-13 00:00:00,5640,5700,5450,5670,69152,0.0017667844522968
2014-05-14 00:00:00,5690,5770,5600,5720,17463,0.0088183421516754
2014-05-15 00:00:00,5720,5770,5630,5710,7069,-0.0017482517482517
2014-05-16 00:00:00,5670,5740,5630,5670,3961,-0.0070052539404553
2014-05-19 00:00:00,5660,5660,5460,5530,23330,-0.0246913580246913
2014-05-20 00:00:00,5560,5620,5300,5490,23072,-0.0072332730560579
2014-05-21 00:00:00,5410,5600,5410,5550,7185,0.0109289617486338
2014-05-22 00:00:00,5550,5640,5410,5550,3039,0.0
2014-05-23 00:00:00,5550,5640,5470,5550,9695,0.0
2014-05-26 00:00:00,5530,5640,5520,5570,5458,0.0036036036036035
2014-05-27 00:00:00,5500,5630,5500,5620,19938,0.0089766606822261
2014-05-28 00:00:00,5600,5690,5520,5690,27546,0.0124555160142347
2014-05-29 00:00:00,5700,5700,5640,5670,7320,-0.0035149384885764
2014-05-30 00:00:00,5670,5720,5410,5600,34512,-0.0123456790123457
2014-06-02 00:00:00,5600,5640,5350,5540,19631,-0.0107142857142856
2014-06-03 00:00:00,5520,5550,5370,5490,35467,-0.0090252707581227
2014-06-05 00:00:00,5490,5490,5270,5350,28938,-0.0255009107468123
2014-06-09 00:00:00,5390,5430,5240,5380,9836,0.005607476635513999
2014-06-10 00:00:00,5430,5430,5350,5410,8572,0.0055762081784387
2014-06-11 00:00:00,5420,5490,5350,5470,9717,0.0110905730129389
2014-06-12 00:00:00,5470,5530,5390,5520,5909,0.0091407678244972
2014-06-13 00:00:00,5530,5600,5410,5600,7042,0.0144927536231884
2014-06-16 00:00:00,5600,5630,5500,5570,4696,-0.0053571428571428
2014-06-17 00:00:00,5640,5640,5520,5570,2323,0.0
2014-06-18 00:00:00,5570,5600,5410,5500,6984,-0.0125673249551166
2014-06-19 00:00:00,5460,5540,5430,5490,3316,-0.0018181818181818
2014-06-20 00:00:00,5490,5550,5450,5520,5874,0.0054644808743169
2014-06-23 00:00:00,5510,5530,5460,5490,2797,-0.0054347826086956
2014-06-24 00:00:00,5490,5510,5370,5470,16418,-0.0036429872495445
2014-06-25 00:00:00,5470,5490,5220,5420,46027,-0.0091407678244972
2014-06-26 00:00:00,5440,5480,5280,5400,23729,-0.0036900369003689
2014-06-27 00:00:00,5400,5400,5310,5400,5527,0.0
2014-06-30 00:00:00,5350,5550,5310,5480,12594,0.0148148148148148
2014-07-01 00:00:00,5460,5550,5420,5550,13968,0.0127737226277371
2014-07-02 00:00:00,5550,5680,5490,5670,10079,0.0216216216216216
2014-07-03 00:00:00,5670,5730,5610,5710,8239,0.0070546737213403
2014-07-04 00:00:00,5710,5710,5550,5680,12118,-0.0052539404553415
2014-07-07 00:00:00,5680,5690,5610,5690,7877,0.0017605633802817
2014-07-08 00:00:00,5740,6000,5660,6000,32399,0.0544815465729349
2014-07-09 00:00:00,6000,6000,5900,6000,12178,0.0
2014-07-10 00:00:00,6000,6070,5900,6030,7166,0.0049999999999998
2014-07-11 00:00:00,6020,6030,5900,5940,12497,-0.0149253731343284
2014-07-14 00:00:00,5990,6050,5880,6000,13732,0.0101010101010101
2014-07-15 00:00:00,5970,6030,5900,5960,4246,-0.0066666666666667
2014-07-16 00:00:00,5990,5990,5780,5850,12275,-0.0184563758389261
2014-07-17 00:00:00,5850,6000,5800,5890,5230,0.0068376068376068
2014-07-18 00:00:00,5890,5920,5770,5880,4965,-0.0016977928692699
2014-07-21 00:00:00,5980,5980,5690,5800,13927,-0.0136054421768707
2014-07-22 00:00:00,5850,5850,5550,5560,25207,-0.0413793103448275
2014-07-23 00:00:00,5560,5600,5390,5450,49698,-0.0197841726618704
2014-07-24 00:00:00,5450,5550,5350,5500,14913,0.0091743119266054
2014-07-25 00:00:00,5500,5610,5470,5610,7391,0.02
2014-07-28 00:00:00,5600,5680,5560,5650,16736,0.0071301247771835
2014-07-29 00:00:00,5670,5670,5480,5580,11908,-0.0123893805309734
2014-07-30 00:00:00,5540,5580,5430,5510,14132,-0.0125448028673834
2014-07-31 00:00:00,5500,5640,5430,5620,36195,0.0199637023593466
2014-08-01 00:00:00,5600,5720,5510,5720,29500,0.0177935943060498
2014-08-04 00:00:00,5720,5800,5630,5800,15591,0.0139860139860139
2014-08-05 00:00:00,5800,5820,5730,5800,10289,0.0
2014-08-06 00:00:00,5800,5820,5700,5770,7840,-0.0051724137931034
2014-08-07 00:00:00,5770,5770,5570,5740,30780,-0.0051993067590987
2014-08-08 00:00:00,5750,5750,5590,5700,2295,-0.0069686411149826
2014-08-11 00:00:00,5740,5800,5600,5800,16723,0.0175438596491228
2014-08-12 00:00:00,5800,5800,5640,5710,15483,-0.0155172413793103
2014-08-13 00:00:00,5710,5740,5470,5640,21365,-0.0122591943957968
2014-08-14 00:00:00,5640,5750,5640,5720,11010,0.0141843971631205
2014-08-18 00:00:00,5720,5940,5660,5940,18722,0.0384615384615385
2014-08-19 00:00:00,5930,6000,5860,5980,12942,0.0067340067340067
2014-08-20 00:00:00,6000,6000,5830,5970,7490,-0.0016722408026755
2014-08-21 00:00:00,5910,6060,5880,5970,11383,0.0
2014-08-22 00:00:00,5960,6180,5920,5990,38642,0.0033500837520938
2014-08-25 00:00:00,6070,6070,5800,5930,6773,-0.0100166944908179
2014-08-26 00:00:00,5960,5990,5850,5950,11468,0.0033726812816188
2014-08-27 00:00:00,5950,6440,5840,6100,50774,0.0252100840336133
2014-08-28 00:00:00,6100,6110,5890,6100,51934,0.0
2014-08-29 00:00:00,6040,6220,6040,6190,31772,0.0147540983606557
2014-09-01 00:00:00,6190,6440,6120,6250,45468,0.0096930533117931
2014-09-02 00:00:00,6250,6250,6000,6000,122487,-0.04
2014-09-03 00:00:00,6040,6120,5950,6000,39739,0.0
2014-09-04 00:00:00,5970,6100,5940,6050,17763,0.0083333333333333
2014-09-05 00:00:00,6090,6100,5970,6080,18645,0.0049586776859504
2014-09-11 00:00:00,6110,6110,5950,5990,19887,-0.0148026315789473
2014-09-12 00:00:00,5980,6080,5820,5860,34584,-0.021702838063439
2014-09-15 00:00:00,5840,5930,5800,5910,20499,0.0085324232081911
2014-09-16 00:00:00,5930,5950,5850,5940,9591,0.0050761421319796
2014-09-17 00:00:00,5930,6180,5880,6000,56338,0.0101010101010101
2014-09-18 00:00:00,5990,6040,5940,5990,10270,-0.0016666666666667
2014-09-19 00:00:00,6060,6110,5940,5990,24138,0.0
2014-09-22 00:00:00,6020,6090,5920,6030,10834,0.0066777963272119
2014-09-23 00:00:00,6020,6030,5870,6010,14892,-0.0033167495854062
2014-09-24 00:00:00,6030,6040,5900,5980,18657,-0.0049916805324459
2014-09-25 00:00:00,6000,6230,6000,6100,37552,0.020066889632107
2014-09-26 00:00:00,6050,6140,5970,6130,13867,0.0049180327868851
2014-09-29 00:00:00,6130,6130,5900,6030,23355,-0.0163132137030994
2014-09-30 00:00:00,6030,6030,5890,5900,10208,-0.0215588723051409
2014-10-01 00:00:00,5900,5970,5620,5830,19386,-0.011864406779661002
2014-10-02 00:00:00,5890,5890,5690,5800,9233,-0.0051457975986277
2014-10-06 00:00:00,5770,5890,5270,5300,61996,-0.086206896551724
2014-10-07 00:00:00,5320,5500,5310,5500,21102,0.0377358490566037
2014-10-08 00:00:00,5450,5550,5370,5500,12714,0.0
2014-10-10 00:00:00,5470,5490,5390,5460,12488,-0.0072727272727273
2014-10-13 00:00:00,5470,5470,5200,5350,26516,-0.0201465201465201
2014-10-14 00:00:00,5270,5430,5100,5390,27405,0.0074766355140187
2014-10-15 00:00:00,5430,5440,5300,5380,11317,-0.0018552875695733
2014-10-16 00:00:00,5320,5380,5300,5360,8303,-0.0037174721189591
2014-10-17 00:00:00,5310,5420,5300,5360,13271,0.0
2014-10-20 00:00:00,5350,5450,5320,5350,6801,-0.001865671641791
2014-10-21 00:00:00,5310,5390,5290,5350,14826,0.0
2014-10-22 00:00:00,5420,5440,5300,5380,20696,0.005607476635513999
2014-10-23 00:00:00,5420,5420,5330,5410,25173,0.0055762081784387
2014-10-24 00:00:00,5380,5420,5320,5320,11884,-0.0166358595194084
2014-10-27 00:00:00,5300,5360,5230,5320,12183,0.0
2014-10-28 00:00:00,5350,5360,5240,5360,11933,0.0075187969924812
2014-10-29 00:00:00,5350,5430,5330,5430,11060,0.0130597014925373
2014-10-30 00:00:00,5420,5440,5350,5440,11307,0.0018416206261511
2014-10-31 00:00:00,5420,5440,5360,5390,7060,-0.0091911764705882
2014-11-03 00:00:00,5340,5430,5320,5360,7510,-0.0055658627087198
2014-11-04 00:00:00,5340,5420,5310,5410,6953,0.0093283582089551
2014-11-05 00:00:00,5360,5410,5270,5410,11286,0.0
2014-11-06 00:00:00,5350,5450,5350,5450,12174,0.0073937153419594
2014-11-07 00:00:00,5410,5450,5360,5380,7784,-0.0128440366972476
2014-11-10 00:00:00,5380,5470,5340,5470,5479,0.0167286245353159
2014-11-11 00:00:00,5450,5550,5420,5500,5250,0.0054844606946984
2014-11-12 00:00:00,5500,5600,5430,5570,7123,0.0127272727272726
2014-11-13 00:00:00,5570,5620,5530,5600,5464,0.0053859964093356
2014-11-14 00:00:00,5600,5640,5430,5600,5536,0.0
2014-11-17 00:00:00,5600,5650,5480,5580,6162,-0.0035714285714285
2014-11-18 00:00:00,5510,5630,5480,5560,7321,-0.003584229390681
2014-11-19 00:00:00,5530,5620,5460,5540,4297,-0.0035971223021582
2014-11-20 00:00:00,5550,5560,5460,5520,4353,-0.0036101083032491
2014-11-21 00:00:00,5490,5560,5410,5480,5802,-0.0072463768115942
2014-11-24 00:00:00,5470,5640,5420,5540,3646,0.010948905109489
2014-11-25 00:00:00,5590,5590,5460,5490,3312,-0.0090252707581227
2014-11-26 00:00:00,5490,5510,5440,5460,2083,-0.0054644808743169
2014-11-27 00:00:00,5430,5500,5350,5450,5561,-0.0018315018315018
2014-11-28 00:00:00,5450,5520,5370,5480,107404,0.0055045871559633
2014-12-01 00:00:00,5480,5520,5300,5430,11739,-0.0091240875912408
2014-12-02 00:00:00,5380,5480,5320,5480,7511,0.0092081031307551
2014-12-03 00:00:00,5470,5660,5400,5570,20338,0.0164233576642336
2014-12-04 00:00:00,5570,5610,5500,5550,3956,-0.0035906642728904
2014-12-05 00:00:00,5580,5580,5450,5500,9536,-0.009009009009009002
2014-12-08 00:00:00,5510,5510,5420,5430,9194,-0.0127272727272726
2014-12-09 00:00:00,5470,5470,5350,5430,7035,0.0
2014-12-10 00:00:00,5350,5410,5250,5310,13926,-0.0220994475138122
2014-12-11 00:00:00,5310,5400,5300,5340,4260,0.0056497175141243
2014-12-12 00:00:00,5320,5390,5130,5250,14585,-0.0168539325842697
2014-12-15 00:00:00,5170,5290,5000,5000,17121,-0.0476190476190476
2014-12-16 00:00:00,5020,5080,5000,5030,23868,0.006
2014-12-17 00:00:00,5040,5040,4955,5000,15122,-0.0059642147117295
2014-12-18 00:00:00,5090,5090,4970,5020,2661,0.004
2014-12-19 00:00:00,4970,5030,4970,4995,7690,-0.0049800796812748
2014-12-22 00:00:00,5020,5020,4950,5010,16750,0.003003003003003
2014-12-23 00:00:00,4960,4985,4915,4935,13936,-0.0149700598802394
2014-12-24 00:00:00,4900,4990,4890,4990,21126,0.0111448834853089
2014-12-26 00:00:00,4945,5040,4905,5040,30086,0.0100200400801602
2014-12-29 00:00:00,5020,5050,4980,5020,8652,-0.0039682539682539
2014-12-30 00:00:00,4940,5090,4940,5090,4423,0.0139442231075697
2015-01-02 00:00:00,5090,5170,5000,5150,13577,0.0117878192534381
2015-01-05 00:00:00,5180,5190,5080,5190,3674,0.0077669902912619986
2015-01-06 00:00:00,5180,5240,5110,5240,10412,0.0096339113680155
2015-01-07 00:00:00,5240,5240,5060,5200,18875,-0.0076335877862595
2015-01-08 00:00:00,5200,5230,5100,5200,12224,0.0
2015-01-09 00:00:00,5230,5240,5130,5180,2557,-0.0038461538461538
2015-01-12 00:00:00,5150,5220,5100,5150,9783,-0.0057915057915057
2015-01-13 00:00:00,5100,5210,5080,5210,18750,0.0116504854368932
2015-01-14 00:00:00,5250,5250,5150,5160,9354,-0.0095969289827255
2015-01-15 00:00:00,5130,5200,5100,5200,4522,0.0077519379844961
2015-01-16 00:00:00,5140,5200,5130,5200,2957,0.0
2015-01-19 00:00:00,5170,5240,5150,5230,7903,0.0057692307692307
2015-01-20 00:00:00,5170,5320,5170,5300,25551,0.0133843212237094
2015-01-21 00:00:00,5300,5330,5230,5300,9871,0.0
2015-01-22 00:00:00,5300,5350,5270,5350,10988,0.009433962264151
2015-01-23 00:00:00,5370,5390,5280,5370,14191,0.0037383177570093
2015-01-26 00:00:00,5370,5390,5300,5350,32295,-0.0037243947858472
2015-01-27 00:00:00,5380,5470,5360,5470,32662,0.0224299065420561
2015-01-28 00:00:00,5470,5700,5420,5450,30822,-0.0036563071297989
2015-01-29 00:00:00,5450,5450,5310,5380,24972,-0.0128440366972476
2015-01-30 00:00:00,5380,5420,5300,5380,45085,0.0
2015-02-02 00:00:00,5380,5440,5300,5430,12053,0.0092936802973977
2015-02-03 00:00:00,5430,5450,5370,5420,12565,-0.001841620626151
2015-02-04 00:00:00,5420,5480,5400,5480,7474,0.011070110701107002
2015-02-05 00:00:00,5420,5590,5420,5560,12859,0.0145985401459853
2015-02-06 00:00:00,5540,5560,5410,5560,8641,0.0
2015-02-09 00:00:00,5490,5600,5490,5600,21438,0.0071942446043165
2015-02-10 00:00:00,5600,5770,5550,5750,22273,0.0267857142857141
2015-02-11 00:00:00,5720,5750,5600,5700,14391,-0.0086956521739129
2015-02-12 00:00:00,5690,5690,5500,5670,14876,-0.0052631578947368
2015-02-13 00:00:00,5600,5670,5590,5670,10682,0.0
2015-02-16 00:00:00,5670,5670,5530,5640,27844,-0.0052910052910053
2015-02-17 00:00:00,5630,5640,5550,5640,13345,0.0
2015-02-23 00:00:00,5640,5660,5550,5640,13876,0.0
2015-02-24 00:00:00,5650,5810,5650,5800,34207,0.0283687943262411
2015-02-25 00:00:00,5800,5940,5690,5800,34356,0.0
2015-02-26 00:00:00,5790,5810,5730,5760,15539,-0.0068965517241379
2015-02-27 00:00:00,5740,5900,5740,5890,21252,0.0225694444444444
2015-03-02 00:00:00,5890,5890,5730,5800,22597,-0.0152801358234295
2015-03-03 00:00:00,5770,5810,5690,5780,13729,-0.0034482758620689
2015-03-04 00:00:00,5800,5890,5760,5770,14322,-0.0017301038062284
2015-03-05 00:00:00,5770,5880,5720,5770,14021,0.0
2015-03-06 00:00:00,5750,5750,5590,5730,30692,-0.0069324090121317
2015-03-09 00:00:00,5730,5780,5550,5690,24157,-0.0069808027923211
2015-03-10 00:00:00,5660,5700,5520,5690,27863,0.0
2015-03-11 00:00:00,5660,5690,5580,5690,9823,0.0
2015-03-12 00:00:00,5650,5780,5630,5760,4344,0.0123022847100175
2015-03-13 00:00:00,5750,5880,5740,5870,18701,0.0190972222222223
2015-03-16 00:00:00,5840,6300,5820,6190,127659,0.0545144804088586
2015-03-17 00:00:00,6190,6260,6090,6180,51257,-0.0016155088852988
2015-03-18 00:00:00,6180,6200,6100,6170,49670,-0.0016181229773463
2015-03-19 00:00:00,6130,6220,6100,6170,46232,0.0
2015-03-20 00:00:00,6170,6200,6070,6150,9087,-0.0032414910858995
2015-03-23 00:00:00,6100,6220,6040,6200,34106,0.0081300813008129
2015-03-24 00:00:00,6130,6600,6120,6350,37078,0.0241935483870967
2015-03-25 00:00:00,6350,6730,6350,6580,19301,0.0362204724409449
2015-03-26 00:00:00,6540,6600,6360,6580,14866,0.0
2015-03-27 00:00:00,6540,6640,6210,6250,42628,-0.0501519756838906
2015-03-30 00:00:00,6260,6410,6180,6250,17801,0.0
2015-03-31 00:00:00,6280,6400,6140,6330,26344,0.0127999999999999
2015-04-01 00:00:00,6300,6330,6170,6300,13603,-0.004739336492891
2015-04-02 00:00:00,6280,6440,6200,6260,23000,-0.0063492063492063
2015-04-03 00:00:00,6250,6440,6210,6400,17157,0.0223642172523961
2015-04-06 00:00:00,6400,6670,6400,6570,36876,0.0265625
2015-04-07 00:00:00,6570,6720,6460,6640,17058,0.0106544901065448
2015-04-08 00:00:00,6630,6630,6350,6520,37062,-0.0180722891566265
2015-04-09 00:00:00,6510,6610,6400,6600,16036,0.0122699386503066
2015-04-10 00:00:00,6600,6650,6430,6610,29134,0.0015151515151514
2015-04-13 00:00:00,6610,6800,6520,6560,23082,-0.0075642965204235
2015-04-14 00:00:00,6560,6770,6460,6500,24737,-0.0091463414634146
2015-04-15 00:00:00,6460,6720,6400,6680,43819,0.0276923076923076
2015-04-16 00:00:00,6760,6760,6520,6520,11390,-0.0239520958083832
2015-04-17 00:00:00,6520,6720,6400,6700,22341,0.0276073619631902
2015-04-20 00:00:00,6610,6900,6510,6780,39953,0.0119402985074625
2015-04-21 00:00:00,6790,6870,6610,6660,9030,-0.0176991150442478
2015-04-22 00:00:00,6660,6750,6310,6560,31178,-0.015015015015015
2015-04-23 00:00:00,6560,7370,6460,7200,99258,0.0975609756097561
2015-04-24 00:00:00,7270,7270,6940,7180,30302,-0.0027777777777777
2015-04-27 00:00:00,7200,7470,6910,7410,73266,0.0320334261838439
2015-04-28 00:00:00,7410,7480,7160,7190,34120,-0.029689608636977
2015-04-29 00:00:00,7190,7370,7060,7160,25353,-0.0041724617524339
2015-04-30 00:00:00,7120,7300,7040,7280,25684,0.0167597765363127
2015-05-04 00:00:00,7280,7450,6970,7190,22778,-0.0123626373626373
2015-05-06 00:00:00,7170,7200,6840,7000,14221,-0.0264255910987483
2015-05-07 00:00:00,6870,7220,6870,7180,43534,0.0257142857142858
2015-05-08 00:00:00,7180,7700,7180,7640,99004,0.0640668523676879
2015-05-11 00:00:00,7630,7730,7500,7630,30971,-0.0013089005235602
2015-05-12 00:00:00,7520,7630,7470,7570,17830,-0.0078636959370904
2015-05-13 00:00:00,7520,7810,7470,7750,32190,0.0237780713342139
2015-05-14 00:00:00,7840,8480,7720,8380,121694,0.0812903225806451
2015-05-15 00:00:00,8380,8620,8160,8200,67865,-0.0214797136038186
2015-05-18 00:00:00,8080,8570,8080,8550,92015,0.0426829268292683
2015-05-19 00:00:00,8600,8750,8430,8620,91014,0.008187134502924
2015-05-20 00:00:00,8630,8630,7860,8120,106753,-0.0580046403712296
2015-05-21 00:00:00,8060,8450,8030,8370,41842,0.0307881773399014
2015-05-22 00:00:00,8370,8570,8220,8450,42635,0.0095579450418159
2015-05-26 00:00:00,8460,8730,8370,8680,53149,0.0272189349112426
2015-05-27 00:00:00,8670,8710,8500,8680,33030,0.0
2015-05-28 00:00:00,8680,8780,8520,8690,17629,0.0011520737327188
2015-05-29 00:00:00,8660,8750,8500,8690,22895,0.0
2015-06-01 00:00:00,8690,8730,8200,8330,57700,-0.0414269275028769
2015-06-02 00:00:00,8280,8400,7830,7960,37485,-0.0444177671068427
2015-06-03 00:00:00,7950,8300,7900,8100,18035,0.0175879396984923
2015-06-04 00:00:00,8100,8250,8010,8030,31810,-0.0086419753086419
2015-06-05 00:00:00,7860,8060,7720,7890,16995,-0.0174346201743461
2015-06-08 00:00:00,7900,8160,7750,7900,13494,0.0012674271229404
2015-06-09 00:00:00,7800,8120,7800,7920,28179,0.0025316455696202
2015-06-10 00:00:00,8200,8330,7460,7780,49883,-0.0176767676767676
2015-06-11 00:00:00,7970,8030,7480,7860,32450,0.0102827763496144
2015-06-12 00:00:00,7950,7950,7670,7750,18845,-0.0139949109414758
2015-06-15 00:00:00,7670,8180,7650,7680,15822,-0.0090322580645161
2015-06-16 00:00:00,7650,7880,7580,7680,6937,0.0
2015-06-17 00:00:00,7520,7680,7350,7470,46034,-0.02734375
2015-06-18 00:00:00,7570,8000,7540,7570,25026,0.0133868808567603
2015-06-19 00:00:00,7770,7770,7500,7620,104161,0.0066050198150593
2015-06-22 00:00:00,7530,7820,7530,7660,9703,0.0052493438320209
2015-06-23 00:00:00,7650,7850,7650,7820,11339,0.0208877284595301
2015-06-24 00:00:00,7980,8120,7800,7890,5069,0.0089514066496163
2015-06-25 00:00:00,7910,7980,7790,7830,7422,-0.0076045627376425
2015-06-26 00:00:00,8250,8250,7570,8030,38847,0.0255427841634738
2015-06-29 00:00:00,8030,8030,7700,7840,15311,-0.0236612702366126
2015-06-30 00:00:00,8050,8050,7640,7990,15754,0.0191326530612245
2015-07-01 00:00:00,8000,8130,7850,8030,20932,0.0050062578222778
2015-07-02 00:00:00,7910,8160,7910,8150,15527,0.0149439601494396
2015-07-03 00:00:00,8160,8270,7840,8190,28704,0.0049079754601226
2015-07-06 00:00:00,8160,8300,7910,8300,26495,0.0134310134310133
2015-07-07 00:00:00,8650,8650,8140,8320,7898,0.0024096385542169
2015-07-08 00:00:00,8140,8370,7700,8370,20059,0.0060096153846154
2015-07-09 00:00:00,8310,8390,7900,8380,6840,0.0011947431302269998
2015-07-10 00:00:00,8380,8380,8040,8250,9856,-0.0155131264916468
2015-07-13 00:00:00,8250,8480,7850,8250,30586,0.0
2015-07-14 00:00:00,8110,8320,8070,8160,5213,-0.0109090909090908
2015-07-15 00:00:00,8340,8340,7880,7910,33684,-0.0306372549019607
2015-07-16 00:00:00,7880,8090,7800,7890,15757,-0.0025284450063211
2015-07-17 00:00:00,8000,8030,7500,8000,53401,0.0139416983523448
2015-07-20 00:00:00,8190,9510,8190,8420,109675,0.0524999999999999
2015-07-21 00:00:00,8460,8610,8250,8600,16180,0.0213776722090262
2015-07-22 00:00:00,8600,9300,8520,8870,67393,0.0313953488372094
2015-07-23 00:00:00,8910,8910,8400,8840,46888,-0.0033821871476887
2015-07-24 00:00:00,8800,8870,8550,8690,8247,-0.0169683257918552
2015-07-27 00:00:00,8680,8680,8410,8410,8962,-0.0322209436133487
2015-07-28 00:00:00,8900,8900,8090,8360,22474,-0.0059453032104637
2015-07-29 00:00:00,8390,8830,8340,8390,2732,0.0035885167464115
2015-07-30 00:00:00,8370,8540,8050,8330,14216,-0.0071513706793802
2015-07-31 00:00:00,8170,8460,7970,8450,19510,0.014405762304922
2015-08-03 00:00:00,8330,8420,8150,8360,16308,-0.0106508875739644
2015-08-04 00:00:00,8230,8440,8230,8380,6078,0.0023923444976077
2015-08-05 00:00:00,8280,8450,8220,8390,17119,0.0011933174224343
2015-08-06 00:00:00,8270,8420,8240,8250,18442,-0.0166865315852204
2015-08-07 00:00:00,8350,8350,8000,8140,19957,-0.0133333333333333
2015-08-10 00:00:00,8130,8250,7810,8060,26788,-0.0098280098280097
2015-08-11 00:00:00,8070,8410,7870,7940,14559,-0.0148883374689826
2015-08-12 00:00:00,7890,8300,7810,8290,12047,0.0440806045340049
2015-08-13 00:00:00,8150,8700,8150,8650,11272,0.0434258142340169
2015-08-17 00:00:00,8650,8680,8260,8260,6115,-0.0450867052023121
2015-08-18 00:00:00,8100,8230,7550,7760,52536,-0.0605326876513316
2015-08-19 00:00:00,7250,7720,7210,7380,88713,-0.0489690721649485
2015-08-20 00:00:00,7380,7440,7000,7310,56872,-0.0094850948509485
2015-08-21 00:00:00,7150,7550,6600,7260,35042,-0.0068399452804377
2015-08-24 00:00:00,6960,7200,6700,6700,35256,-0.0771349862258953
2015-08-25 00:00:00,6730,7480,6630,7120,34008,0.0626865671641792
2015-08-26 00:00:00,7120,7220,7010,7110,15195,-0.0014044943820225
2015-08-27 00:00:00,7200,7450,7050,7230,15234,0.0168776371308017
2015-08-28 00:00:00,7320,7370,7200,7210,27186,-0.0027662517289073
2015-08-31 00:00:00,7200,7240,6970,7240,19472,0.0041608876560332
2015-09-01 00:00:00,7270,7270,7000,7000,10576,-0.0331491712707182
2015-09-02 00:00:00,7000,7140,6910,7100,10884,0.0142857142857142
2015-09-03 00:00:00,7180,7400,7100,7170,10685,0.0098591549295774
2015-09-04 00:00:00,7310,7310,7060,7060,5939,-0.0153417015341701
2015-09-07 00:00:00,7020,7190,7000,7070,2268,0.0014164305949009
2015-09-08 00:00:00,7040,7500,6910,7480,20929,0.0579915134370578
2015-09-09 00:00:00,7490,7580,7390,7500,14841,0.0026737967914438
2015-09-10 00:00:00,7520,7600,7400,7550,8226,0.0066666666666665
2015-09-11 00:00:00,7600,7600,7200,7460,7971,-0.0119205298013245
2015-09-14 00:00:00,7460,7820,7240,7310,4010,-0.0201072386058981
2015-09-15 00:00:00,7350,7650,7160,7590,9735,0.0383036935704514
2015-09-16 00:00:00,7780,7780,7220,7690,19562,0.0131752305665349
2015-09-17 00:00:00,7690,7690,7410,7500,4737,-0.0247074122236671
2015-09-18 00:00:00,7500,7590,7280,7350,17130,-0.02
2015-09-21 00:00:00,7310,7480,7170,7170,19468,-0.0244897959183673
2015-09-22 00:00:00,7180,7260,7050,7060,23890,-0.0153417015341701
2015-09-23 00:00:00,7120,7280,7020,7160,12504,0.0141643059490084
2015-09-24 00:00:00,7230,7230,7110,7200,3141,0.0055865921787709
2015-09-25 00:00:00,7260,7260,7090,7140,10599,-0.0083333333333333
2015-09-30 00:00:00,7050,7260,7050,7260,10163,0.0168067226890755
2015-10-01 00:00:00,7210,7290,7150,7260,2858,0.0
2015-10-02 00:00:00,7220,7230,7070,7070,16415,-0.0261707988980716
2015-10-05 00:00:00,7070,7200,7050,7100,11617,0.0042432814710042
2015-10-06 00:00:00,7120,7140,7070,7100,7622,0.0
2015-10-07 00:00:00,7310,7310,7090,7150,4701,0.0070422535211267
2015-10-08 00:00:00,7280,7280,7060,7100,5039,-0.0069930069930069
2015-10-12 00:00:00,7100,7140,7000,7060,10174,-0.0056338028169014
2015-10-13 00:00:00,7220,7220,7000,7040,6267,-0.0028328611898017
2015-10-14 00:00:00,7250,7250,7050,7060,6437,0.0028409090909091
2015-10-15 00:00:00,7030,7270,7000,7020,9552,-0.0056657223796033
2015-10-16 00:00:00,6980,7070,6940,6980,8493,-0.0056980056980057
2015-10-19 00:00:00,7090,7090,6970,7030,10559,0.007163323782235
2015-10-20 00:00:00,7030,7170,7000,7170,3925,0.0199146514935988
2015-10-21 00:00:00,7170,7300,7090,7230,5245,0.0083682008368199
2015-10-22 00:00:00,7340,9390,7120,7640,54109,0.0567081604426003
2015-10-23 00:00:00,7640,8100,7300,7710,33491,0.0091623036649215
2015-10-26 00:00:00,7730,7760,7480,7540,2332,-0.0220492866407263
2015-10-27 00:00:00,7540,7650,7300,7520,2055,-0.0026525198938992
2015-10-28 00:00:00,7440,7620,7380,7380,1450,-0.0186170212765957
2015-10-29 00:00:00,7440,7440,7250,7320,3071,-0.008130081300813
2015-10-30 00:00:00,7300,7330,7090,7230,2673,-0.012295081967213
2015-11-02 00:00:00,7170,7230,7120,7150,799,-0.0110650069156292
2015-11-03 00:00:00,7150,7220,6900,7100,9649,-0.0069930069930069
2015-11-04 00:00:00,7010,7180,7010,7090,3682,-0.0014084507042253
2015-11-05 00:00:00,7090,7150,6920,7050,20354,-0.005641748942172
2015-11-06 00:00:00,7000,7250,6900,6900,10988,-0.0212765957446808
2015-11-09 00:00:00,6830,6900,6760,6780,5024,-0.017391304347826
2015-11-10 00:00:00,6770,7200,6600,7200,6783,0.0619469026548673
2015-11-11 00:00:00,7200,7200,6900,7170,6328,-0.0041666666666666
2015-11-12 00:00:00,7220,7220,7000,7170,3978,0.0
2015-11-13 00:00:00,7180,7180,6940,6960,2189,-0.0292887029288703
2015-11-16 00:00:00,7190,7370,6910,6970,41165,0.0014367816091953
2015-11-17 00:00:00,7000,7180,6940,7020,11209,0.0071736011477760014
2015-11-18 00:00:00,7030,7200,6950,7170,8486,0.0213675213675212
2015-11-19 00:00:00,7230,7500,7210,7280,5859,0.0153417015341701
2015-11-20 00:00:00,7280,7280,7040,7110,3142,-0.0233516483516483
2015-11-23 00:00:00,7110,7300,7020,7020,17564,-0.0126582278481012
2015-11-24 00:00:00,7020,7200,6990,7080,7398,0.0085470085470085
2015-11-25 00:00:00,7080,7250,6960,7070,10699,-0.001412429378531
2015-11-26 00:00:00,7100,7190,7020,7150,3050,0.0113154172560112
2015-11-27 00:00:00,7150,7250,7150,7230,5974,0.0111888111888112
2015-11-30 00:00:00,7270,7280,7170,7220,4477,-0.0013831258644536
2015-12-01 00:00:00,7250,7310,7170,7280,3529,0.0083102493074791
2015-12-02 00:00:00,7230,7280,7110,7160,2836,-0.0164835164835165
2015-12-03 00:00:00,7240,7240,6990,7110,13012,-0.0069832402234636
2015-12-04 00:00:00,7110,7110,6950,7110,14897,0.0
2015-12-07 00:00:00,7110,7180,7080,7110,7940,0.0
2015-12-08 00:00:00,7110,7190,7000,7070,3787,-0.0056258790436005
2015-12-09 00:00:00,6990,7060,6980,7060,3664,-0.0014144271570014
2015-12-10 00:00:00,7000,7120,6850,7020,10733,-0.0056657223796033
2015-12-11 00:00:00,7050,7120,6940,7100,13765,0.0113960113960114
2015-12-14 00:00:00,7280,7600,6900,6940,102308,-0.0225352112676056
2015-12-15 00:00:00,7040,7080,6900,7060,11114,0.0172910662824208
2015-12-16 00:00:00,7090,7130,7020,7100,14139,0.0056657223796034
2015-12-17 00:00:00,7240,7240,7050,7150,22156,0.0070422535211267
2015-12-18 00:00:00,7110,7650,7050,7150,26819,0.0
2015-12-21 00:00:00,7200,7240,7130,7210,15403,0.0083916083916084
2015-12-22 00:00:00,7230,7270,7130,7210,30146,0.0
2015-12-23 00:00:00,7210,7220,7100,7200,21816,-0.0013869625520110005
2015-12-24 00:00:00,7240,7260,7050,7090,34021,-0.0152777777777777
2015-12-28 00:00:00,7130,7150,6960,7150,37477,0.008462623413258
2015-12-29 00:00:00,7090,7280,7060,7260,13457,0.0153846153846153
2015-12-30 00:00:00,7340,7500,7150,7200,33716,-0.0082644628099173
2016-01-04 00:00:00,7290,7300,7100,7200,17443,0.0
2016-01-05 00:00:00,7180,7500,7170,7440,14168,0.0333333333333334
2016-01-06 00:00:00,7320,7430,7190,7390,26213,-0.0067204301075268
2016-01-07 00:00:00,7280,7390,7120,7190,22225,-0.027063599458728
2016-01-08 00:00:00,7190,7190,6910,7090,28636,-0.0139082058414464
2016-01-11 00:00:00,7050,7090,6760,6760,71901,-0.0465444287729196
2016-01-12 00:00:00,6800,6880,6700,6760,13344,0.0
2016-01-13 00:00:00,6770,6860,6760,6760,9388,0.0
2016-01-14 00:00:00,6760,7020,6630,6990,23293,0.0340236686390531
2016-01-15 00:00:00,6980,7140,6880,7050,21739,0.0085836909871244
2016-01-18 00:00:00,6950,7130,6950,7080,9503,0.004255319148935999
2016-01-19 00:00:00,7020,7020,6910,6910,7026,-0.0240112994350282
2016-01-20 00:00:00,6840,6930,6740,6740,9109,-0.024602026049204
2016-01-21 00:00:00,6740,6780,6630,6760,6966,0.0029673590504450003
2016-01-22 00:00:00,6760,6980,6720,6950,15309,0.0281065088757397
2016-01-25 00:00:00,7010,7010,6800,6840,4750,-0.0158273381294964
2016-01-26 00:00:00,6810,6850,6650,6840,16423,0.0
2016-01-27 00:00:00,6900,6900,6720,6800,6366,-0.0058479532163743
2016-01-28 00:00:00,6740,6860,6720,6860,7082,0.0088235294117646
2016-01-29 00:00:00,6790,6840,6730,6840,9848,-0.0029154518950437
2016-02-01 00:00:00,6840,6840,6730,6830,7280,-0.0014619883040936
2016-02-02 00:00:00,6760,6830,6700,6720,6969,-0.0161054172767203
2016-02-03 00:00:00,6630,6720,6570,6680,41154,-0.0059523809523809
2016-02-04 00:00:00,6680,6780,6620,6680,12512,0.0
2016-02-05 00:00:00,6680,6750,6670,6740,724,0.0089820359281436
2016-02-11 00:00:00,6650,6720,6540,6640,7154,-0.0148367952522254
2016-02-12 00:00:00,6600,6670,6420,6570,13934,-0.0105421686746988
2016-02-15 00:00:00,6580,6680,6580,6650,2375,0.0121765601217656
2016-02-16 00:00:00,6590,6700,6510,6700,5998,0.0075187969924812
2016-02-17 00:00:00,6710,6710,6560,6650,1401,-0.0074626865671642
2016-02-18 00:00:00,6650,6710,6620,6640,14168,-0.0015037593984962
2016-02-19 00:00:00,6650,6740,6620,6720,4364,0.0120481927710842
2016-02-22 00:00:00,6720,6730,6670,6710,6055,-0.0014880952380952
2016-02-23 00:00:00,6710,6720,6650,6710,8305,0.0
2016-02-24 00:00:00,6660,6700,6640,6700,7951,-0.0014903129657227
2016-02-25 00:00:00,6650,7440,6650,6830,236015,0.0194029850746269
2016-02-26 00:00:00,6870,6930,6790,6890,45212,0.0087847730600292
2016-02-29 00:00:00,6890,6940,6800,6890,27179,0.0
2016-03-02 00:00:00,6900,6980,6880,6920,12164,0.004354136429608
2016-03-03 00:00:00,6940,6940,6830,6910,5196,-0.0014450867052022
2016-03-04 00:00:00,6910,6910,6790,6870,16770,-0.0057887120115773
2016-03-07 00:00:00,6850,6900,6820,6870,9431,0.0
2016-03-08 00:00:00,6870,6950,6790,6860,19229,-0.0014556040756914
2016-03-09 00:00:00,6860,6900,6830,6870,2920,0.0014577259475219
2016-03-10 00:00:00,6870,6890,6830,6890,2301,0.0029112081513829
2016-03-11 00:00:00,6840,6920,6840,6910,8890,0.0029027576197386
2016-03-14 00:00:00,6950,6950,6860,6860,7498,-0.0072358900144717
2016-03-15 00:00:00,6860,6920,6800,6800,12278,-0.0087463556851311
2016-03-16 00:00:00,6810,6900,6800,6850,14411,0.0073529411764705
2016-03-17 00:00:00,6850,6930,6850,6900,13604,0.0072992700729928
2016-03-18 00:00:00,6900,7040,6850,6980,49857,0.0115942028985507
2016-03-21 00:00:00,6990,7120,6950,6990,20336,0.001432664756447
2016-03-22 00:00:00,6990,7050,6930,7030,15824,0.005722460658083001
2016-03-23 00:00:00,7030,7050,6910,6990,20822,-0.0056899004267425
2016-03-24 00:00:00,6990,7070,6910,7070,49096,0.011444921316166002
2016-03-25 00:00:00,7170,7280,7020,7020,26768,-0.007072135785007
2016-03-28 00:00:00,7020,7080,6970,6980,15059,-0.0056980056980057
2016-03-29 00:00:00,6980,6980,6840,6960,16767,-0.0028653295128939
2016-03-30 00:00:00,6960,7050,6920,7000,14087,0.0057471264367816
2016-03-31 00:00:00,6990,7140,6960,7090,26688,0.0128571428571429
2016-04-01 00:00:00,7150,7650,7040,7090,113823,0.0
2016-04-04 00:00:00,7120,7330,7020,7210,37394,0.0169252468265161
2016-04-05 00:00:00,7210,7700,7180,7300,75260,0.0124826629680998
2016-04-06 00:00:00,7390,7400,7270,7280,24393,-0.0027397260273972
2016-04-07 00:00:00,7420,7420,7090,7180,25635,-0.0137362637362636
2016-04-08 00:00:00,7170,7230,7080,7130,23001,-0.0069637883008356
2016-04-11 00:00:00,7150,7190,7080,7140,20928,0.0014025245441795
2016-04-12 00:00:00,7140,7350,7120,7190,23436,0.0070028011204481
2016-04-14 00:00:00,7220,7290,7160,7220,13604,0.0041724617524339
2016-04-15 00:00:00,7300,7530,7260,7490,53256,0.0373961218836564
2016-04-18 00:00:00,7490,7610,7320,7610,38582,0.0160213618157543
2016-04-19 00:00:00,7610,7660,7500,7660,49551,0.0065703022339027
2016-04-20 00:00:00,7660,7770,7600,7620,22374,-0.0052219321148825
2016-04-21 00:00:00,7620,7700,7460,7650,19178,0.0039370078740157
2016-04-22 00:00:00,7680,7710,7620,7680,23570,0.0039215686274509
2016-04-25 00:00:00,7720,7900,7490,7720,36664,0.0052083333333332
2016-04-26 00:00:00,7720,7720,7520,7570,14891,-0.0194300518134714
2016-04-27 00:00:00,7570,7590,7350,7400,32225,-0.0224570673712021
2016-04-28 00:00:00,7350,7530,7310,7320,33712,-0.0108108108108108
2016-04-29 00:00:00,7320,7350,7170,7300,17879,-0.0027322404371584
2016-05-02 00:00:00,7300,7430,7250,7250,10890,-0.0068493150684931
2016-05-03 00:00:00,7260,7570,7260,7400,17855,0.0206896551724138
2016-05-04 00:00:00,7430,7430,7200,7230,9909,-0.0229729729729729
2016-05-09 00:00:00,7230,7330,7130,7200,8280,-0.0041493775933609
2016-05-10 00:00:00,7300,7390,7210,7280,7322,0.011111111111111
2016-05-11 00:00:00,7420,7570,7300,7330,10336,0.0068681318681318
2016-05-12 00:00:00,7370,7400,7230,7320,4685,-0.0013642564802183
2016-05-13 00:00:00,7380,7380,7270,7360,7029,0.0054644808743169
2016-05-16 00:00:00,7470,7700,7370,7530,21310,0.0230978260869565
2016-05-17 00:00:00,7210,7290,6980,7010,60858,-0.0690571049136786
2016-05-18 00:00:00,7010,7030,6770,6840,32746,-0.0242510699001426
2016-05-19 00:00:00,6840,6920,6720,6750,10285,-0.0131578947368421
2016-05-20 00:00:00,6750,7110,6750,6850,20544,0.0148148148148148
2016-05-23 00:00:00,6830,7000,6700,6790,42087,-0.0087591240875912
2016-05-24 00:00:00,6790,6790,6510,6510,31905,-0.0412371134020618
2016-05-25 00:00:00,6510,6940,6510,6690,32102,0.0276497695852535
2016-05-26 00:00:00,6770,6990,6610,6730,18116,0.0059790732436473
2016-05-27 00:00:00,6840,6840,6650,6730,9855,0.0
2016-05-30 00:00:00,6710,6940,6710,6750,10429,0.0029717682020802
2016-05-31 00:00:00,6800,6820,6690,6790,9797,0.0059259259259258
2016-06-01 00:00:00,6830,6840,6680,6750,7887,-0.0058910162002945
2016-06-02 00:00:00,6790,6790,6670,6730,6992,-0.0029629629629629
2016-06-03 00:00:00,6790,6830,6680,6680,9450,-0.0074294205052005
2016-06-07 00:00:00,6680,6760,6600,6700,10173,0.0029940119760478
2016-06-08 00:00:00,6740,6740,6640,6690,4346,-0.0014925373134327
2016-06-09 00:00:00,6690,6790,6660,6750,8743,0.0089686098654708
2016-06-10 00:00:00,6780,6800,6750,6790,4626,0.0059259259259258
2016-06-13 00:00:00,6800,6850,6680,6740,8938,-0.0073637702503681
2016-06-14 00:00:00,6790,6790,6580,6590,12924,-0.0222551928783383
2016-06-15 00:00:00,6560,6680,6400,6500,16793,-0.0136570561456752
2016-06-16 00:00:00,6440,6500,6250,6250,20018,-0.0384615384615384
2016-06-17 00:00:00,6250,6500,6010,6110,26339,-0.0223999999999999
2016-06-20 00:00:00,6190,6340,6090,6120,26228,0.0016366612111293
2016-06-21 00:00:00,6120,6120,5990,6020,13300,-0.0163398692810458
2016-06-22 00:00:00,6000,6290,5950,6010,23190,-0.0016611295681062
2016-06-23 00:00:00,6070,6170,6000,6010,18502,0.0
2016-06-24 00:00:00,6050,6280,5280,5520,160006,-0.0815307820299501
2016-06-27 00:00:00,5360,5680,5320,5480,34388,-0.0072463768115942
2016-06-28 00:00:00,5480,5690,5470,5590,49034,0.0200729927007299
2016-06-29 00:00:00,5560,5790,5560,5710,23382,0.0214669051878353
2016-06-30 00:00:00,5890,5970,5770,5810,41850,0.0175131348511383
2016-07-01 00:00:00,5870,6010,5870,5960,13619,0.0258175559380378
2016-07-04 00:00:00,5930,6020,5930,6000,8710,0.0067114093959732
2016-07-05 00:00:00,6120,6120,5970,6050,8279,0.0083333333333333
2016-07-06 00:00:00,6090,6270,5850,5930,40866,-0.0198347107438016
2016-07-07 00:00:00,5930,6190,5930,6180,12996,0.042158516020235993
2016-07-08 00:00:00,6250,6300,6100,6120,29145,-0.0097087378640776
2016-07-11 00:00:00,6180,6250,6130,6170,10446,0.0081699346405228
2016-07-12 00:00:00,6170,6270,6170,6220,13051,0.0081037277147488
2016-07-13 00:00:00,6200,6350,6090,6200,37291,-0.0032154340836012
2016-07-14 00:00:00,6200,6280,6090,6240,9945,0.0064516129032257
2016-07-15 00:00:00,6200,6320,6060,6270,25046,0.0048076923076922
2016-07-18 00:00:00,6160,6650,6110,6350,83077,0.0127591706539074
2016-07-19 00:00:00,6390,6480,6270,6410,29713,0.0094488188976378
2016-07-20 00:00:00,6480,6500,6380,6490,7069,0.0124804992199687
2016-07-21 00:00:00,6580,6580,6410,6500,11454,0.0015408320493066
2016-07-22 00:00:00,6480,6490,6290,6350,13681,-0.0230769230769231
2016-07-25 00:00:00,6350,6460,6300,6400,15958,0.0078740157480314
2016-07-26 00:00:00,6400,6400,6250,6270,21814,-0.0203124999999999
2016-07-27 00:00:00,6260,6370,6260,6300,6131,0.0047846889952152
2016-07-28 00:00:00,6300,6670,6260,6360,10014,0.0095238095238094
2016-07-29 00:00:00,6350,6390,6290,6380,11970,0.0031446540880504
2016-08-01 00:00:00,6380,6450,6270,6380,19012,0.0
2016-08-02 00:00:00,6300,6500,6300,6450,18742,0.0109717868338556
2016-08-03 00:00:00,6460,6520,6400,6420,20908,-0.0046511627906976
2016-08-04 00:00:00,6480,6620,6430,6620,23208,0.0311526479750778
2016-08-05 00:00:00,6620,6810,6550,6730,27066,0.0166163141993958
2016-08-08 00:00:00,6780,6780,6410,6620,28287,-0.0163447251114413
2016-08-09 00:00:00,6620,6860,6460,6700,26855,0.012084592145014998
2016-08-10 00:00:00,6650,6780,6540,6690,15824,-0.0014925373134327
2016-08-11 00:00:00,6670,6730,6500,6500,45178,-0.0284005979073244
2016-08-12 00:00:00,6510,6560,6410,6460,22503,-0.0061538461538461
2016-08-16 00:00:00,6460,6990,6360,6720,39816,0.0402476780185758
2016-08-17 00:00:00,6720,6780,6570,6690,21898,-0.0044642857142856
2016-08-18 00:00:00,6650,6850,6580,6740,32274,0.0074738415545589
2016-08-19 00:00:00,6750,6890,6620,6870,34603,0.0192878338278932
2016-08-22 00:00:00,7100,8360,6930,7510,1082780,0.0931586608442502
2016-08-23 00:00:00,7600,7900,7260,7440,512521,-0.0093209054593874
2016-08-24 00:00:00,7780,8200,7530,7970,1091300,0.07123655913978501
2016-08-25 00:00:00,7860,8200,7770,8040,207750,0.0087829360100375
2016-08-26 00:00:00,8090,8100,7760,7820,133778,-0.027363184079602
2016-08-29 00:00:00,7830,8030,7390,7390,178037,-0.0549872122762148
2016-08-30 00:00:00,7500,7780,7450,7670,119390,0.0378890392422193
2016-08-31 00:00:00,7880,8780,7870,8580,1129334,0.11864406779661
2016-09-01 00:00:00,8580,8700,8350,8700,433102,0.0139860139860139
2016-09-02 00:00:00,8670,8820,8360,8570,296947,-0.0149425287356321
2016-09-05 00:00:00,8530,8800,8460,8630,229584,0.0070011668611436
2016-09-06 00:00:00,8630,9170,8330,8680,556860,0.0057937427578216
2016-09-07 00:00:00,8670,9000,8510,9000,264756,0.0368663594470046
2016-09-08 00:00:00,8930,9200,8460,9010,329617,0.001111111111111
2016-09-09 00:00:00,9030,9050,8710,9010,150056,0.0
2016-09-12 00:00:00,8800,11100,8710,9670,1835005,0.0732519422863484
2016-09-13 00:00:00,9710,9850,9400,9590,363540,-0.0082730093071354
2016-09-19 00:00:00,9720,10450,9700,10200,555831,0.0636079249217935
2016-09-20 00:00:00,10050,10150,9850,10100,190801,-0.0098039215686274
2016-09-21 00:00:00,9920,10100,9410,9880,267437,-0.0217821782178218
2016-09-22 00:00:00,9760,9970,9210,9410,198769,-0.0475708502024291
2016-09-23 00:00:00,9300,9390,8910,9100,275820,-0.0329436769394261
2016-09-26 00:00:00,9100,9300,8710,8710,198046,-0.0428571428571428
2016-09-27 00:00:00,8600,9300,8490,9060,270472,0.0401836969001148
2016-09-28 00:00:00,8980,9240,8840,9200,146489,0.0154525386313466
2016-09-29 00:00:00,9200,9880,9070,9300,258755,0.0108695652173913
2016-09-30 00:00:00,9210,9210,8870,8960,99327,-0.0365591397849461
2016-10-04 00:00:00,8950,9080,8610,8780,144470,-0.0200892857142857
2016-10-05 00:00:00,8700,8930,8450,8920,130226,0.0159453302961276
2016-10-06 00:00:00,8830,8920,8680,8890,91664,-0.0033632286995515
2016-10-07 00:00:00,8830,9040,8660,8670,67061,-0.0247469066366704
2016-10-10 00:00:00,8560,8720,8400,8480,64385,-0.0219146482122261
2016-10-11 00:00:00,8420,8740,8420,8710,84290,0.0271226415094338
2016-10-12 00:00:00,8830,8830,8440,8730,66780,0.002296211251435
2016-10-13 00:00:00,8620,9130,8590,8880,186110,0.0171821305841923
2016-10-14 00:00:00,8810,8920,8310,8320,107364,-0.063063063063063
2016-10-17 00:00:00,8210,8380,8100,8300,66132,-0.0024038461538461
2016-10-18 00:00:00,8300,8400,8150,8160,65482,-0.016867469879518
2016-10-19 00:00:00,8180,8330,8040,8090,83811,-0.0085784313725489
2016-10-20 00:00:00,8030,8180,7700,7860,130160,-0.0284301606922126
2016-10-21 00:00:00,7860,7960,7730,7880,57487,0.0025445292620864
2016-10-24 00:00:00,7850,8280,7800,8000,41761,0.015228426395939
2016-10-25 00:00:00,8000,8000,7680,7820,57393,-0.0224999999999999
2016-10-26 00:00:00,7670,7820,7440,7530,140966,-0.0370843989769821
2016-10-27 00:00:00,7440,7770,7440,7770,40464,0.0318725099601593
2016-10-28 00:00:00,7770,7820,7550,7740,53596,-0.0038610038610038
2016-10-31 00:00:00,7740,8140,7630,8030,73396,0.0374677002583978
2016-11-01 00:00:00,8030,8100,7930,7980,20134,-0.0062266500622665
2016-11-02 00:00:00,7830,7980,7470,7660,36447,-0.0401002506265664
2016-11-03 00:00:00,7660,7820,7400,7550,39226,-0.0143603133159269
2016-11-04 00:00:00,7410,7770,7190,7630,39427,0.0105960264900661
2016-11-07 00:00:00,7630,7890,7630,7820,27168,0.0249017038007863
2016-11-08 00:00:00,7840,7940,7760,7780,22041,-0.0051150895140664
2016-11-09 00:00:00,7720,7860,6700,6950,159630,-0.1066838046272493
2016-11-10 00:00:00,7190,7360,7100,7290,41851,0.0489208633093525
2016-11-11 00:00:00,7200,7730,7200,7610,26743,0.0438957475994512
2016-11-14 00:00:00,7610,7950,7550,7820,35473,0.0275952693823915
2016-11-15 00:00:00,7930,8250,7840,7860,52817,0.0051150895140665
2016-11-16 00:00:00,7820,8190,7750,8110,25836,0.0318066157760814
2016-11-17 00:00:00,8060,8250,8060,8230,35222,0.0147965474722564
2016-11-18 00:00:00,8230,8280,7900,8060,31443,-0.0206561360874848
2016-11-21 00:00:00,7930,8220,7900,8190,36658,0.0161290322580645
2016-11-22 00:00:00,8240,8380,8160,8300,91241,0.0134310134310133
2016-11-23 00:00:00,8220,8290,8150,8160,33663,-0.016867469879518
2016-11-24 00:00:00,8110,8200,7940,7990,32180,-0.0208333333333333
2016-11-25 00:00:00,7900,8380,7900,8290,44876,0.0375469336670839
2016-11-28 00:00:00,8200,8390,8200,8300,32921,0.0012062726176116
2016-11-29 00:00:00,8220,8270,7920,8180,36610,-0.0144578313253012
2016-11-30 00:00:00,8160,8220,8030,8150,24242,-0.0036674816625916
2016-12-01 00:00:00,8060,8140,7800,7800,31653,-0.0429447852760735
2016-12-02 00:00:00,7850,7880,7610,7610,59591,-0.0243589743589743
2016-12-05 00:00:00,7610,7940,7610,7710,27243,0.0131406044678055
2016-12-06 00:00:00,7710,7910,7700,7870,11868,0.020752269779507
2016-12-07 00:00:00,7970,7970,7600,7700,20604,-0.0216010165184243
2016-12-08 00:00:00,7630,7790,7500,7540,63923,-0.0207792207792207
2016-12-09 00:00:00,7500,7920,7500,7780,39724,0.0318302387267903
2016-12-12 00:00:00,7780,8150,7700,7860,42946,0.0102827763496144
2016-12-13 00:00:00,7860,7940,7790,7900,45948,0.0050890585241729
2016-12-14 00:00:00,7870,8000,7700,7800,45430,-0.0126582278481012
2016-12-15 00:00:00,7810,8320,7810,8180,139926,0.0487179487179487
2016-12-16 00:00:00,8180,8180,7940,8090,89449,-0.011002444987775
2016-12-19 00:00:00,8200,8200,8000,8150,65247,0.0074165636588381
2016-12-20 00:00:00,8150,8340,8100,8150,73285,0.0
2016-12-21 00:00:00,8150,8290,8040,8070,63515,-0.0098159509202454
2016-12-22 00:00:00,8280,8350,8100,8230,105856,0.0198265179677818
2016-12-23 00:00:00,8300,8640,8200,8550,185992,0.0388821385176185
2016-12-26 00:00:00,8550,8650,8310,8310,65171,-0.0280701754385964
2016-12-27 00:00:00,8350,8480,8120,8230,80618,-0.0096269554753308
2016-12-28 00:00:00,8210,8320,8000,8250,95015,0.0024301336573511
2016-12-29 00:00:00,8340,8340,7950,8120,99376,-0.0157575757575757
2017-01-02 00:00:00,8120,8170,8030,8110,33200,-0.001231527093596
2017-01-03 00:00:00,8170,8280,8080,8120,45383,0.0012330456226881
2017-01-04 00:00:00,8140,8270,8060,8230,97004,0.0135467980295567
2017-01-05 00:00:00,8250,8260,8090,8110,46966,-0.0145808019441069
2017-01-06 00:00:00,8080,8180,7970,8150,36623,0.0049321824907522
2017-01-09 00:00:00,8240,8240,8020,8040,46766,-0.0134969325153374
2017-01-10 00:00:00,8040,8130,7790,7850,80768,-0.0236318407960198
2017-01-11 00:00:00,7860,7920,7780,7860,30246,0.0012738853503184
2017-01-12 00:00:00,7860,7920,7760,7800,51574,-0.0076335877862595
2017-01-13 00:00:00,7800,7940,7780,7900,37147,0.0128205128205127
2017-01-16 00:00:00,8000,8000,7780,7910,33022,0.0012658227848101
2017-01-17 00:00:00,7950,7950,7800,7910,38835,0.0
2017-01-18 00:00:00,7970,7970,7780,7830,29015,-0.0101137800252844
2017-01-19 00:00:00,7830,7900,7780,7780,23773,-0.0063856960408684
2017-01-20 00:00:00,7780,7840,7630,7730,33200,-0.006426735218509
2017-01-23 00:00:00,7730,7810,7660,7680,14385,-0.0064683053040103
2017-01-24 00:00:00,7760,7760,7500,7530,28991,-0.01953125
2017-01-25 00:00:00,7550,7680,7480,7610,20391,0.0106241699867197
2017-01-26 00:00:00,7610,7840,7610,7800,21590,0.0249671484888305
2017-01-31 00:00:00,7790,7790,7670,7690,15046,-0.014102564102564
2017-02-01 00:00:00,7690,7840,7640,7670,37061,-0.0026007802340701
2017-02-02 00:00:00,7310,7560,7250,7460,152931,-0.0273794002607562
2017-02-03 00:00:00,7570,7760,7500,7630,37113,0.0227882037533511
2017-02-06 00:00:00,7800,7800,7660,7720,16264,0.0117955439056356
2017-02-07 00:00:00,7720,7780,7580,7720,11317,0.0
2017-02-08 00:00:00,7830,7830,7560,7650,17036,-0.0090673575129534
2017-02-09 00:00:00,7630,7720,7460,7530,28273,-0.0156862745098039
2017-02-10 00:00:00,7610,7750,7470,7650,25012,0.0159362549800796
2017-02-13 00:00:00,7630,7790,7570,7570,19308,-0.0104575163398692
2017-02-14 00:00:00,7580,7670,7530,7560,13279,-0.0013210039630119
2017-02-15 00:00:00,7560,7670,7520,7630,18933,0.0092592592592593
2017-02-16 00:00:00,7630,7750,7560,7610,13288,-0.0026212319790301
2017-02-17 00:00:00,7610,7770,7540,7570,29695,-0.0052562417871222
2017-02-20 00:00:00,7640,7670,7530,7670,11491,0.0132100396301189
2017-02-21 00:00:00,7680,7760,7620,7740,23093,0.0091264667535853
2017-02-22 00:00:00,7750,7770,7650,7730,19666,-0.0012919896640827
2017-02-23 00:00:00,7730,7790,7680,7700,17187,-0.0038809831824062
2017-02-24 00:00:00,7780,7780,7630,7660,13343,-0.0051948051948051
2017-02-27 00:00:00,7690,7980,7660,7810,49584,0.0195822454308094
2017-02-28 00:00:00,7910,7910,7780,7880,23607,0.0089628681177977
2017-03-02 00:00:00,7990,7990,7820,7900,19732,0.0025380710659899
2017-03-03 00:00:00,7790,7890,7770,7780,37967,-0.0151898734177214
2017-03-06 00:00:00,7780,7830,7760,7770,27811,-0.0012853470437017
2017-03-07 00:00:00,7800,7980,7760,7910,43725,0.018018018018018004
2017-03-08 00:00:00,7930,8050,7870,7920,39150,0.0012642225031604
2017-03-09 00:00:00,8000,8230,7960,7960,62752,0.0050505050505049
2017-03-10 00:00:00,8000,8050,7730,8050,76475,0.0113065326633166
2017-03-13 00:00:00,8020,8460,8020,8440,97426,0.0484472049689441
2017-03-14 00:00:00,8430,8520,8340,8370,43132,-0.0082938388625591
2017-03-15 00:00:00,8370,8410,8270,8270,48600,-0.01194743130227
2017-03-16 00:00:00,8410,8440,8290,8430,33967,0.0193470374848852
2017-03-17 00:00:00,8380,8480,8290,8440,19314,0.0011862396204034
2017-03-20 00:00:00,8350,8430,8330,8330,21612,-0.0130331753554502
2017-03-21 00:00:00,8280,8320,8030,8190,57968,-0.0168067226890756
2017-03-22 00:00:00,8180,8180,8030,8100,18139,-0.0109890109890109
2017-03-23 00:00:00,8060,8170,8060,8140,14107,0.0049382716049382
2017-03-24 00:00:00,8040,8330,8040,8250,29928,0.0135135135135135
2017-03-27 00:00:00,8250,8270,8100,8100,13692,-0.0181818181818181
2017-03-28 00:00:00,8070,8180,8000,8090,25107,-0.0012345679012345
2017-03-29 00:00:00,8090,8170,7980,8060,13155,-0.003708281829419
2017-03-30 00:00:00,8030,8140,7950,8090,28293,0.0037220843672456
2017-03-31 00:00:00,8090,8240,8090,8200,25909,0.0135970333745365
2017-04-03 00:00:00,8200,8250,8150,8200,42579,0.0
2017-04-04 00:00:00,8230,8230,7850,8060,39411,-0.0170731707317073
2017-04-05 00:00:00,8040,8060,7850,8010,81855,-0.0062034739454094
2017-04-06 00:00:00,8010,8050,7900,7940,33311,-0.0087390761548065
2017-04-07 00:00:00,7950,8120,7950,8100,28362,0.0201511335012594
2017-04-10 00:00:00,8070,8170,7960,8050,32017,-0.0061728395061728
2017-04-11 00:00:00,8050,8110,7960,8090,28036,0.0049689440993789
2017-04-12 00:00:00,8090,8120,7980,7980,18061,-0.0135970333745364
2017-04-13 00:00:00,8000,8110,7940,7960,22811,-0.0025062656641604
2017-04-14 00:00:00,7960,8080,7940,8060,21626,0.0125628140703517
2017-04-17 00:00:00,8060,8260,8060,8250,28933,0.0235732009925557
2017-04-18 00:00:00,8200,8370,8150,8330,24439,0.0096969696969697
2017-04-19 00:00:00,8250,8340,8130,8220,25631,-0.0132052821128451
2017-04-20 00:00:00,8220,8260,8140,8200,21027,-0.0024330900243308
2017-04-21 00:00:00,8200,8400,8170,8370,44487,0.0207317073170731
2017-04-24 00:00:00,8350,8460,8200,8460,36766,0.010752688172043
2017-04-25 00:00:00,8450,8450,8300,8420,39366,-0.0047281323877068
2017-04-26 00:00:00,8420,8470,8340,8470,32083,0.0059382422802849
2017-04-27 00:00:00,8470,8470,8340,8440,22003,-0.0035419126328217
2017-04-28 00:00:00,8440,8470,8300,8390,23200,-0.0059241706161137
2017-05-02 00:00:00,8310,8390,8100,8100,41013,-0.034564958283671
2017-05-04 00:00:00,8120,8240,8120,8150,13984,0.0061728395061728
2017-05-08 00:00:00,8140,8260,8120,8250,23512,0.0122699386503066
2017-05-10 00:00:00,8250,8330,8190,8190,10862,-0.0072727272727273
2017-05-11 00:00:00,8220,8280,8190,8210,15692,0.0024420024420024
2017-05-12 00:00:00,8250,8400,8210,8390,18142,0.0219244823386115
2017-05-15 00:00:00,8750,9620,8700,8830,957690,0.0524433849821215
2017-05-16 00:00:00,8870,9270,8850,9150,202569,0.0362400906002264
2017-05-17 00:00:00,9150,9350,9130,9280,140880,0.014207650273224
2017-05-18 00:00:00,9280,9290,9110,9170,95534,-0.0118534482758621
2017-05-19 00:00:00,9300,9500,8960,9050,229801,-0.0130861504907306
2017-05-22 00:00:00,9060,9200,9020,9100,77218,0.0055248618784531
2017-05-23 00:00:00,9100,9370,8910,9370,116146,0.0296703296703295
2017-05-24 00:00:00,9370,9480,9180,9180,106926,-0.0202774813233724
2017-05-25 00:00:00,9190,9440,9140,9330,85866,0.0163398692810456
2017-05-26 00:00:00,9330,9750,9280,9650,134318,0.0342979635584137
2017-05-29 00:00:00,9660,9950,9650,9650,140009,0.0
2017-05-30 00:00:00,9650,9830,9560,9770,87010,0.0124352331606216
2017-05-31 00:00:00,9870,10050,9650,9650,99083,-0.0122824974411464
2017-06-01 00:00:00,9650,9660,9320,9560,110430,-0.0093264248704663
2017-06-02 00:00:00,9560,10000,9430,9710,62864,0.0156903765690377
2017-06-05 00:00:00,9800,9830,9520,9550,53599,-0.0164778578784757
2017-06-07 00:00:00,9510,9550,9180,9400,110107,-0.0157068062827224
2017-06-08 00:00:00,9400,9500,9340,9450,39455,0.0053191489361701
2017-06-09 00:00:00,9460,9960,9460,9920,146846,0.0497354497354496
2017-06-12 00:00:00,9860,10100,9820,9910,63988,-0.001008064516129
2017-06-13 00:00:00,9980,10400,9810,10350,129152,0.0443995963673058
2017-06-14 00:00:00,10400,10550,10150,10200,89346,-0.0144927536231883
2017-06-15 00:00:00,10300,10800,10050,10800,201329,0.0588235294117647
2017-06-16 00:00:00,10750,11300,10700,11150,110415,0.0324074074074074
2017-06-19 00:00:00,11100,11250,10950,11150,62582,0.0
2017-06-20 00:00:00,11200,11600,11050,11450,86765,0.0269058295964126
2017-06-21 00:00:00,11400,11450,10950,11350,74865,-0.0087336244541484
2017-06-22 00:00:00,11400,11400,10350,10400,219487,-0.0837004405286343
2017-06-23 00:00:00,10450,10750,10400,10500,126183,0.0096153846153845
2017-06-26 00:00:00,10500,10900,10450,10850,83226,0.0333333333333334
2017-06-27 00:00:00,12050,12600,11400,12150,589443,0.1198156682027649
2017-06-28 00:00:00,12150,14200,12000,13200,1953819,0.0864197530864196
2017-06-29 00:00:00,13050,13600,12850,13300,445548,0.0075757575757575
2017-06-30 00:00:00,13100,13450,12800,13300,229390,0.0
2017-07-03 00:00:00,13450,13550,12250,12500,413495,-0.0601503759398496
2017-07-04 00:00:00,12450,13100,12250,12700,312141,0.016
2017-07-05 00:00:00,12600,13250,12550,13000,213668,0.0236220472440944
2017-07-06 00:00:00,13000,13500,12900,12900,219611,-0.0076923076923076
2017-07-07 00:00:00,12750,13050,12650,12850,101868,-0.003875968992248
2017-07-10 00:00:00,12800,13450,12750,13400,190312,0.0428015564202335
2017-07-11 00:00:00,13500,14100,13350,13750,258881,0.0261194029850746
2017-07-12 00:00:00,13800,14000,13350,13500,243145,-0.0181818181818181
2017-07-13 00:00:00,13650,14250,13550,14000,210649,0.0370370370370369
2017-07-14 00:00:00,14000,15000,13950,14500,317874,0.0357142857142858
2017-07-17 00:00:00,14600,14800,14200,14300,131765,-0.0137931034482758
2017-07-18 00:00:00,14300,14700,14150,14550,137082,0.0174825174825175
2017-07-19 00:00:00,14700,15100,14600,14900,178787,0.0240549828178693
2017-07-20 00:00:00,14900,15150,14600,15050,113836,0.0100671140939596
2017-07-21 00:00:00,14950,15950,14950,15950,250967,0.0598006644518271
2017-07-24 00:00:00,16250,16750,15700,15850,310785,-0.006269592476489
2017-07-25 00:00:00,15850,16100,14600,15300,312836,-0.0347003154574132
2017-07-26 00:00:00,15250,15300,14100,14850,206996,-0.0294117647058823
2017-07-27 00:00:00,14850,15200,14400,14550,122453,-0.0202020202020202
2017-07-28 00:00:00,14550,14600,13500,13600,255569,-0.0652920962199312
2017-07-31 00:00:00,13550,14000,13150,13950,144871,0.0257352941176469
2017-08-01 00:00:00,13850,14050,13650,13700,66812,-0.0179211469534049
2017-08-02 00:00:00,13750,14650,13750,14450,173981,0.0547445255474452
2017-08-03 00:00:00,14450,14450,13450,13900,134352,-0.0380622837370242
2017-08-04 00:00:00,13900,13950,13150,13250,106113,-0.0467625899280575
2017-08-07 00:00:00,13250,13600,13150,13200,52245,-0.0037735849056603
2017-08-08 00:00:00,13300,13650,13100,13550,62798,0.0265151515151516
2017-08-09 00:00:00,13350,13500,12800,12950,100275,-0.04428044280442802
2017-08-10 00:00:00,12750,12950,12350,12800,107264,-0.0115830115830115
2017-08-11 00:00:00,12400,13100,12350,13000,62076,0.015625
2017-08-14 00:00:00,12900,13250,11800,12050,119217,-0.07307692307692301
2017-08-16 00:00:00,11850,12550,11850,12350,125876,0.0248962655601658
2017-08-17 00:00:00,12350,12450,11800,12300,138945,-0.0040485829959514
2017-08-18 00:00:00,12050,12400,12050,12250,72684,-0.0040650406504064
2017-08-21 00:00:00,12250,12600,12050,12100,47837,-0.0122448979591837
2017-08-22 00:00:00,12250,12250,11750,12100,82421,0.0
2017-08-23 00:00:00,12050,12700,12050,12650,148062,0.0454545454545454
2017-08-24 00:00:00,12700,12900,12550,12750,108728,0.0079051383399209
2017-08-25 00:00:00,12700,13850,12700,13800,275339,0.0823529411764705
2017-08-28 00:00:00,13850,14050,13450,13900,195882,0.0072463768115942
2017-08-29 00:00:00,13900,14150,13600,13800,226351,-0.0071942446043165
2017-08-30 00:00:00,13850,14550,13650,14400,151946,0.0434782608695651
2017-08-31 00:00:00,14300,14600,14200,14300,148167,-0.0069444444444444
2017-09-01 00:00:00,14400,14500,14050,14250,91250,-0.0034965034965035
2017-09-04 00:00:00,13800,14250,13700,14100,98253,-0.0105263157894737
2017-09-05 00:00:00,14100,14200,13600,13850,91995,-0.0177304964539006
2017-09-06 00:00:00,13850,13900,13300,13350,58060,-0.0361010830324909
2017-09-07 00:00:00,13350,13900,13350,13800,48680,0.0337078651685394
2017-09-08 00:00:00,13850,13900,13300,13350,55474,-0.0326086956521739
2017-09-11 00:00:00,13250,13300,12500,12650,187761,-0.0524344569288389
2017-09-12 00:00:00,12650,13200,12600,12950,104879,0.0237154150197629
2017-09-13 00:00:00,13000,13300,12800,13100,76141,0.0115830115830115
2017-09-14 00:00:00,12950,13300,12800,12800,57578,-0.0229007633587786
2017-09-15 00:00:00,12800,12950,12350,12600,97703,-0.015625
2017-09-18 00:00:00,12600,12700,12250,12400,77657,-0.0158730158730159
2017-09-19 00:00:00,12400,12600,12100,12250,75348,-0.0120967741935483
2017-09-20 00:00:00,12250,12300,11450,11450,113209,-0.0653061224489796
2017-09-21 00:00:00,11600,11800,11250,11600,66170,0.0131004366812226
2017-09-22 00:00:00,11350,11600,10950,11000,111505,-0.0517241379310344
2017-09-25 00:00:00,11000,11250,10850,11100,69118,0.009090909090909
2017-09-26 00:00:00,10900,11400,10900,11300,64075,0.018018018018018004
2017-09-27 00:00:00,11300,11950,11150,11850,66603,0.0486725663716813
2017-09-28 00:00:00,11900,12300,11800,12000,89955,0.0126582278481013
2017-09-29 00:00:00,12000,12250,11700,12050,44751,0.0041666666666666
2017-10-10 00:00:00,12150,12150,11650,11800,40830,-0.020746887966805
2017-10-11 00:00:00,11800,12050,11700,11900,30591,0.0084745762711864
2017-10-12 00:00:00,11850,11900,11650,11700,48817,-0.0168067226890756
2017-10-13 00:00:00,11700,11700,10950,11100,93077,-0.0512820512820513
2017-10-16 00:00:00,11100,11250,10550,10900,82511,-0.018018018018018004
2017-10-17 00:00:00,10900,11150,10650,10800,40502,-0.0091743119266054
2017-10-18 00:00:00,10750,11050,10350,10550,90674,-0.0231481481481481
2017-10-19 00:00:00,10650,11000,10500,10750,29803,0.0189573459715639
2017-10-20 00:00:00,10750,10900,10550,10800,35427,0.0046511627906977
2017-10-23 00:00:00,10900,11150,10800,10950,59802,0.0138888888888888
2017-10-24 00:00:00,10900,11150,10900,11000,53568,0.004566210045662
2017-10-25 00:00:00,11000,11000,10600,10750,56585,-0.0227272727272727
2017-10-26 00:00:00,10650,10750,10500,10700,46031,-0.0046511627906976
2017-10-27 00:00:00,10650,11350,10650,11100,83569,0.0373831775700934
2017-10-30 00:00:00,11200,11350,10850,11000,53491,-0.009009009009009002
2017-10-31 00:00:00,11100,11100,10650,10800,53634,-0.0181818181818181
2017-11-01 00:00:00,10800,10850,10350,10850,100688,0.0046296296296295
2017-11-02 00:00:00,10800,11100,10750,10850,39173,0.0
2017-11-03 00:00:00,10900,11500,10750,11350,68238,0.0460829493087557
2017-11-06 00:00:00,11450,11700,11250,11650,63336,0.0264317180616739
2017-11-07 00:00:00,11650,11800,11150,11350,58454,-0.0257510729613733
2017-11-08 00:00:00,11300,11450,11100,11400,35008,0.0044052863436123
2017-11-09 00:00:00,11500,11500,11000,11250,49369,-0.0131578947368421
2017-11-10 00:00:00,11300,11550,11050,11500,71568,0.0222222222222221
2017-11-13 00:00:00,11600,12050,11400,11750,120262,0.0217391304347827
2017-11-14 00:00:00,11750,12000,11500,11750,84034,0.0
2017-11-15 00:00:00,11850,11850,11100,11350,85023,-0.0340425531914894
2017-11-16 00:00:00,11200,11350,10950,11100,61771,-0.0220264317180616
2017-11-17 00:00:00,11100,11450,11000,11250,56758,0.0135135135135135
2017-11-20 00:00:00,11350,11400,11150,11250,42631,0.0
2017-11-21 00:00:00,11200,11400,11000,11250,78594,0.0
2017-11-22 00:00:00,11350,11650,11200,11500,94055,0.0222222222222221
2017-11-23 00:00:00,11500,11900,11500,11700,59065,0.0173913043478259
2017-11-24 00:00:00,11600,11800,11500,11700,34769,0.0
2017-11-27 00:00:00,11750,11900,11500,11700,44384,0.0
2017-11-28 00:00:00,11700,11700,11450,11550,52487,-0.0128205128205127
2017-11-29 00:00:00,11550,11750,11000,11300,68743,-0.0216450216450216
2017-11-30 00:00:00,11150,11300,10650,10650,167994,-0.0575221238938052
2017-12-01 00:00:00,10600,10800,10500,10700,73303,0.0046948356807512
2017-12-04 00:00:00,10700,10700,10400,10550,77097,-0.0140186915887849
2017-12-05 00:00:00,10600,11100,10550,10950,72897,0.0379146919431279
2017-12-06 00:00:00,10950,11150,10800,10850,49887,-0.0091324200913242
2017-12-07 00:00:00,10900,11000,10400,10700,89512,-0.0138248847926267
2017-12-08 00:00:00,10700,10700,10250,10500,62859,-0.0186915887850467
2017-12-11 00:00:00,10550,10550,10300,10500,47946,0.0
2017-12-12 00:00:00,10500,10550,10350,10500,13929,0.0
2017-12-13 00:00:00,10550,10900,10400,10900,49371,0.0380952380952381
2017-12-14 00:00:00,10950,11100,10800,10950,31339,0.0045871559633028
2017-12-15 00:00:00,10800,10900,10600,10850,69791,-0.0091324200913242
2017-12-18 00:00:00,10850,11200,10750,10900,79550,0.0046082949308756
2017-12-19 00:00:00,10850,11250,10600,10900,88142,0.0
2017-12-20 00:00:00,10750,11000,10700,10850,42005,-0.0045871559633027
2017-12-21 00:00:00,10850,10900,10550,10550,69211,-0.0276497695852534
2017-12-22 00:00:00,10550,10950,10500,10800,80822,0.0236966824644548
2017-12-26 00:00:00,10950,11000,10600,10750,140234,-0.0046296296296296
2017-12-27 00:00:00,10750,11850,10750,11650,242063,0.0837209302325581
2017-12-28 00:00:00,11850,12600,11550,12400,196247,0.0643776824034334
2018-01-02 00:00:00,12400,12550,11950,12450,129497,0.0040322580645162
2018-01-03 00:00:00,12400,12450,11750,12000,175268,-0.036144578313253004
2018-01-04 00:00:00,11850,12150,11650,11750,97797,-0.0208333333333333
2018-01-05 00:00:00,11750,12650,11750,12500,149781,0.0638297872340425
2018-01-08 00:00:00,12750,13050,12500,12600,133196,0.008
2018-01-09 00:00:00,12550,12800,12350,12600,52335,0.0
2018-01-10 00:00:00,12750,12850,12050,12800,77217,0.0158730158730158
2018-01-11 00:00:00,12750,12850,12500,12750,47886,-0.00390625
2018-01-12 00:00:00,12900,13200,12650,12850,121988,0.0078431372549019
2018-01-15 00:00:00,12850,12850,12400,12650,82691,-0.0155642023346302
2018-01-16 00:00:00,12650,12800,12300,12450,86273,-0.0158102766798419
2018-01-17 00:00:00,12450,12600,12350,12600,27349,0.0120481927710842
2018-01-18 00:00:00,12600,12750,12300,12450,46094,-0.0119047619047618
2018-01-19 00:00:00,12450,13750,12450,13450,221675,0.0803212851405623
2018-01-22 00:00:00,13400,13600,12800,13000,129808,-0.0334572490706319
2018-01-23 00:00:00,13250,13250,12650,12850,76408,-0.0115384615384614
2018-01-24 00:00:00,12850,12850,12500,12650,109993,-0.0155642023346302
2018-01-25 00:00:00,12700,13050,12650,13050,56940,0.0316205533596838
2018-01-26 00:00:00,13100,13100,12850,13100,45633,0.0038314176245211
2018-01-29 00:00:00,13100,13250,12900,13050,63559,-0.0038167938931297
2018-01-30 00:00:00,12950,13000,12350,12450,112371,-0.0459770114942529
2018-01-31 00:00:00,12400,12600,12200,12400,39247,-0.0040160642570281
2018-02-01 00:00:00,12400,12750,12400,12650,54553,0.0201612903225807
2018-02-02 00:00:00,12600,12650,12000,12500,76730,-0.0118577075098814
2018-02-05 00:00:00,12150,12350,11950,12250,65014,-0.02
2018-02-06 00:00:00,11700,12350,11400,12000,117891,-0.0204081632653061
2018-02-07 00:00:00,12300,12650,11950,12200,65644,0.0166666666666666
2018-02-08 00:00:00,12300,12650,12000,12500,85302,0.0245901639344261
2018-02-09 00:00:00,12350,12500,12050,12450,46066,-0.004
2018-02-12 00:00:00,12650,13050,12350,12750,89854,0.0240963855421687
2018-02-13 00:00:00,12950,12950,12450,12550,45934,-0.0156862745098039
2018-02-14 00:00:00,12650,12750,12500,12650,44587,0.0079681274900398
2018-02-19 00:00:00,12850,13050,12600,13000,66969,0.0276679841897233
2018-02-20 00:00:00,13650,13650,12950,12950,192387,-0.0038461538461538
2018-02-21 00:00:00,12950,13450,12900,13200,90279,0.0193050193050192
2018-02-22 00:00:00,13150,14150,13000,13950,461354,0.0568181818181818
2018-02-23 00:00:00,14000,14500,13800,14150,254538,0.0143369175627239
2018-02-26 00:00:00,14350,14350,13900,14000,106156,-0.0106007067137808
2018-02-27 00:00:00,13950,14200,13750,13950,84234,-0.0035714285714285
2018-02-28 00:00:00,13900,14300,13400,13600,81473,-0.025089605734767
2018-03-02 00:00:00,13450,13750,13200,13700,71819,0.0073529411764705
2018-03-05 00:00:00,13600,13850,13150,13450,84899,-0.0182481751824817
2018-03-06 00:00:00,13500,13700,13450,13550,36516,0.0074349442379182
2018-03-07 00:00:00,13500,13650,13250,13250,35635,-0.022140221402214003
2018-03-08 00:00:00,13250,13650,13250,13500,46268,0.0188679245283018
2018-03-09 00:00:00,13500,13950,13500,13650,72915,0.011111111111111
2018-03-12 00:00:00,13800,13850,13350,13600,91096,-0.0036630036630036
2018-03-13 00:00:00,13600,13950,13550,13850,85010,0.0183823529411764
2018-03-14 00:00:00,13850,13850,13450,13500,125827,-0.0252707581227437
2018-03-15 00:00:00,13500,13600,13250,13500,50955,0.0
2018-03-16 00:00:00,13500,13550,13100,13250,75284,-0.0185185185185184
2018-03-19 00:00:00,13250,13300,12950,13100,54573,-0.0113207547169811
2018-03-20 00:00:00,13000,13300,12950,13200,35130,0.0076335877862594
2018-03-21 00:00:00,13200,13400,13000,13250,37751,0.0037878787878788
2018-03-22 00:00:00,13250,13400,12500,12700,151377,-0.0415094339622641
2018-03-23 00:00:00,12500,12650,11900,12250,157280,-0.0354330708661417
2018-03-26 00:00:00,12150,12600,11900,12450,61227,0.0163265306122448
2018-03-27 00:00:00,12500,12550,12000,12400,68307,-0.0040160642570281
2018-03-28 00:00:00,12350,12400,12100,12200,30383,-0.0161290322580645
2018-03-29 00:00:00,12150,12300,11850,11900,71957,-0.0245901639344262
2018-03-30 00:00:00,12100,12300,11900,12300,39107,0.0336134453781513
2018-04-02 00:00:00,12400,12400,11950,12150,52209,-0.0121951219512195
2018-04-03 00:00:00,11950,12100,11750,12000,88334,-0.0123456790123457
2018-04-04 00:00:00,12050,12150,11550,11650,117539,-0.0291666666666666
2018-04-05 00:00:00,11750,11900,11600,11850,49994,0.0171673819742488
2018-04-06 00:00:00,11700,11900,11250,11600,93359,-0.021097046413502
2018-04-09 00:00:00,11600,11700,11350,11650,36969,0.0043103448275862
2018-04-10 00:00:00,11600,11700,11400,11650,43326,0.0
2018-04-11 00:00:00,11650,12500,11650,12300,83744,0.05579399141630901
2018-04-12 00:00:00,12500,12650,12350,12400,48631,0.0081300813008129
2018-04-13 00:00:00,12400,13250,12400,12950,144555,0.0443548387096774
2018-04-16 00:00:00,12950,13050,12650,13050,45721,0.0077220077220077
2018-04-17 00:00:00,13050,13050,12650,12900,28286,-0.0114942528735632
2018-04-18 00:00:00,12800,12850,12300,12450,92496,-0.0348837209302325
2018-04-19 00:00:00,12350,12800,12100,12700,145674,0.0200803212851405
2018-04-20 00:00:00,12750,13100,12550,13000,71045,0.0236220472440944
2018-04-23 00:00:00,13150,13150,12750,12750,50361,-0.0192307692307692
2018-04-24 00:00:00,12750,12850,12450,12550,45265,-0.0156862745098039
2018-04-25 00:00:00,12400,12550,12200,12300,60165,-0.0199203187250995
2018-04-26 00:00:00,12200,12600,12200,12400,60231,0.0081300813008129
2018-04-27 00:00:00,12400,12550,12350,12550,36801,0.0120967741935484
2018-04-30 00:00:00,12550,12600,12300,12300,60872,-0.0199203187250995
2018-05-02 00:00:00,12400,12650,12150,12550,91634,0.0203252032520324
2018-05-03 00:00:00,12500,12550,12200,12400,37158,-0.0119521912350597
2018-05-04 00:00:00,12400,12600,12250,12350,38797,-0.0040322580645161
2018-05-08 00:00:00,12450,12600,12250,12450,36955,0.0080971659919029
2018-05-09 00:00:00,12400,12500,12050,12250,49161,-0.0160642570281124
2018-05-10 00:00:00,12250,12300,12050,12250,40415,0.0
2018-05-11 00:00:00,12250,12500,12150,12500,29383,0.0204081632653061
2018-05-14 00:00:00,12500,12800,12300,12800,73133,0.024
2018-05-15 00:00:00,12800,16600,12600,16600,2093450,0.296875
2018-05-16 00:00:00,15850,16500,15000,15300,931025,-0.0783132530120481
2018-05-17 00:00:00,16000,16800,15300,15800,632707,0.0326797385620916
2018-05-18 00:00:00,16000,16950,15300,16550,510547,0.0474683544303797
2018-05-21 00:00:00,16500,17300,16300,17300,284746,0.0453172205438066
2018-05-23 00:00:00,17300,17300,15800,16000,427432,-0.0751445086705202
2018-05-24 00:00:00,16050,16350,15450,15550,265194,-0.0281249999999999
2018-05-25 00:00:00,14650,15850,14450,15400,237114,-0.0096463022508038
2018-05-28 00:00:00,15900,16550,15650,16150,385005,0.0487012987012986
2018-05-29 00:00:00,16200,16250,15500,15750,176017,-0.024767801857585
2018-05-30 00:00:00,15600,15750,15000,15300,150824,-0.0285714285714285
2018-05-31 00:00:00,15200,16250,15150,15950,165938,0.042483660130719005
2018-06-01 00:00:00,16000,16000,15150,15500,111181,-0.0282131661442006
2018-06-04 00:00:00,15750,15750,15000,15400,74652,-0.0064516129032258
2018-06-05 00:00:00,15400,15900,15200,15750,80223,0.0227272727272727
2018-06-07 00:00:00,15900,15900,15500,15750,59484,0.0
2018-06-08 00:00:00,15750,16100,15450,15700,102647,-0.0031746031746031
2018-06-11 00:00:00,15850,16000,15600,15850,95870,0.0095541401273886
2018-06-12 00:00:00,15850,15850,15200,15350,139104,-0.0315457413249211
2018-06-14 00:00:00,15200,15600,15000,15450,83766,0.006514657980456
2018-06-15 00:00:00,15450,15700,15050,15050,76958,-0.0258899676375404
2018-06-18 00:00:00,15800,17950,15650,16150,1642202,0.0730897009966777
2018-06-19 00:00:00,16500,16500,14400,14450,471374,-0.1052631578947368
2018-06-20 00:00:00,14450,14700,13950,14350,314370,-0.0069204152249134
2018-06-21 00:00:00,14350,14700,13650,13850,151876,-0.0348432055749129
2018-06-22 00:00:00,13900,14000,13350,13500,146803,-0.0252707581227437
2018-06-25 00:00:00,13500,13750,13300,13500,87051,0.0
2018-06-26 00:00:00,13550,14100,13200,13750,153582,0.0185185185185186
2018-06-27 00:00:00,14300,14550,13900,13950,240228,0.0145454545454546
2018-06-28 00:00:00,13900,14250,13350,13450,89898,-0.03584229390681
2018-06-29 00:00:00,13650,13850,13150,13600,117212,0.0111524163568772
2018-07-02 00:00:00,13600,13700,12800,12800,151541,-0.0588235294117647
2018-07-03 00:00:00,12950,13600,12800,13150,133692,0.02734375
2018-07-04 00:00:00,12950,13150,12800,12950,60449,-0.0152091254752851
2018-07-05 00:00:00,13050,13050,12350,12450,90374,-0.0386100386100386
2018-07-06 00:00:00,12500,12950,12350,12900,51101,0.036144578313253004
2018-07-09 00:00:00,12650,12800,12250,12400,81445,-0.0387596899224805
2018-07-10 00:00:00,12750,13150,12550,12950,54332,0.0443548387096774
2018-07-11 00:00:00,12950,13100,12600,12850,58781,-0.0077220077220077
2018-07-12 00:00:00,12750,13200,12750,12950,32485,0.0077821011673151
2018-07-13 00:00:00,13000,13150,12800,12900,35857,-0.0038610038610038
2018-07-16 00:00:00,13050,13100,12750,12950,33147,0.003875968992248
2018-07-17 00:00:00,12950,13000,12750,12850,30335,-0.0077220077220077
2018-07-18 00:00:00,12950,12950,12350,12500,69718,-0.0272373540856031
2018-07-19 00:00:00,12600,12750,12250,12500,26651,0.0
2018-07-20 00:00:00,12500,12650,12250,12500,28013,0.0
2018-07-23 00:00:00,12500,12500,11500,11650,93990,-0.0679999999999999
2018-07-24 00:00:00,11600,12050,11550,11750,93014,0.0085836909871244
2018-07-25 00:00:00,11800,12150,11550,11850,39568,0.0085106382978723
2018-07-26 00:00:00,12000,12400,11800,12300,40369,0.0379746835443037
2018-07-27 00:00:00,12350,12750,12300,12600,44975,0.024390243902439
2018-07-30 00:00:00,12700,13550,12650,13150,104683,0.0436507936507937
2018-07-31 00:00:00,13150,13650,13050,13400,57269,0.0190114068441065
2018-08-01 00:00:00,13400,13700,13350,13450,34952,0.0037313432835821
2018-08-02 00:00:00,13650,13650,13200,13350,27683,-0.0074349442379182
2018-08-03 00:00:00,13450,13550,13200,13550,16430,0.0149812734082397
2018-08-06 00:00:00,13550,13550,13300,13350,22410,-0.014760147601476004
2018-08-07 00:00:00,13400,13500,13150,13400,24643,0.0037453183520599
2018-08-08 00:00:00,13400,14150,13250,13950,130011,0.041044776119403
2018-08-09 00:00:00,14000,14050,13650,13800,33184,-0.010752688172043
2018-08-10 00:00:00,13800,14000,13550,13600,33817,-0.0144927536231883
2018-08-13 00:00:00,13600,13600,12700,12850,74323,-0.0551470588235294
2018-08-14 00:00:00,12700,13100,11700,11900,302688,-0.0739299610894941
2018-08-16 00:00:00,11700,11800,11350,11800,203740,-0.0084033613445377
2018-08-17 00:00:00,11950,12150,11750,11800,85082,0.0
2018-08-20 00:00:00,11800,12000,11500,11700,53904,-0.0084745762711864
2018-08-21 00:00:00,11800,11800,11550,11700,61366,0.0
2018-08-22 00:00:00,11700,12250,11600,11950,136779,0.0213675213675212
2018-08-23 00:00:00,12050,12100,11700,11800,59499,-0.0125523012552301
2018-08-24 00:00:00,12000,12000,11700,11800,42006,0.0
2018-08-27 00:00:00,11700,11800,11550,11650,66945,-0.0127118644067796
2018-08-28 00:00:00,11700,12000,11650,11650,66468,0.0
2018-08-29 00:00:00,11750,11800,11550,11600,60327,-0.0042918454935622
2018-08-30 00:00:00,11650,11700,11500,11600,36160,0.0
2018-08-31 00:00:00,11600,11700,11450,11650,49343,0.0043103448275862
2018-09-03 00:00:00,11650,11850,11600,11650,37822,0.0
2018-09-04 00:00:00,11750,11850,11500,11600,76984,-0.0042918454935622
2018-09-05 00:00:00,11550,11850,11550,11800,64974,0.0172413793103447
2018-09-06 00:00:00,11800,12400,11750,12400,140687,0.0508474576271187
2018-09-07 00:00:00,12400,12400,11850,12050,76500,-0.0282258064516128
2018-09-10 00:00:00,12100,12300,11900,12050,48481,0.0
2018-09-11 00:00:00,12050,12200,11950,12150,55102,0.0082987551867219
2018-09-12 00:00:00,12150,12200,11650,11800,90245,-0.0288065843621398
2018-09-13 00:00:00,11800,12000,11700,11950,25435,0.0127118644067796
2018-09-14 00:00:00,12150,12650,12050,12650,173025,0.0585774058577406
2018-09-17 00:00:00,12850,12900,12250,12650,125609,0.0
2018-09-18 00:00:00,12550,12600,12150,12550,80079,-0.0079051383399209
2018-09-19 00:00:00,12400,12650,12000,12000,92275,-0.043824701195219
2018-09-20 00:00:00,12050,12200,11700,11750,67203,-0.0208333333333333
2018-09-21 00:00:00,11750,12050,11700,12050,51094,0.025531914893617003
2018-09-27 00:00:00,12150,12200,11800,11800,41134,-0.020746887966805
2018-09-28 00:00:00,11800,11900,11600,11800,61497,0.0
2018-10-01 00:00:00,11750,12100,11750,11950,41361,0.0127118644067796
2018-10-02 00:00:00,11950,11950,11450,11550,45160,-0.0334728033472803
2018-10-04 00:00:00,11600,11900,10800,10800,122074,-0.0649350649350649
2018-10-05 00:00:00,10650,10900,10450,10500,72378,-0.0277777777777777
2018-10-08 00:00:00,10500,10700,10400,10500,43516,0.0
2018-10-10 00:00:00,10450,10550,9900,9920,101676,-0.0552380952380952
2018-10-11 00:00:00,9610,9700,9170,9170,144848,-0.0756048387096773
2018-10-12 00:00:00,9010,9630,9010,9490,55445,0.034896401308614995
2018-10-15 00:00:00,9500,9590,9400,9450,17923,-0.0042149631190726
2018-10-16 00:00:00,9440,9740,9440,9720,21275,0.0285714285714284
2018-10-17 00:00:00,9760,10100,9760,9880,34417,0.0164609053497941
2018-10-18 00:00:00,10000,10000,9710,9770,16938,-0.0111336032388663
2018-10-19 00:00:00,9730,9830,9490,9830,8228,0.0061412487205732
2018-10-22 00:00:00,9810,9940,9650,9800,12342,-0.0030518819938962
2018-10-23 00:00:00,9810,9880,9150,9250,42816,-0.0561224489795918
2018-10-24 00:00:00,9310,9460,8940,9000,34813,-0.0270270270270269
2018-10-25 00:00:00,8800,9000,8710,8890,34506,-0.0122222222222222
2018-10-26 00:00:00,9050,9050,8310,8650,104690,-0.0269966254218222
2018-10-29 00:00:00,8570,8730,8050,8180,46624,-0.0543352601156069
2018-10-30 00:00:00,8000,8410,7920,8320,98035,0.0171149144254278
2018-10-31 00:00:00,8400,8650,8340,8640,33538,0.0384615384615385
2018-11-01 00:00:00,8730,9190,8420,8670,65342,0.0034722222222223
2018-11-02 00:00:00,8800,8990,8770,8980,19805,0.035755478662053
2018-11-05 00:00:00,8870,8900,8700,8800,21233,-0.020044543429844
2018-11-06 00:00:00,8960,8960,8730,8860,15120,0.0068181818181818
2018-11-07 00:00:00,8920,9060,8630,8790,22725,-0.0079006772009029
2018-11-08 00:00:00,8890,8960,8750,8830,27971,0.0045506257110352
2018-11-09 00:00:00,8860,8860,8560,8720,38259,-0.0124575311438278
2018-11-12 00:00:00,8590,8750,8590,8700,12341,-0.0022935779816514
2018-11-13 00:00:00,8530,8690,8410,8590,18635,-0.0126436781609194
2018-11-14 00:00:00,8590,8690,8320,8460,24315,-0.0151338766006985
2018-11-15 00:00:00,8370,8440,8100,8260,44050,-0.0236406619385343
2018-11-16 00:00:00,8280,8530,8180,8430,44466,0.0205811138014528
2018-11-19 00:00:00,8500,8580,8300,8500,71157,0.0083036773428233
2018-11-20 00:00:00,8370,8510,8300,8400,66985,-0.0117647058823529
2018-11-21 00:00:00,8380,8440,8260,8420,40673,0.0023809523809523
2018-11-22 00:00:00,8490,8650,8420,8630,51950,0.0249406175771971
2018-11-23 00:00:00,8790,8790,8380,8500,51182,-0.0150637311703359
2018-11-26 00:00:00,8560,8570,8380,8490,43358,-0.0011764705882353
2018-11-27 00:00:00,8520,8670,8510,8580,43388,0.0106007067137809
2018-11-28 00:00:00,8680,8800,8640,8770,36125,0.0221445221445222
2018-11-29 00:00:00,8910,9130,8760,8760,58319,-0.001140250855188
2018-11-30 00:00:00,8870,8870,8610,8680,36095,-0.0091324200913242
2018-12-03 00:00:00,8760,8870,8700,8830,45574,0.0172811059907833
2018-12-04 00:00:00,8870,9080,8760,8870,40767,0.0045300113250283
2018-12-05 00:00:00,8760,8990,8710,8880,52184,0.0011273957158963
2018-12-06 00:00:00,8880,9550,8880,9100,299638,0.0247747747747748
2018-12-07 00:00:00,9170,9270,8780,9000,134870,-0.0109890109890109
2018-12-10 00:00:00,8930,8940,8410,8510,110083,-0.0544444444444444
2018-12-11 00:00:00,8510,8550,8310,8400,48245,-0.0129259694477086
2018-12-12 00:00:00,8370,8650,8370,8650,22289,0.0297619047619046
2018-12-13 00:00:00,8630,8900,8530,8880,39466,0.0265895953757224
2018-12-14 00:00:00,8970,8970,8530,8650,44103,-0.0259009009009009
2018-12-17 00:00:00,8560,8880,8510,8710,37561,0.0069364161849712
2018-12-18 00:00:00,8710,8770,8560,8750,31491,0.0045924225028701
2018-12-19 00:00:00,8900,9360,8770,9250,121839,0.0571428571428571
2018-12-20 00:00:00,9450,10300,9030,9040,638041,-0.0227027027027026
2018-12-21 00:00:00,8960,9220,8810,8940,44453,-0.0110619469026548
2018-12-24 00:00:00,9180,9800,9180,9560,220597,0.0693512304250558
2018-12-26 00:00:00,9700,9870,9280,9470,169458,-0.0094142259414226
2018-12-27 00:00:00,9640,9640,9110,9260,91691,-0.0221752903907075
2018-12-28 00:00:00,9300,9510,9110,9200,57745,-0.0064794816414687
2019-01-02 00:00:00,9410,9410,8830,8950,44393,-0.0271739130434782
2019-01-03 00:00:00,8950,8950,8600,8720,73201,-0.0256983240223463
2019-01-04 00:00:00,8720,8720,8450,8590,33698,-0.0149082568807339
2019-01-07 00:00:00,8790,8860,8640,8780,26680,0.0221187427240978
2019-01-08 00:00:00,8780,8820,8650,8780,26334,0.0
2019-01-09 00:00:00,8900,9010,8730,8990,23703,0.0239179954441912
2019-01-10 00:00:00,9060,9110,8840,8900,35370,-0.0100111234705227
2019-01-11 00:00:00,9000,9000,8800,8890,37492,-0.001123595505618
2019-01-14 00:00:00,8970,9490,8960,9440,157397,0.0618672665916759
2019-01-15 00:00:00,9500,9500,9180,9240,76384,-0.0211864406779661
2019-01-16 00:00:00,9330,9630,9130,9580,69373,0.0367965367965368
2019-01-17 00:00:00,10000,10050,9400,9480,176498,-0.0104384133611691
2019-01-18 00:00:00,9490,9690,9310,9650,30843,0.0179324894514767
2019-01-21 00:00:00,9580,9680,9340,9360,63386,-0.0300518134715025
2019-01-22 00:00:00,9350,9460,9180,9300,34166,-0.0064102564102563
2019-01-23 00:00:00,9300,9350,9240,9240,29144,-0.0064516129032258
2019-01-24 00:00:00,9300,9420,9230,9410,26691,0.0183982683982684
2019-01-25 00:00:00,9480,9480,9290,9430,46803,0.0021253985122209
2019-01-28 00:00:00,9490,9680,9430,9590,69136,0.0169671261930011
2019-01-29 00:00:00,9580,9650,9300,9420,42262,-0.0177267987486965
2019-01-30 00:00:00,9440,9620,9350,9510,57945,0.0095541401273886
2019-01-31 00:00:00,9620,9620,9420,9480,25431,-0.0031545741324920003
2019-02-01 00:00:00,9500,9750,9450,9750,76005,0.0284810126582277
2019-02-07 00:00:00,9900,9960,9710,9890,62437,0.0143589743589742
2019-02-08 00:00:00,9880,9950,9750,9940,36712,0.0050556117290192
2019-02-11 00:00:00,9950,9970,9680,9760,62402,-0.0181086519114688
2019-02-12 00:00:00,9670,10150,9670,10100,97460,0.0348360655737705
2019-02-13 00:00:00,10150,10850,10150,10600,154304,0.0495049504950495
2019-02-14 00:00:00,10650,10800,10450,10650,78243,0.0047169811320755
2019-02-15 00:00:00,10700,10850,10250,10350,56981,-0.028169014084507005
2019-02-18 00:00:00,10650,10900,10550,10900,59265,0.0531400966183575
2019-02-19 00:00:00,10900,11500,10550,11250,190194,0.0321100917431191
2019-02-20 00:00:00,11400,11550,11050,11100,382070,-0.0133333333333333
2019-02-21 00:00:00,11100,11450,10600,11200,179416,0.0090090090090089
2019-02-22 00:00:00,11200,11300,10900,11200,49490,0.0
2019-02-25 00:00:00,11200,11450,10900,11000,179344,-0.0178571428571429
2019-02-26 00:00:00,11000,11100,10300,10750,135370,-0.0227272727272727
2019-02-27 00:00:00,10750,11000,10500,10900,57971,0.013953488372093002
2019-02-28 00:00:00,10900,11000,10100,10300,112632,-0.055045871559633
2019-03-04 00:00:00,10200,10500,10100,10400,78571,0.0097087378640776
2019-03-05 00:00:00,10300,10400,9920,10000,108728,-0.0384615384615384
2019-03-06 00:00:00,10150,10150,9860,9980,38556,-0.002
2019-03-07 00:00:00,9980,10100,9820,9820,56078,-0.0160320641282565
2019-03-08 00:00:00,9800,9830,9510,9650,68011,-0.0173116089613034
2019-03-11 00:00:00,9650,9720,9410,9490,35546,-0.016580310880828997
2019-03-12 00:00:00,9590,9910,9590,9810,34574,0.0337197049525817
2019-03-13 00:00:00,9890,9900,9620,9780,24193,-0.0030581039755351
2019-03-14 00:00:00,9880,10200,9750,10100,66575,0.0327198364008181
2019-03-15 00:00:00,10100,10150,9900,9950,28430,-0.0148514851485148
2019-03-18 00:00:00,9970,10250,9950,10000,25170,0.0050251256281406
2019-03-19 00:00:00,10050,10100,9850,9860,29538,-0.014
2019-03-20 00:00:00,9860,10100,9830,10100,26611,0.0243407707910749
2019-03-21 00:00:00,10050,10350,9970,10050,42718,-0.0049504950495049
2019-03-22 00:00:00,10150,10200,10050,10150,36774,0.0099502487562188
2019-03-25 00:00:00,10300,11250,10200,10950,544895,0.0788177339901476
2019-03-26 00:00:00,11300,11700,10750,10800,480004,-0.0136986301369863
2019-03-27 00:00:00,11300,13100,11250,11950,2303011,0.1064814814814814
2019-03-28 00:00:00,12300,13100,11900,12050,959583,0.0083682008368199
2019-03-29 00:00:00,12150,12300,11300,11850,410808,-0.016597510373443997
2019-04-01 00:00:00,12200,13250,12100,13000,915397,0.0970464135021096
2019-04-02 00:00:00,12950,13400,12650,12700,679315,-0.0230769230769231
2019-04-03 00:00:00,12800,12900,12000,12250,470507,-0.0354330708661417
2019-04-04 00:00:00,12250,12500,11950,12450,217339,0.0163265306122448
2019-04-05 00:00:00,12500,12600,12050,12450,228273,0.0
2019-04-08 00:00:00,12500,12600,12000,12450,252739,0.0
2019-04-09 00:00:00,12550,13100,11800,11950,1135372,-0.0401606425702811
2019-04-10 00:00:00,12000,12250,11650,11800,233417,-0.0125523012552301
2019-04-11 00:00:00,11850,11950,11500,11900,179290,0.0084745762711864
2019-04-12 00:00:00,11850,11900,11550,11650,201645,-0.0210084033613445
2019-04-15 00:00:00,11750,12300,11700,12000,301050,0.0300429184549355
2019-04-16 00:00:00,12000,12000,11500,11550,161011,-0.0374999999999999
2019-04-17 00:00:00,11600,11850,11450,11700,151399,0.0129870129870128
2019-04-18 00:00:00,11800,11800,11200,11350,147309,-0.0299145299145299
2019-04-19 00:00:00,11300,11500,11150,11300,104413,-0.0044052863436123
2019-04-22 00:00:00,11350,11400,11000,11100,129743,-0.0176991150442478
2019-04-23 00:00:00,11050,11350,11050,11150,89737,0.0045045045045044
2019-04-24 00:00:00,11200,11300,10800,11000,126998,-0.0134529147982063
2019-04-25 00:00:00,11000,11000,10600,10650,188724,-0.0318181818181818
2019-04-26 00:00:00,10600,11000,10550,10850,113134,0.0187793427230047
2019-04-29 00:00:00,10800,10900,10600,10750,72979,-0.0092165898617511
2019-04-30 00:00:00,10850,10850,10600,10750,38915,0.0
2019-05-02 00:00:00,10650,11100,10650,10950,79763,0.0186046511627906
2019-05-03 00:00:00,10900,11000,10800,11000,35569,0.004566210045662
2019-05-07 00:00:00,10850,10850,10400,10550,115852,-0.0409090909090908
2019-05-08 00:00:00,10350,10600,10300,10350,101773,-0.0189573459715639
2019-05-09 00:00:00,10300,10450,9950,9980,169113,-0.0357487922705314
2019-05-10 00:00:00,9950,10100,9750,10050,97838,0.0070140280561121
2019-05-13 00:00:00,10000,10250,9950,9950,60319,-0.0099502487562188
2019-05-14 00:00:00,9790,10250,9650,10100,73090,0.015075376884422
2019-05-15 00:00:00,10150,10300,10000,10300,71947,0.0198019801980198
2019-05-16 00:00:00,10200,10300,9980,10050,91374,-0.0242718446601941
2019-05-17 00:00:00,10100,10250,10000,10100,42674,0.0049751243781095
2019-05-20 00:00:00,10200,10200,9750,9890,72739,-0.0207920792079208
2019-05-21 00:00:00,9930,10100,9790,10000,42412,0.0111223458038423
2019-05-22 00:00:00,10050,10100,9930,10000,34609,0.0
2019-05-23 00:00:00,9880,10050,9880,9930,44727,-0.006999999999999999
2019-05-24 00:00:00,9930,9990,9630,9930,56073,0.0
2019-05-27 00:00:00,9930,9990,9750,9750,29051,-0.0181268882175226
2019-05-28 00:00:00,9700,10050,9680,9970,52407,0.0225641025641025
2019-05-29 00:00:00,9880,10150,9870,10100,37825,0.013039117352056005
2019-05-30 00:00:00,10100,10100,9960,10050,26333,-0.0049504950495049
2019-05-31 00:00:00,10050,10100,9770,9870,43443,-0.0179104477611939
2019-06-03 00:00:00,9810,9980,9800,9980,47405,0.0111448834853089
2019-06-04 00:00:00,9980,10250,9940,10250,49858,0.0270541082164328
2019-06-05 00:00:00,10250,10300,10100,10100,24607,-0.0146341463414634
2019-06-07 00:00:00,10050,10200,10050,10100,20557,0.0
2019-06-10 00:00:00,10200,10250,10050,10150,32827,0.0049504950495049
2019-06-11 00:00:00,10250,10450,10150,10350,53816,0.0197044334975369
2019-06-12 00:00:00,10450,10450,10200,10300,28326,-0.0048309178743961
2019-06-13 00:00:00,10400,10400,10050,10300,41019,0.0
2019-06-14 00:00:00,10300,10400,10050,10150,28862,-0.0145631067961164
2019-06-17 00:00:00,10150,10200,10000,10100,30250,-0.0049261083743842
2019-06-18 00:00:00,10050,10150,9870,9870,93518,-0.0227722772277227
2019-06-19 00:00:00,10000,10100,9930,10000,49964,0.0131712259371834
2019-06-20 00:00:00,9990,10150,9980,10150,25885,0.0149999999999999
2019-06-21 00:00:00,10150,10200,9990,10100,47908,-0.0049261083743842
2019-06-24 00:00:00,10150,10250,10100,10250,35800,0.0148514851485148
2019-06-25 00:00:00,10300,10300,9990,10000,46288,-0.024390243902439
2019-06-26 00:00:00,10000,10200,9940,10050,28564,0.0049999999999998
2019-06-27 00:00:00,10050,10150,9960,10050,39780,0.0
2019-06-28 00:00:00,10050,10050,9640,9700,151247,-0.0348258706467661
2019-07-01 00:00:00,9790,9880,9660,9710,57521,0.0010309278350515
2019-07-02 00:00:00,9700,10050,9700,10050,76309,0.035015447991761005
2019-07-03 00:00:00,10000,10100,9820,9850,24357,-0.0199004975124378
2019-07-04 00:00:00,9790,9940,9700,9800,33850,-0.0050761421319797
2019-07-05 00:00:00,9730,9780,9550,9720,89001,-0.0081632653061224
2019-07-08 00:00:00,9720,9720,9220,9220,88874,-0.051440329218107005
2019-07-09 00:00:00,9230,9390,9150,9190,36086,-0.0032537960954447
2019-07-10 00:00:00,9050,9410,9050,9360,32654,0.0184983677910772
2019-07-11 00:00:00,9360,9440,9280,9390,14498,0.0032051282051281
2019-07-12 00:00:00,9350,9640,9350,9580,21530,0.020234291799787
2019-07-15 00:00:00,9650,9700,9430,9580,21533,0.0
2019-07-16 00:00:00,9580,9680,9360,9570,12939,-0.0010438413361169
2019-07-17 00:00:00,9550,9550,9320,9400,17609,-0.0177638453500522
2019-07-18 00:00:00,9400,9450,9250,9400,12488,0.0
2019-07-19 00:00:00,9360,9550,9300,9500,19233,0.0106382978723404
2019-07-22 00:00:00,9450,9550,9400,9500,16342,0.0
2019-07-23 00:00:00,9500,9630,9430,9550,14451,0.0052631578947368
2019-07-24 00:00:00,9500,9710,9500,9610,25109,0.006282722513089001
2019-07-25 00:00:00,9500,9600,9360,9530,32802,-0.0083246618106139
2019-07-26 00:00:00,9370,9490,9250,9280,20596,-0.0262329485834207
2019-07-29 00:00:00,9180,9260,8760,8850,61782,-0.0463362068965517
2019-07-30 00:00:00,8500,9110,8500,8950,73482,0.0112994350282484
2019-07-31 00:00:00,8900,9010,8730,8960,13378,0.0011173184357542
2019-08-01 00:00:00,8900,9050,8850,8950,24026,-0.0011160714285713
2019-08-02 00:00:00,8800,8890,8700,8830,17809,-0.0134078212290502
2019-08-05 00:00:00,8800,8800,8000,8000,100333,-0.0939977349943375
2019-08-06 00:00:00,7580,8050,7500,7790,90192,-0.0262499999999999
2019-08-07 00:00:00,7680,7980,7680,7870,44643,0.0102695763799742
2019-08-08 00:00:00,7880,8200,7880,8150,16003,0.0355781448538754
2019-08-09 00:00:00,8200,8350,8160,8200,19053,0.0061349693251533
2019-08-12 00:00:00,8160,8350,8090,8310,14279,0.0134146341463414
2019-08-13 00:00:00,8310,8380,8150,8330,18208,0.0024067388688326
2019-08-14 00:00:00,8350,8440,8200,8350,28816,0.0024009603841537
2019-08-16 00:00:00,8350,8400,8000,8100,26206,-0.029940119760479
2019-08-19 00:00:00,8100,8190,8050,8150,13935,0.0061728395061728
2019-08-20 00:00:00,8390,8400,8290,8290,31652,0.0171779141104293
2019-08-21 00:00:00,8390,8390,8260,8330,13560,0.0048250904704463
2019-08-22 00:00:00,8340,8440,8270,8340,18004,0.0012004801920768
2019-08-23 00:00:00,8300,8340,8160,8180,12290,-0.0191846522781774
2019-08-26 00:00:00,8010,8090,7830,7940,35602,-0.0293398533007335
2019-08-27 00:00:00,8050,8080,7850,7930,18804,-0.0012594458438287
2019-08-28 00:00:00,7930,8080,7910,8060,16728,0.0163934426229508
2019-08-29 00:00:00,8140,8150,7990,8000,14240,-0.0074441687344912
2019-08-30 00:00:00,8100,8340,8070,8200,16770,0.0249999999999999
2019-09-02 00:00:00,8260,8320,8170,8300,17167,0.0121951219512195
2019-09-03 00:00:00,8300,8370,8220,8310,8211,0.0012048192771083
2019-09-04 00:00:00,8250,8350,8250,8330,8973,0.0024067388688326
2019-09-05 00:00:00,8330,8520,8300,8450,25883,0.014405762304922
2019-09-06 00:00:00,8460,8510,8350,8360,23156,-0.0106508875739644
2019-09-09 00:00:00,8360,8470,8290,8340,18583,-0.0023923444976076
2019-09-10 00:00:00,8300,8430,8300,8420,8948,0.0095923261390886
2019-09-11 00:00:00,8370,8550,8370,8530,18131,0.013064133016626995
2019-09-16 00:00:00,8590,8620,8510,8610,10969,0.0093786635404455
2019-09-17 00:00:00,8670,8840,8540,8750,19231,0.0162601626016261
2019-09-18 00:00:00,8750,8790,8650,8680,5560,-0.008
2019-09-19 00:00:00,8690,8740,8600,8660,10893,-0.0023041474654378
2019-09-20 00:00:00,8740,8740,8600,8700,10135,0.0046189376443417
2019-09-23 00:00:00,8700,8720,8580,8700,13308,0.0
2019-09-24 00:00:00,8610,8700,8610,8680,9489,-0.0022988505747126
2019-09-25 00:00:00,8630,8690,8500,8590,15802,-0.01036866359447
2019-09-26 00:00:00,8700,8700,8490,8590,12963,0.0
2019-09-27 00:00:00,8590,8600,8370,8510,17468,-0.0093131548311991
2019-09-30 00:00:00,8510,8510,8360,8490,10491,-0.0023501762632197
2019-10-01 00:00:00,8490,8510,8330,8450,19225,-0.0047114252061248
2019-10-02 00:00:00,8350,8440,8280,8290,12614,-0.0189349112426036
2019-10-04 00:00:00,8230,8370,8130,8290,12483,0.0
2019-10-07 00:00:00,8290,8290,8020,8030,29551,-0.0313630880579011
2019-10-08 00:00:00,8010,8130,8010,8080,10257,0.0062266500622665
2019-10-10 00:00:00,8000,8100,8000,8100,6079,0.0024752475247524
2019-10-11 00:00:00,8100,8170,8040,8170,11795,0.0086419753086419
2019-10-14 00:00:00,8170,8350,8100,8330,16242,0.0195838433292534
2019-10-15 00:00:00,8330,8540,8320,8490,21081,0.0192076830732292
2019-10-16 00:00:00,8560,8580,8400,8490,14469,0.0
2019-10-17 00:00:00,8450,8500,8350,8350,6674,-0.0164899882214369
2019-10-18 00:00:00,8350,8450,8310,8450,3693,0.0119760479041917
2019-10-21 00:00:00,8320,8490,8260,8360,20695,-0.0106508875739644
2019-10-22 00:00:00,8360,8410,8250,8350,12602,-0.0011961722488038
2019-10-23 00:00:00,8270,8350,8180,8290,13708,-0.0071856287425149
2019-10-24 00:00:00,8290,8290,8070,8160,14679,-0.0156815440289505
2019-10-25 00:00:00,8170,8210,8100,8210,6781,0.0061274509803921
2019-10-28 00:00:00,8210,8260,8160,8240,8953,0.0036540803897686
2019-10-29 00:00:00,8290,8290,8160,8190,11187,-0.0060679611650485
2019-10-30 00:00:00,8280,8280,8120,8250,9624,0.0073260073260073
2019-10-31 00:00:00,8340,8410,8150,8410,21235,0.0193939393939392
2019-11-01 00:00:00,8410,8470,8340,8460,10981,0.0059453032104637
2019-11-04 00:00:00,8460,8470,8360,8450,12146,-0.0011820330969266
2019-11-05 00:00:00,8450,8470,8380,8450,6407,0.0
2019-11-06 00:00:00,8480,8480,8300,8470,13619,0.0023668639053253
2019-11-07 00:00:00,8470,8470,8390,8450,4765,-0.0023612750885477
2019-11-08 00:00:00,8470,8480,8360,8480,16720,0.0035502958579882
2019-11-11 00:00:00,8480,8510,8400,8510,7135,0.0035377358490567
2019-11-12 00:00:00,8500,8530,8410,8530,11804,0.0023501762632196
2019-11-13 00:00:00,8530,8530,8370,8450,8859,-0.0093786635404454
2019-11-14 00:00:00,8470,8470,8280,8280,13447,-0.0201183431952662
2019-11-15 00:00:00,8140,8510,8130,8480,35298,0.0241545893719807
2019-11-18 00:00:00,8480,8540,8360,8420,8480,-0.0070754716981131
2019-11-19 00:00:00,8430,8430,8230,8290,15216,-0.0154394299287411
2019-11-20 00:00:00,8200,8290,8060,8180,14894,-0.0132689987937273
2019-11-21 00:00:00,8180,8230,7910,8110,27894,-0.0085574572127139
2019-11-22 00:00:00,8010,8110,8000,8050,6129,-0.0073982737361282
2019-11-25 00:00:00,7990,8160,7940,8050,27812,0.0
2019-11-26 00:00:00,8060,8120,7980,8060,19553,0.0012422360248447
2019-11-27 00:00:00,8060,8060,7960,8050,7664,-0.0012406947890818
2019-11-28 00:00:00,8070,8070,7960,8040,6518,-0.0012422360248447
2019-11-29 00:00:00,7980,8030,7790,7900,26987,-0.017412935323383002
2019-12-02 00:00:00,7840,8000,7610,7710,48483,-0.0240506329113924
2019-12-03 00:00:00,7780,7780,7600,7740,6880,0.0038910505836575
2019-12-04 00:00:00,7770,7770,7590,7610,14837,-0.0167958656330748
2019-12-05 00:00:00,7720,7720,7480,7590,11623,-0.0026281208935611
2019-12-06 00:00:00,7590,7630,7440,7550,15229,-0.005270092226614
2019-12-09 00:00:00,7640,7640,7450,7480,23002,-0.0092715231788079
2019-12-10 00:00:00,7500,7710,7500,7690,22525,0.0280748663101604
2019-12-11 00:00:00,7630,7760,7600,7760,8786,0.0091027308192457
2019-12-12 00:00:00,7760,7770,7690,7750,4920,-0.0012886597938144
2019-12-13 00:00:00,7840,7840,7710,7780,9188,0.0038709677419355
2019-12-16 00:00:00,7780,7810,7730,7780,10198,0.0
2019-12-17 00:00:00,7780,7980,7740,7940,20129,0.0205655526992287
2019-12-18 00:00:00,7940,8070,7920,7960,18130,0.0025188916876575
2019-12-19 00:00:00,8000,8060,7960,7960,7043,0.0
2019-12-20 00:00:00,7960,8100,7960,8060,6441,0.0125628140703517
2019-12-23 00:00:00,8080,8080,7990,7990,9397,-0.0086848635235732
2019-12-24 00:00:00,8040,8040,7940,7990,2607,0.0
2019-12-26 00:00:00,8010,8040,7950,8030,34702,0.0050062578222778
2019-12-27 00:00:00,8010,8020,7910,7970,8774,-0.0074719800747198
2019-12-30 00:00:00,8060,8060,7870,7960,10868,-0.0012547051442910002
2020-01-02 00:00:00,7910,7980,7860,7910,8950,-0.0062814070351758
2020-01-03 00:00:00,7980,7980,7830,7900,10736,-0.0012642225031606
2020-01-06 00:00:00,7800,7800,7600,7720,17380,-0.0227848101265822
2020-01-07 00:00:00,7660,7800,7570,7640,36640,-0.0103626943005181
2020-01-08 00:00:00,7500,7640,7210,7450,25479,-0.024869109947644
2020-01-09 00:00:00,7500,7670,7500,7570,21426,0.0161073825503355
2020-01-10 00:00:00,7570,7750,7570,7670,20859,0.0132100396301189
2020-01-13 00:00:00,7690,7730,7630,7730,9328,0.0078226857887875
2020-01-14 00:00:00,7640,7800,7620,7740,13645,0.001293661060802
2020-01-15 00:00:00,7670,7760,7670,7720,13760,-0.0025839793281653
2020-01-16 00:00:00,7740,7800,7650,7720,15845,0.0
2020-01-17 00:00:00,7720,7800,7660,7770,15576,0.0064766839378238
2020-01-20 00:00:00,7880,7880,7740,7830,17546,0.0077220077220077
2020-01-21 00:00:00,7720,7800,7700,7800,17221,-0.0038314176245211
2020-01-22 00:00:00,7800,7800,7450,7590,85506,-0.0269230769230769
2020-01-23 00:00:00,7580,7650,7500,7640,30167,0.0065876152832675
2020-01-28 00:00:00,7470,7470,7200,7290,66336,-0.0458115183246072
2020-01-29 00:00:00,7250,7380,7230,7360,20688,0.0096021947873798
2020-01-30 00:00:00,7350,7380,7110,7190,37442,-0.0230978260869565
2020-01-31 00:00:00,7190,7280,7100,7170,18976,-0.0027816411682892
2020-02-03 00:00:00,7000,7130,6810,6970,37131,-0.0278940027894002
2020-02-04 00:00:00,6970,7180,6970,7160,8971,0.0272596843615495
2020-02-05 00:00:00,7200,7350,7160,7250,7395,0.0125698324022345
2020-02-06 00:00:00,7250,7350,7130,7330,27523,0.0110344827586206
2020-02-07 00:00:00,7420,7420,7210,7290,4913,-0.0054570259208731
2020-02-10 00:00:00,7290,7290,7170,7290,13494,0.0
2020-02-11 00:00:00,7290,7330,7060,7270,25372,-0.0027434842249657
2020-02-12 00:00:00,7270,7270,7070,7200,13281,-0.0096286107290234
2020-02-13 00:00:00,7200,7240,7160,7220,12776,0.0027777777777777
2020-02-14 00:00:00,7220,7280,7120,7180,10722,-0.005540166204986
2020-02-17 00:00:00,7180,7200,7070,7120,12709,-0.0083565459610027
2020-02-18 00:00:00,7120,7130,7010,7080,20844,-0.0056179775280899
2020-02-19 00:00:00,7080,7160,6940,7080,13638,0.0
2020-02-20 00:00:00,7060,7070,6960,6970,23548,-0.0155367231638418
2020-02-21 00:00:00,6970,7440,6850,6890,106462,-0.0114777618364418
2020-02-24 00:00:00,7200,7200,6740,6770,67729,-0.0174165457184325
2020-02-25 00:00:00,6770,6990,6690,6970,25329,0.0295420974889217
2020-02-26 00:00:00,6760,6940,6690,6700,33372,-0.0387374461979913
2020-02-27 00:00:00,6700,6710,6380,6430,78966,-0.0402985074626865
2020-02-28 00:00:00,6370,6370,5930,5970,91265,-0.0715396578538102
2020-03-02 00:00:00,5980,6200,5870,6120,40192,0.0251256281407035
2020-03-03 00:00:00,6290,6290,6140,6240,16031,0.0196078431372548
2020-03-04 00:00:00,6230,6370,6230,6370,9855,0.0208333333333332
2020-03-05 00:00:00,6470,6480,6310,6400,14061,0.0047095761381474
2020-03-06 00:00:00,6460,6460,6150,6150,9685,-0.0390625
2020-03-09 00:00:00,6150,6160,5640,5850,100768,-0.048780487804878
2020-03-10 00:00:00,5690,5840,5630,5800,26468,-0.0085470085470085
2020-03-11 00:00:00,5750,5890,5660,5720,12129,-0.0137931034482758
2020-03-12 00:00:00,5540,5720,5120,5240,56614,-0.0839160839160839
2020-03-13 00:00:00,4510,4940,4465,4885,97329,-0.0677480916030534
2020-03-16 00:00:00,4830,5020,4470,4470,61614,-0.0849539406345957
2020-03-17 00:00:00,3925,4405,3925,4250,64467,-0.0492170022371364
2020-03-18 00:00:00,4225,4325,3865,3865,54625,-0.0905882352941176
2020-03-19 00:00:00,3865,4000,3330,3350,154156,-0.1332470892626132
2020-03-20 00:00:00,3300,3785,3300,3765,78939,0.1238805970149252
2020-03-23 00:00:00,3520,3555,3350,3495,44024,-0.0717131474103586
2020-03-24 00:00:00,3660,3660,3360,3490,96350,-0.0014306151645206
2020-03-25 00:00:00,3575,3705,3480,3705,247421,0.0616045845272206
2020-03-26 00:00:00,4590,4815,4540,4815,889493,0.2995951417004048
2020-03-27 00:00:00,4975,5170,4200,4260,684392,-0.1152647975077881
2020-03-30 00:00:00,4295,4440,4215,4365,145901,0.0246478873239437
2020-03-31 00:00:00,4450,4580,4260,4300,223326,-0.0148911798396333
2020-04-01 00:00:00,4340,4530,4245,4270,140790,-0.0069767441860465
2020-04-02 00:00:00,4340,4420,4210,4370,66462,0.0234192037470726
2020-04-03 00:00:00,4380,4580,4350,4565,122648,0.0446224256292906
2020-04-06 00:00:00,4565,4645,4510,4615,103413,0.0109529025191674
2020-04-07 00:00:00,4660,4700,4505,4605,163618,-0.0021668472372697
2020-04-08 00:00:00,4565,4725,4565,4610,103648,0.001085776330076
2020-04-09 00:00:00,4615,4735,4595,4735,95494,0.027114967462039
2020-04-10 00:00:00,4735,4740,4495,4655,65866,-0.0168954593453009
2020-04-13 00:00:00,4620,4655,4475,4490,42948,-0.0354457572502685
2020-04-14 00:00:00,4505,4590,4490,4530,32175,0.0089086859688196
2020-04-16 00:00:00,4525,4610,4400,4595,41111,0.0143487858719646
2020-04-17 00:00:00,4610,4890,4610,4835,153330,0.0522306855277474
2020-04-20 00:00:00,4835,4925,4790,4860,82940,0.0051706308169596
2020-04-21 00:00:00,4760,4865,4520,4685,90544,-0.0360082304526748
2020-04-22 00:00:00,4580,4700,4485,4700,64560,0.0032017075773747
2020-04-23 00:00:00,4710,4815,4685,4815,60120,0.0244680851063829
2020-04-24 00:00:00,4810,4810,4575,4640,48428,-0.0363447559709242
2020-04-27 00:00:00,4645,4765,4555,4710,90091,0.0150862068965518
2020-04-28 00:00:00,4750,4850,4680,4845,78784,0.0286624203821657
2020-04-29 00:00:00,4835,5540,4800,5150,516190,0.0629514963880288
2020-05-04 00:00:00,5140,5350,5020,5090,58278,-0.0116504854368931
2020-05-06 00:00:00,5090,5250,5050,5150,68704,0.0117878192534381
2020-05-07 00:00:00,5150,5380,5070,5350,88323,0.0388349514563106
2020-05-08 00:00:00,5450,5700,5370,5630,115348,0.0523364485981308
2020-05-11 00:00:00,5620,5730,5440,5440,74857,-0.0337477797513321
2020-05-12 00:00:00,5460,5500,5270,5320,51772,-0.0220588235294117
2020-05-13 00:00:00,5270,5320,5220,5280,34852,-0.0075187969924812
2020-05-14 00:00:00,5210,5270,5090,5220,39246,-0.0113636363636363
2020-05-15 00:00:00,5210,5240,5030,5090,49355,-0.0249042145593869
2020-05-18 00:00:00,5060,5110,4940,5050,41873,-0.0078585461689587
2020-05-19 00:00:00,5090,5180,5070,5130,30543,0.0158415841584158
2020-05-20 00:00:00,5130,5460,5130,5350,55901,0.0428849902534114
2020-05-21 00:00:00,5400,5480,5220,5290,36828,-0.011214953271027998
2020-05-22 00:00:00,5290,5390,5110,5150,33270,-0.0264650283553875
2020-05-25 00:00:00,5150,5150,5020,5080,26470,-0.0135922330097086
2020-05-26 00:00:00,5090,5250,5060,5190,25699,0.0216535433070865
2020-05-27 00:00:00,5200,5440,5180,5290,57820,0.0192678227360307
2020-05-28 00:00:00,5300,5340,5070,5220,38501,-0.0132325141776937
2020-05-29 00:00:00,5170,5250,5110,5130,17148,-0.0172413793103448
2020-06-01 00:00:00,5130,5260,5010,5200,47286,0.0136452241715399
2020-06-02 00:00:00,5200,5570,5200,5360,66455,0.0307692307692306
2020-06-03 00:00:00,5360,5670,5340,5540,206320,0.0335820895522387
2020-06-04 00:00:00,5560,5840,5510,5710,76730,0.0306859205776173
2020-06-05 00:00:00,5670,6550,5610,5920,556588,0.0367775831873904
2020-06-08 00:00:00,5930,5960,5720,5800,81745,-0.0202702702702702
2020-06-09 00:00:00,5830,5830,5660,5660,66468,-0.0241379310344828
2020-06-10 00:00:00,5670,5710,5560,5560,31046,-0.0176678445229682
2020-06-11 00:00:00,5560,5600,5420,5460,67139,-0.0179856115107913
2020-06-12 00:00:00,5140,5290,5080,5290,50734,-0.0311355311355311
2020-06-15 00:00:00,5230,5270,4955,4960,75951,-0.0623818525519849
2020-06-16 00:00:00,5030,5230,5030,5180,34289,0.0443548387096774
2020-06-17 00:00:00,5120,5190,5080,5120,32800,-0.0115830115830115
2020-06-18 00:00:00,5120,5220,5110,5200,27232,0.015625
2020-06-19 00:00:00,5160,5200,5110,5180,16763,-0.0038461538461538
2020-06-22 00:00:00,5180,5250,5150,5190,24555,0.001930501930502
2020-06-23 00:00:00,5180,5250,5130,5160,32365,-0.0057803468208093
2020-06-24 00:00:00,5160,5390,5150,5390,142078,0.0445736434108527
2020-06-25 00:00:00,5500,5700,5220,5250,110924,-0.0259740259740259
2020-06-26 00:00:00,5300,5320,5150,5250,30515,0.0
2020-06-29 00:00:00,5230,5230,5090,5110,36691,-0.0266666666666666
2020-06-30 00:00:00,5110,5210,5100,5170,16238,0.0117416829745597
2020-07-01 00:00:00,5150,5250,5140,5180,12429,0.0019342359767891
2020-07-02 00:00:00,5180,5250,5170,5240,14281,0.0115830115830115
2020-07-03 00:00:00,5240,5310,5160,5250,19284,0.0019083969465649
2020-07-06 00:00:00,5250,5280,5210,5250,15762,0.0
2020-07-07 00:00:00,5220,5320,5200,5240,17127,-0.0019047619047618
2020-07-08 00:00:00,5240,5340,5170,5240,17095,0.0
2020-07-09 00:00:00,5240,5240,5180,5210,7740,-0.0057251908396946
2020-07-10 00:00:00,5210,5290,5010,5180,28933,-0.0057581573896353
2020-07-13 00:00:00,5180,5210,5120,5210,18497,0.0057915057915058
2020-07-14 00:00:00,5200,5340,5150,5250,30544,0.0076775431861804
2020-07-15 00:00:00,5250,5390,5250,5380,44118,0.0247619047619047
2020-07-16 00:00:00,5430,5460,5360,5440,45413,0.0111524163568772
2020-07-17 00:00:00,5440,5660,5390,5660,58184,0.0404411764705883
2020-07-20 00:00:00,5630,5750,5520,5670,36930,0.0017667844522968
2020-07-21 00:00:00,5670,5800,5580,5660,43893,-0.0017636684303351
2020-07-22 00:00:00,5680,5710,5560,5680,23617,0.0035335689045936
2020-07-23 00:00:00,5680,5710,5480,5610,35380,-0.0123239436619718
2020-07-24 00:00:00,5520,5580,5240,5520,40782,-0.016042780748663
2020-07-27 00:00:00,5450,5480,5400,5460,26789,-0.0108695652173913
2020-07-28 00:00:00,5460,5460,5380,5410,31690,-0.0091575091575091
2020-07-29 00:00:00,5370,5880,5370,5520,99237,0.0203327171903882
2020-07-30 00:00:00,5560,5940,5520,5840,205277,0.0579710144927536
2020-07-31 00:00:00,5880,5880,5610,5630,71561,-0.035958904109589
2020-08-03 00:00:00,5690,5700,5550,5680,27617,0.0088809946714032
2020-08-04 00:00:00,5680,5810,5590,5780,27836,0.0176056338028169
2020-08-05 00:00:00,5780,6030,5690,5930,94617,0.0259515570934256
2020-08-06 00:00:00,5930,6070,5730,5820,61042,-0.0185497470489038
2020-08-07 00:00:00,5820,5820,5660,5740,36499,-0.0137457044673539
2020-08-10 00:00:00,5740,5910,5630,5860,47801,0.0209059233449477
2020-08-11 00:00:00,5860,5950,5830,5860,25114,0.0
2020-08-12 00:00:00,5860,5870,5700,5710,38748,-0.0255972696245734
2020-08-13 00:00:00,5780,5840,5720,5720,26448,0.0017513134851139
2020-08-14 00:00:00,5700,5790,5460,5550,76924,-0.0297202797202796
2020-08-18 00:00:00,5540,5540,5250,5300,42700,-0.045045045045045
2020-08-19 00:00:00,5240,5360,5240,5310,16843,0.0018867924528302
2020-08-20 00:00:00,5440,5440,5020,5040,40785,-0.0508474576271186
2020-08-21 00:00:00,5110,5690,5070,5240,72305,0.0396825396825397
2020-08-24 00:00:00,5190,5360,5110,5360,24115,0.0229007633587785
2020-08-25 00:00:00,5470,5470,5310,5410,24782,0.0093283582089551
2020-08-26 00:00:00,5490,5500,5350,5440,21170,0.0055452865064695
2020-08-27 00:00:00,5500,5500,5300,5320,7908,-0.0220588235294117
2020-08-28 00:00:00,5310,5470,5260,5330,14654,0.0018796992481202
2020-08-31 00:00:00,5330,5400,5320,5340,16087,0.0018761726078799
2020-09-01 00:00:00,5270,5440,5270,5410,17193,0.0131086142322096
2020-09-02 00:00:00,5460,5800,5450,5760,96825,0.0646950092421441
2020-09-03 00:00:00,5760,5790,5620,5760,60615,0.0
2020-09-04 00:00:00,5510,5740,5500,5740,45517,-0.0034722222222222
2020-09-07 00:00:00,5720,6260,5690,6040,302460,0.0522648083623693
2020-09-08 00:00:00,6050,6240,5860,5980,127983,-0.0099337748344371
2020-09-09 00:00:00,5970,6050,5830,5990,41836,0.0016722408026756
2020-09-10 00:00:00,6010,6180,5950,6150,61224,0.0267111853088479
2020-09-11 00:00:00,6100,6180,5900,6060,37108,-0.0146341463414634
2020-09-14 00:00:00,6060,6120,5920,6080,29723,0.0033003300330032
2020-09-15 00:00:00,6170,6170,5930,5990,36046,-0.0148026315789473
2020-09-16 00:00:00,6010,6020,5920,5980,29530,-0.0016694490818029
2020-09-17 00:00:00,5980,6070,5720,5810,20310,-0.0284280936454849
2020-09-18 00:00:00,5760,5870,5720,5830,10683,0.0034423407917383
2020-09-21 00:00:00,5830,5920,5680,5750,25539,-0.0137221269296741
2020-09-22 00:00:00,5700,5740,5480,5530,29256,-0.0382608695652173
2020-09-23 00:00:00,5530,5650,5480,5540,18575,0.0018083182640145
2020-09-24 00:00:00,5360,5690,5330,5590,21172,0.0090252707581226
2020-09-25 00:00:00,5590,5700,5390,5410,27401,-0.0322003577817531
2020-09-28 00:00:00,5420,5550,5410,5440,24512,0.0055452865064695
2020-09-29 00:00:00,5580,5580,5460,5540,8634,0.0183823529411764
2020-10-05 00:00:00,5540,5680,5450,5650,16107,0.01985559566787
2020-10-06 00:00:00,5700,5710,5620,5680,15585,0.0053097345132744
2020-10-07 00:00:00,5680,5700,5590,5700,8223,0.0035211267605634
2020-10-08 00:00:00,5700,5760,5660,5710,21669,0.0017543859649122
2020-10-12 00:00:00,5720,5810,5700,5770,22755,0.0105078809106831
2020-10-13 00:00:00,5800,5800,5680,5770,12910,0.0
2020-10-14 00:00:00,5810,5810,5710,5770,8943,0.0
2020-10-15 00:00:00,5790,5790,5550,5670,23801,-0.0173310225303292
2020-10-16 00:00:00,5670,5730,5480,5590,43315,-0.0141093474426807
2020-10-19 00:00:00,5580,5700,5540,5550,5156,-0.0071556350626118
2020-10-20 00:00:00,5440,5670,5440,5650,23883,0.018018018018018004
2020-10-21 00:00:00,5720,5720,5590,5650,6459,0.0
2020-10-22 00:00:00,5660,5680,5580,5610,14793,-0.0070796460176991
2020-10-23 00:00:00,5610,5670,5530,5600,12317,-0.0017825311942959
2020-10-26 00:00:00,5600,5600,5430,5470,22950,-0.0232142857142857
2020-10-27 00:00:00,5400,5540,5400,5510,11739,0.0073126142595978
2020-10-28 00:00:00,5510,5540,5440,5520,9009,0.0018148820326677
2020-10-29 00:00:00,5480,5490,5410,5460,15762,-0.0108695652173913
2020-10-30 00:00:00,5460,5540,5300,5300,20150,-0.0293040293040293
2020-11-02 00:00:00,5330,5410,5330,5380,6890,0.0150943396226415
2020-11-03 00:00:00,5380,5480,5370,5430,3530,0.0092936802973977
2020-11-04 00:00:00,5440,5520,5420,5460,2581,0.0055248618784531
2020-11-05 00:00:00,5460,5530,5430,5470,13749,0.0018315018315018
2020-11-06 00:00:00,5470,5560,5440,5480,11172,0.0018281535648994
2020-11-09 00:00:00,5480,5540,5420,5510,15660,0.0054744525547445
2020-11-10 00:00:00,5480,5570,5450,5550,13784,0.0072595281306715
2020-11-11 00:00:00,5560,5580,5490,5580,14400,0.0054054054054053
2020-11-12 00:00:00,5580,5630,5550,5620,15239,0.0071684587813619985
2020-11-13 00:00:00,5660,5660,5530,5630,6915,0.001779359430605
2020-11-16 00:00:00,5630,5670,5560,5600,37822,-0.0053285968028419
2020-11-17 00:00:00,5610,5660,5560,5630,11737,0.0053571428571428
2020-11-18 00:00:00,5630,5690,5580,5640,18252,0.0017761989342806
2020-11-19 00:00:00,5640,5700,5600,5650,19761,0.00177304964539
2020-11-20 00:00:00,5690,5700,5600,5650,27889,0.0
2020-11-23 00:00:00,5690,5690,5590,5650,13925,0.0
2020-11-24 00:00:00,5600,5680,5580,5680,52944,0.0053097345132744
2020-11-25 00:00:00,5710,5760,5600,5630,39655,-0.0088028169014084
2020-11-26 00:00:00,5630,5700,5580,5690,25418,0.0106571936056838
2020-11-27 00:00:00,5690,5750,5690,5750,25680,0.0105448154657292
2020-11-30 00:00:00,5750,5780,5690,5750,19326,0.0
2020-12-01 00:00:00,5710,5830,5710,5810,20583,0.0104347826086956
2020-12-02 00:00:00,5870,5870,5790,5850,16482,0.0068846815834766
2020-12-03 00:00:00,5860,5880,5830,5880,16719,0.0051282051282051
2020-12-04 00:00:00,5880,5900,5790,5870,24534,-0.0017006802721087
2020-12-07 00:00:00,5870,5890,5770,5850,28406,-0.0034071550255536
2020-12-08 00:00:00,5880,6200,5830,5920,97193,0.0119658119658119
2020-12-09 00:00:00,6050,6080,5920,5990,62726,0.0118243243243243
2020-12-10 00:00:00,5990,6050,5910,5910,49585,-0.0133555926544239
2020-12-11 00:00:00,5950,6130,5890,6010,42048,0.0169204737732655
2020-12-14 00:00:00,6090,6090,5950,6000,25275,-0.0016638935108153
2020-12-15 00:00:00,6000,6130,5980,6120,85334,0.02
2020-12-16 00:00:00,6120,6190,5980,6110,47522,-0.0016339869281045
2020-12-17 00:00:00,6110,6130,5990,6060,47483,-0.0081833060556464
2020-12-18 00:00:00,6060,6400,6060,6340,142826,0.0462046204620461
2020-12-21 00:00:00,6280,6470,6220,6330,74605,-0.001577287066246
2020-12-22 00:00:00,6330,6330,5950,6030,68036,-0.047393364928910005
2020-12-23 00:00:00,6020,6110,5950,5990,36175,-0.0066334991708125
2020-12-24 00:00:00,5990,6150,5990,6040,25466,0.0083472454090149
2020-12-28 00:00:00,6060,6100,5990,6090,38745,0.0082781456953642
2020-12-29 00:00:00,6090,6090,5900,6040,38229,-0.0082101806239737
2020-12-30 00:00:00,6130,6130,5980,6040,27955,0.0
2021-01-04 00:00:00,5960,6050,5900,5960,54211,-0.0132450331125827
2021-01-05 00:00:00,5960,6030,5950,6020,30433,0.0100671140939596
2021-01-06 00:00:00,6020,6050,5990,6050,32507,0.0049833887043189
2021-01-07 00:00:00,6100,6200,6050,6090,53589,0.0066115702479339
2021-01-08 00:00:00,6150,6170,6020,6080,39882,-0.0016420361247947
2021-01-11 00:00:00,6130,6150,5930,6020,73599,-0.0098684210526315
2021-01-12 00:00:00,6020,6070,5880,6010,28480,-0.0016611295681062
2021-01-13 00:00:00,5960,6030,5930,6030,13061,0.0033277870216306
2021-01-14 00:00:00,6020,6020,5910,5960,31792,-0.011608623548921998
2021-01-15 00:00:00,5960,5980,5900,5980,34245,0.0033557046979866
2021-01-18 00:00:00,5940,5980,5860,5910,40718,-0.011705685618728996
2021-01-19 00:00:00,5900,6190,5900,6050,61116,0.0236886632825719
2021-01-20 00:00:00,6130,6290,6120,6250,119495,0.0330578512396693
2021-01-21 00:00:00,6330,6330,6150,6260,42765,0.0016
2021-01-22 00:00:00,6260,6400,6200,6340,81744,0.0127795527156548
2021-01-25 00:00:00,6480,6650,6350,6630,235447,0.0457413249211355
2021-01-26 00:00:00,6590,6640,6380,6460,94223,-0.0256410256410256
2021-01-27 00:00:00,6560,6560,6300,6390,63884,-0.0108359133126935
2021-01-28 00:00:00,6270,6360,6200,6300,52394,-0.0140845070422535
2021-01-29 00:00:00,6260,6390,5910,5980,88858,-0.0507936507936508
2021-02-01 00:00:00,5980,6070,5790,6060,40960,0.0133779264214046
2021-02-02 00:00:00,6060,6150,6050,6100,20535,0.0066006600660066
2021-02-03 00:00:00,6140,6260,6080,6260,33873,0.0262295081967212
2021-02-04 00:00:00,6260,6330,6150,6190,35214,-0.011182108626198
2021-02-05 00:00:00,6190,6300,6140,6270,49714,0.012924071082391
2021-02-08 00:00:00,6250,6300,6200,6210,25952,-0.0095693779904306
2021-02-09 00:00:00,6200,6280,6170,6230,34112,0.0032206119162641
2021-02-10 00:00:00,6210,6260,6110,6170,21129,-0.0096308186195827
2021-02-15 00:00:00,6170,6270,6150,6150,38180,-0.0032414910858995
2021-02-16 00:00:00,6180,6210,6120,6200,34971,0.0081300813008129
2021-02-17 00:00:00,6190,6230,6120,6220,42977,0.0032258064516128
2021-02-18 00:00:00,6220,6440,6180,6300,79497,0.0128617363344052
2021-02-19 00:00:00,6300,6330,6150,6310,37571,0.0015873015873015
2021-02-22 00:00:00,6270,6440,6250,6370,48023,0.0095087163232963
2021-02-23 00:00:00,6370,6550,6220,6440,67555,0.0109890109890109
2021-02-24 00:00:00,6420,6540,6200,6200,57927,-0.0372670807453415
2021-02-25 00:00:00,6250,6420,6180,6390,48841,0.0306451612903226
2021-02-26 00:00:00,6300,6680,6190,6630,154681,0.0375586854460094
2021-03-02 00:00:00,6620,6690,6260,6270,100442,-0.0542986425339366
2021-03-03 00:00:00,6280,6450,6210,6330,77116,0.0095693779904306
2021-03-04 00:00:00,6290,6350,6200,6300,40287,-0.004739336492891
2021-03-05 00:00:00,6250,6290,6120,6220,30577,-0.0126984126984126
2021-03-08 00:00:00,6220,6330,6170,6230,45073,0.0016077170418007
2021-03-09 00:00:00,6170,6270,6050,6200,55241,-0.0048154093097912
2021-03-10 00:00:00,6220,6280,6170,6190,15702,-0.0016129032258064
2021-03-11 00:00:00,6200,6250,6170,6220,8199,0.0048465266558965
2021-03-12 00:00:00,6280,6280,6210,6260,18373,0.0064308681672025
2021-03-15 00:00:00,6310,6310,6200,6270,19969,0.0015974440894568
2021-03-16 00:00:00,6300,6300,6220,6290,37184,0.0031897926634769
2021-03-17 00:00:00,6290,6340,6180,6230,31078,-0.0095389507154213
2021-03-18 00:00:00,6280,6280,6230,6260,25086,0.0048154093097914
2021-03-19 00:00:00,6180,6260,6140,6210,10011,-0.0079872204472843
2021-03-22 00:00:00,6220,6310,6220,6280,21796,0.0112721417069243
2021-03-23 00:00:00,6290,6370,6200,6280,28444,0.0
2021-03-24 00:00:00,6280,6290,6060,6160,82290,-0.019108280254777
2021-03-25 00:00:00,6170,6410,6170,6350,44167,0.0308441558441558
2021-03-26 00:00:00,6380,6510,6340,6460,60354,0.0173228346456693
2021-03-29 00:00:00,6510,6520,6340,6400,38045,-0.0092879256965944
2021-03-30 00:00:00,6400,6450,6370,6440,25434,0.00625
2021-03-31 00:00:00,6500,6520,6420,6490,25143,0.0077639751552796
2021-04-01 00:00:00,6540,6540,6330,6400,44299,-0.0138674884437596
2021-04-02 00:00:00,6470,6600,6430,6590,83780,0.0296875
2021-04-05 00:00:00,6590,6990,6590,6990,279204,0.0606980273141122
2021-04-06 00:00:00,7000,7020,6890,6970,79578,-0.0028612303290415
2021-04-07 00:00:00,6940,6960,6850,6940,59309,-0.0043041606886656
2021-04-08 00:00:00,6930,6970,6800,6940,52683,0.0
2021-04-09 00:00:00,6940,7090,6920,7010,66899,0.0100864553314121
2021-04-12 00:00:00,7040,7220,6980,7220,91901,0.0299572039942939
2021-04-13 00:00:00,7220,7300,6980,7020,90498,-0.0277008310249307
2021-04-14 00:00:00,7080,7090,6790,6950,129619,-0.0099715099715099
2021-04-15 00:00:00,7010,7010,6860,6980,51560,0.0043165467625898
2021-04-16 00:00:00,7030,7270,6940,7180,71691,0.0286532951289397
2021-04-19 00:00:00,7270,7430,7150,7390,142769,0.0292479108635097
2021-04-20 00:00:00,7390,7430,7310,7390,61556,0.0
2021-04-21 00:00:00,7380,7380,7060,7320,56513,-0.0094722598105547
2021-04-22 00:00:00,7270,7390,7140,7270,59491,-0.0068306010928961
2021-04-23 00:00:00,7270,7280,7170,7200,30305,-0.0096286107290234
2021-04-26 00:00:00,7200,7340,7150,7260,36625,0.0083333333333333
2021-04-27 00:00:00,7250,7250,7090,7150,60389,-0.0151515151515151
2021-04-28 00:00:00,7100,7420,7060,7260,79233,0.0153846153846153
2021-04-29 00:00:00,7200,7280,7070,7150,35113,-0.0151515151515151
2021-04-30 00:00:00,7110,7190,6990,7070,58244,-0.0111888111888112
2021-05-03 00:00:00,7050,7410,7010,7200,86151,0.0183875530410184
2021-05-04 00:00:00,7200,7270,7030,7200,39567,0.0
2021-05-06 00:00:00,7200,7360,7190,7260,25943,0.0083333333333333
2021-05-07 00:00:00,7290,7690,7240,7680,132699,0.0578512396694215
2021-05-10 00:00:00,7740,7870,7620,7630,105505,-0.0065104166666666
2021-05-11 00:00:00,7630,7730,7540,7650,36117,0.0026212319790301
2021-05-12 00:00:00,7650,7650,7200,7420,100983,-0.0300653594771241
2021-05-13 00:00:00,7160,7340,7100,7170,91722,-0.0336927223719676
2021-05-14 00:00:00,7170,7350,7170,7330,49701,0.0223152022315202
2021-05-17 00:00:00,7390,7410,7180,7190,33953,-0.0190995907230558
2021-05-18 00:00:00,7130,7300,6650,6860,182753,-0.0458970792767733
2021-05-20 00:00:00,6870,6880,6710,6820,69194,-0.0058309037900874
2021-05-21 00:00:00,6830,6890,6740,6790,43453,-0.0043988269794721
2021-05-24 00:00:00,6790,6910,6730,6870,57226,0.011782032400589
2021-05-25 00:00:00,6870,7080,6850,7070,55365,0.0291120815138281
2021-05-26 00:00:00,7370,8540,7360,7600,2648131,0.074964639321075
2021-05-27 00:00:00,7850,8020,7710,7920,498761,0.0421052631578946
2021-05-28 00:00:00,7940,8040,7760,7930,243709,0.0012626262626262
2021-05-31 00:00:00,7900,8160,7860,8050,193893,0.0151324085750315
2021-06-01 00:00:00,8050,8120,7800,7900,147185,-0.0186335403726708
2021-06-02 00:00:00,7930,8030,7830,7930,92932,0.0037974683544304
2021-06-03 00:00:00,8000,8000,7870,7930,74921,0.0
2021-06-04 00:00:00,7950,8220,7890,8170,196855,0.030264817150063
2021-06-07 00:00:00,8300,8890,8030,8660,855316,0.0599755201958385
2021-06-08 00:00:00,8630,8650,8310,8650,211107,-0.0011547344110854
2021-06-09 00:00:00,8630,8660,8340,8340,154401,-0.0358381502890173
2021-06-10 00:00:00,8300,8380,8060,8250,136112,-0.0107913669064748
2021-06-11 00:00:00,8230,8360,8050,8160,70645,-0.0109090909090908
2021-06-14 00:00:00,8140,8150,7900,8070,69659,-0.0110294117647058
2021-06-15 00:00:00,8090,8090,7880,7970,91960,-0.0123915737298636
2021-06-16 00:00:00,7970,8010,7900,7940,34668,-0.0037641154328732
2021-06-17 00:00:00,7940,8120,7880,8020,120864,0.0100755667506298
2021-06-18 00:00:00,8060,8080,7770,7770,168479,-0.0311720698254364
2021-06-21 00:00:00,7800,8930,7800,8620,1179199,0.1093951093951093
2021-06-22 00:00:00,8500,8600,8260,8510,360100,-0.0127610208816705
2021-06-23 00:00:00,8410,8430,7950,7950,219951,-0.0658049353701527
2021-06-24 00:00:00,7960,8030,7730,7730,101704,-0.0276729559748427
2021-06-25 00:00:00,7720,7890,7650,7760,91797,0.0038809831824062
2021-06-28 00:00:00,7680,7850,7650,7770,61107,0.0013
2021-06-29 00:00:00,7780,7830,7660,7700,63228,-0.009000000000000001
2021-06-30 00:00:00,7710,7820,7710,7790,37404,0.0116999999999999
2021-07-01 00:00:00,7800,7880,7760,7820,56750,0.0039
2021-07-02 00:00:00,7820,8000,7730,7890,70152,0.009000000000000001
2021-07-05 00:00:00,7890,7900,7700,7780,61961,-0.0139
2021-07-06 00:00:00,7780,7900,7750,7860,52929,0.0103
2021-07-07 00:00:00,7860,8080,7840,7970,150198,0.0139999999999999
2021-07-08 00:00:00,7970,7990,7600,7660,98217,-0.0389
2021-07-09 00:00:00,7630,7630,7200,7350,128122,-0.0405
2021-07-12 00:00:00,7360,7530,7360,7440,66046,0.0121999999999999
2021-07-13 00:00:00,7440,7850,7440,7750,70141,0.0417
2021-07-14 00:00:00,7790,7880,7690,7840,108138,0.0116
2021-07-15 00:00:00,7840,7850,7750,7800,36592,-0.0051
2021-07-16 00:00:00,7830,7970,7740,7900,58791,0.0128
2021-07-19 00:00:00,7870,7870,7510,7700,66938,-0.0253
2021-07-20 00:00:00,7310,7600,7310,7470,90245,-0.0299
2021-07-21 00:00:00,7510,7580,7340,7380,34521,-0.012
2021-07-22 00:00:00,7380,7420,7270,7340,44755,-0.0054
2021-07-23 00:00:00,7330,7480,7330,7480,14359,0.0191
2021-07-26 00:00:00,7420,7460,7220,7220,35271,-0.0348
2021-07-27 00:00:00,7220,7360,7190,7250,24054,0.0042
2021-07-28 00:00:00,7270,7290,7160,7220,30076,-0.0041
2021-07-29 00:00:00,7210,7290,7150,7200,26858,-0.0028000000000000004
2021-07-30 00:00:00,7260,7340,7140,7170,19124,-0.0042
2021-08-02 00:00:00,7140,7210,6950,7050,36648,-0.0167
2021-08-03 00:00:00,7090,7200,6980,7100,60644,0.0071
2021-08-04 00:00:00,7100,7230,7100,7170,29601,0.0099
2021-08-05 00:00:00,7170,7230,7130,7200,19364,0.42
2021-08-06 00:00:00,7210,7290,7180,7250,9185,0.0069
2021-08-09 00:00:00,7360,7680,7360,7500,106091,1.9
2021-08-10 00:00:00,7500,7570,7320,7420,40546,-1.07
2021-08-11 00:00:00,7390,7390,7200,7200,31840,-2.96
2021-08-12 00:00:00,7200,7350,7180,7270,32409,0.97
2021-08-13 00:00:00,7270,7270,6890,7230,56741,-0.55
2021-08-17 00:00:00,7140,7200,6880,6950,42667,-3.87
2021-08-18 00:00:00,6760,6840,6710,6730,66166,-3.17
2021-08-19 00:00:00,6730,6760,6380,6500,86186,-3.42
2021-08-20 00:00:00,6500,6530,6230,6320,53517,-2.77
2021-08-23 00:00:00,6480,6480,6250,6420,18294,1.58
2021-08-24 00:00:00,6430,6580,6430,6550,31156,2.02
2021-08-25 00:00:00,6610,6790,6550,6680,19697,1.98
2021-08-26 00:00:00,6690,6710,6560,6590,15572,-1.35
2021-08-27 00:00:00,6590,6600,6450,6600,12467,0.15
2021-08-30 00:00:00,6680,6740,6600,6730,13808,1.97
2021-08-31 00:00:00,6730,6880,6630,6760,36000,0.45
2021-09-01 00:00:00,6760,6870,6700,6870,19279,1.63
2021-09-02 00:00:00,6870,6870,6760,6780,10933,-1.31
2021-09-03 00:00:00,6780,6880,6740,6790,12786,0.15
2021-09-06 00:00:00,6870,6870,6670,6740,19942,-0.74
2021-09-07 00:00:00,6740,6810,6660,6720,10574,-0.3
2021-09-08 00:00:00,6720,6790,6650,6700,16637,-0.3
2021-09-09 00:00:00,6700,6700,6470,6470,32949,-3.43
2021-09-10 00:00:00,6470,6590,6360,6560,27246,1.39
2021-09-13 00:00:00,6560,6690,6470,6500,15983,-0.91
2021-09-14 00:00:00,6440,6550,6430,6520,15715,0.31
2021-09-15 00:00:00,6520,6580,6480,6550,9655,0.46
2021-09-16 00:00:00,6550,6590,6400,6420,17195,-1.98
2021-09-17 00:00:00,6230,6410,6230,6380,25843,-0.62
2021-09-23 00:00:00,6330,6380,6240,6240,14530,-2.19
2021-09-24 00:00:00,6270,6280,6130,6200,21868,-0.64
2021-09-27 00:00:00,6200,6210,6130,6200,9196,0.0
2021-09-28 00:00:00,6180,6230,6100,6220,14538,0.32
2021-09-29 00:00:00,6080,6170,6070,6170,9890,-0.8
2021-09-30 00:00:00,6140,6180,6060,6150,10941,-0.32
2021-10-01 00:00:00,6080,6120,5870,5950,33422,-3.25
