Date,Open,High,Low,Close,Volume,Change
1997-06-21 00:00:00,37367.0,37797.0,36938.0,37796.0,35600.0,
1997-06-23 00:00:00,38226.0,38226.0,37109.0,37281.0,51100.0,-0.0136257805058735
1997-06-24 00:00:00,37367.0,38054.0,37024.0,37882.0,111200.0,0.0161208122099729
1997-06-25 00:00:00,37968.0,38140.0,37797.0,37968.0,140900.0,0.0022702074864051
1997-06-26 00:00:00,37968.0,38656.0,37883.0,38655.0,51500.0,0.0180941845764854
1997-06-27 00:00:00,38398.0,39515.0,38398.0,39514.0,240400.0,0.0222222222222221
1997-06-28 00:00:00,39515.0,39515.0,38913.0,39257.0,99820.0,-0.0065040238902667
1997-06-30 00:00:00,38656.0,39257.0,38312.0,39257.0,94500.0,0.0
1997-07-01 00:00:00,39085.0,40803.0,39085.0,40459.0,98100.0,0.0306187431540871
1997-07-02 00:00:00,41147.0,42951.0,40546.0,42177.0,262000.0,0.0424627400578363
1997-07-03 00:00:00,42178.0,42951.0,41662.0,42778.0,83000.0,0.014249472461294
1997-07-04 00:00:00,42865.0,44239.0,42865.0,43552.0,136300.0,0.0180934125017533
1997-07-05 00:00:00,43380.0,43810.0,43208.0,43380.0,29800.0,-0.0039493019838353
1997-07-07 00:00:00,39944.0,42951.0,39944.0,41962.0,131600.0,-0.0326878745965882
1997-07-08 00:00:00,41920.0,42135.0,40374.0,41576.0,84000.0,-0.0091987989133025
1997-07-09 00:00:00,41233.0,41834.0,40803.0,41834.0,51900.0,0.0062055031749086
1997-07-10 00:00:00,41920.0,42092.0,41319.0,42091.0,54300.0,0.0061433283931731
1997-07-11 00:00:00,41233.0,42092.0,41233.0,41662.0,47900.0,-0.0101922026086336
1997-07-12 00:00:00,41662.0,41662.0,41233.0,41490.0,18900.0,-0.0041284623877874
1997-07-14 00:00:00,41233.0,42092.0,40803.0,40803.0,79200.0,-0.0165582067968185
1997-07-15 00:00:00,40803.0,42049.0,40803.0,41662.0,96300.0,0.0210523735999803
1997-07-16 00:00:00,41233.0,42349.0,41233.0,41834.0,109500.0,0.0041284623877875
1997-07-18 00:00:00,41834.0,42693.0,41834.0,42693.0,91600.0,0.0205335373141464
1997-07-19 00:00:00,42693.0,43294.0,42607.0,43294.0,65900.0,0.0140772491977607
1997-07-21 00:00:00,43294.0,43294.0,42736.0,43208.0,66900.0,-0.0019864184413544
1997-07-22 00:00:00,42779.0,43037.0,42092.0,42778.0,64900.0,-0.0099518607665247
1997-07-23 00:00:00,42264.0,42951.0,42264.0,42864.0,61800.0,0.0020103791668615
1997-07-24 00:00:00,42822.0,42822.0,39601.0,40373.0,47400.0,-0.0581140350877192
1997-07-25 00:00:00,40374.0,41276.0,40374.0,40631.0,56800.0,0.0063904094320461
1997-07-26 00:00:00,40631.0,40631.0,37883.0,37882.0,9200.0,-0.0676576997858777
1997-07-28 00:00:00,38269.0,40288.0,38226.0,39085.0,68700.0,0.0317565070482022
1997-07-29 00:00:00,39085.0,39429.0,39085.0,39342.0,61900.0,0.006575412562364
1997-07-30 00:00:00,39343.0,39515.0,38742.0,38741.0,54600.0,-0.0152762950536322
1997-07-31 00:00:00,36938.0,38742.0,36938.0,37882.0,12800.0,-0.0221728917684107
1997-08-01 00:00:00,38054.0,38656.0,38011.0,38655.0,31500.0,0.0204054696161766
1997-08-02 00:00:00,38656.0,39085.0,37968.0,38827.0,24900.0,0.0044496184193507
1997-08-04 00:00:00,38656.0,39085.0,38484.0,38913.0,27900.0,0.0022149535117315
1997-08-05 00:00:00,38656.0,39343.0,38656.0,39342.0,49630.0,0.0110245933235679
1997-08-06 00:00:00,39343.0,39772.0,39343.0,39772.0,21200.0,0.0109297951298865
1997-08-07 00:00:00,39772.0,39772.0,38699.0,39772.0,56400.0,0.0
1997-08-08 00:00:00,39729.0,40030.0,39429.0,39858.0,98500.0,0.0021623252539475
1997-08-09 00:00:00,40288.0,40460.0,40202.0,40373.0,20500.0,0.0129208690852526
1997-08-11 00:00:00,41147.0,42865.0,40374.0,42091.0,45300.0,0.0425531914893617
1997-08-12 00:00:00,42092.0,42693.0,42092.0,42521.0,88700.0,0.0102159606566725
1997-08-13 00:00:00,42865.0,43294.0,42865.0,43208.0,115700.0,0.0161567225606171
1997-08-14 00:00:00,43208.0,43208.0,42693.0,42950.0,94700.0,-0.0059711164599148
1997-08-16 00:00:00,42521.0,42693.0,41662.0,41834.0,41200.0,-0.0259837019790454
1997-08-18 00:00:00,41662.0,42049.0,41662.0,42048.0,55900.0,0.0051154563273891
1997-08-19 00:00:00,41662.0,42092.0,41662.0,41834.0,61400.0,-0.0050894216133942
1997-08-20 00:00:00,41576.0,43294.0,41576.0,43294.0,172500.0,0.0348998422335899
1997-08-21 00:00:00,43380.0,43552.0,43123.0,43294.0,36900.0,0.0
1997-08-22 00:00:00,43294.0,44669.0,43294.0,44668.0,88810.0,0.0317364992839654
1997-08-23 00:00:00,43810.0,44669.0,43810.0,44411.0,27000.0,-0.0057535595952359
1997-08-25 00:00:00,44411.0,44411.0,42951.0,44411.0,35300.0,0.0
1997-08-26 00:00:00,43810.0,44153.0,42951.0,42950.0,21900.0,-0.0328972551845263
1997-08-27 00:00:00,42865.0,43380.0,41233.0,42521.0,37800.0,-0.0099883585564609
1997-08-28 00:00:00,42092.0,42908.0,41705.0,41962.0,44800.0,-0.0131464452858587
1997-08-29 00:00:00,41662.0,41662.0,40374.0,41060.0,90700.0,-0.021495638911396
1997-08-30 00:00:00,39944.0,42006.0,39944.0,41060.0,10500.0,0.0
1997-09-01 00:00:00,40374.0,42865.0,40374.0,41919.0,23000.0,0.0209206039941549
1997-09-02 00:00:00,41147.0,41920.0,41061.0,41919.0,16400.0,0.0
1997-09-03 00:00:00,42521.0,42521.0,41147.0,41146.0,46900.0,-0.0184403253894415
1997-09-04 00:00:00,40546.0,41061.0,40546.0,40631.0,42800.0,-0.0125164049968404
1997-09-05 00:00:00,40546.0,41233.0,40546.0,41232.0,15500.0,0.0147916615392187
1997-09-06 00:00:00,41233.0,41920.0,40803.0,41919.0,4700.0,0.0166618160651921
1997-09-08 00:00:00,41834.0,41834.0,40803.0,40975.0,21500.0,-0.0225196211741692
1997-09-09 00:00:00,37797.0,40460.0,37797.0,38741.0,67700.0,-0.0545210494203782
1997-09-10 00:00:00,37883.0,39171.0,37883.0,37968.0,10400.0,-0.0199530213468934
1997-09-11 00:00:00,38656.0,39128.0,37883.0,37968.0,74200.0,0.0
1997-09-12 00:00:00,38011.0,39171.0,38011.0,38741.0,27200.0,0.0203592498946481
1997-09-13 00:00:00,39085.0,39085.0,38570.0,38870.0,5000.0,0.0033298056322759
1997-09-18 00:00:00,39171.0,40717.0,39085.0,40717.0,33100.0,0.0475173655775662
1997-09-19 00:00:00,39687.0,39687.0,38699.0,39471.0,39200.0,-0.0306014686740182
1997-09-20 00:00:00,38656.0,38699.0,37797.0,37796.0,20300.0,-0.042436218996225
1997-09-22 00:00:00,36938.0,38656.0,36250.0,36250.0,22400.0,-0.0409037993438459
1997-09-23 00:00:00,35220.0,36079.0,33931.0,34188.0,73800.0,-0.0568827586206897
1997-09-24 00:00:00,34189.0,35220.0,33502.0,34102.0,207000.0,-0.0025155025155024
1997-09-25 00:00:00,34447.0,35220.0,34103.0,35133.0,150100.0,0.0302328309190076
1997-09-26 00:00:00,35134.0,37926.0,34189.0,37925.0,77800.0,0.0794694446816384
1997-09-27 00:00:00,36165.0,36895.0,35649.0,36722.0,41600.0,-0.0317205009887936
1997-09-29 00:00:00,35735.0,37195.0,35735.0,35735.0,25400.0,-0.0268776210446054
1997-09-30 00:00:00,36766.0,37367.0,36165.0,36937.0,18400.0,0.0336364908353155
1997-10-01 00:00:00,37754.0,37754.0,36766.0,37453.0,51600.0,0.0139697322467986
1997-10-02 00:00:00,37711.0,37711.0,36766.0,37109.0,70700.0,-0.0091848450057405
1997-10-04 00:00:00,37109.0,37625.0,36938.0,37624.0,11600.0,0.0138780349780376
1997-10-06 00:00:00,37797.0,40374.0,36422.0,37796.0,54900.0,0.0045715500744205
1997-10-07 00:00:00,37797.0,38656.0,36079.0,36078.0,21200.0,-0.0454545454545454
1997-10-08 00:00:00,36079.0,36508.0,33201.0,34618.0,95300.0,-0.0404678751593768
1997-10-09 00:00:00,33502.0,37195.0,33502.0,37195.0,35400.0,0.0744410422323647
1997-10-10 00:00:00,38054.0,38054.0,35649.0,35649.0,15100.0,-0.041564726441726
1997-10-11 00:00:00,35563.0,37797.0,35563.0,37538.0,1500.0,0.0529888636427389
1997-10-13 00:00:00,36250.0,37367.0,35907.0,37324.0,2300.0,-0.0057008897650381
1997-10-14 00:00:00,38656.0,38913.0,37797.0,38913.0,38050.0,0.0425731432858214
1997-10-15 00:00:00,38828.0,39343.0,37968.0,37968.0,59200.0,-0.0242849433351322
1997-10-16 00:00:00,36079.0,36336.0,34962.0,35004.0,56100.0,-0.0780657395701643
1997-10-17 00:00:00,35649.0,36079.0,34189.0,35219.0,57000.0,0.0061421551822649
1997-10-18 00:00:00,35263.0,36293.0,34447.0,34790.0,17900.0,-0.0121809250688549
1997-10-20 00:00:00,34790.0,35220.0,34189.0,35219.0,37500.0,0.0123311296349526
1997-10-21 00:00:00,33502.0,36508.0,33502.0,35219.0,43300.0,0.0
1997-10-22 00:00:00,36938.0,37797.0,35263.0,37796.0,23600.0,0.0731707317073171
1997-10-23 00:00:00,36938.0,37367.0,34790.0,35649.0,104200.0,-0.0568049529050693
1997-10-24 00:00:00,35220.0,35220.0,34103.0,34360.0,109800.0,-0.0361580970013184
1997-10-25 00:00:00,34361.0,35606.0,31612.0,31611.0,102600.0,-0.0800058207217695
1997-10-27 00:00:00,31612.0,33502.0,30925.0,30924.0,93800.0,-0.0217329410648191
1997-10-28 00:00:00,30066.0,30066.0,28476.0,28476.0,327800.0,-0.0791618160651921
1997-10-29 00:00:00,30753.0,30753.0,27059.0,28218.0,147300.0,-0.0090602612726506
1997-10-30 00:00:00,27317.0,27317.0,25985.0,25985.0,258700.0,-0.0791338861719469
1997-10-31 00:00:00,24138.0,25985.0,23924.0,25598.0,176650.0,-0.0148932076197806
1997-11-01 00:00:00,25599.0,27489.0,24482.0,26457.0,85600.0,0.0335573091647785
1997-11-03 00:00:00,28562.0,28562.0,28562.0,28562.0,829310.0,0.0795630645953811
1997-11-04 00:00:00,30839.0,30839.0,30839.0,30838.0,62400.0,0.0796862964778377
1997-11-05 00:00:00,33287.0,33287.0,33287.0,33286.0,31300.0,0.0793825799338479
1997-11-06 00:00:00,35950.0,35950.0,31354.0,33931.0,1171510.0,0.0193775160728233
1997-11-07 00:00:00,33502.0,33502.0,31225.0,31225.0,109900.0,-0.0797500810468303
1997-11-08 00:00:00,28777.0,28777.0,28734.0,28734.0,43000.0,-0.0797758206565252
1997-11-10 00:00:00,26715.0,30495.0,26715.0,29636.0,326360.0,0.0313913830305561
1997-11-11 00:00:00,29207.0,30839.0,27918.0,29206.0,137600.0,-0.0145093804831961
1997-11-12 00:00:00,29292.0,30066.0,28348.0,29893.0,26700.0,0.0235225638567417
1997-11-13 00:00:00,30066.0,30495.0,28348.0,28862.0,119980.0,-0.0344896798581607
1997-11-14 00:00:00,28863.0,29035.0,28090.0,28777.0,84100.0,-0.0029450488531633
1997-11-15 00:00:00,28348.0,29207.0,28348.0,28691.0,5100.0,-0.0029884977586266
1997-11-17 00:00:00,28348.0,29207.0,26415.0,26672.0,51200.0,-0.0703704994597609
1997-11-18 00:00:00,26415.0,27489.0,24954.0,27230.0,129300.0,0.0209208158368325
1997-11-19 00:00:00,27231.0,28691.0,26544.0,28691.0,197300.0,0.0536540580242379
1997-11-20 00:00:00,28949.0,28949.0,26629.0,27660.0,78500.0,-0.0359346136419086
1997-11-21 00:00:00,28090.0,29851.0,28090.0,29850.0,109690.0,0.0791757049891539
1997-11-22 00:00:00,30925.0,31440.0,29808.0,29850.0,59200.0,0.0
1997-11-24 00:00:00,28348.0,29636.0,28004.0,28132.0,37700.0,-0.0575544388609715
1997-11-25 00:00:00,27489.0,28777.0,26458.0,27488.0,75600.0,-0.022892080193374
1997-11-26 00:00:00,27574.0,29207.0,27574.0,28519.0,124100.0,0.0375072759022119
1997-11-27 00:00:00,28777.0,30796.0,27918.0,30795.0,121100.0,0.0798064448262561
1997-11-28 00:00:00,30667.0,31955.0,28348.0,28347.0,55110.0,-0.0794934242571846
1997-11-29 00:00:00,28348.0,30066.0,27489.0,29507.0,10650.0,0.0409214378946625
1997-12-01 00:00:00,28777.0,31182.0,27918.0,27918.0,82700.0,-0.0538516284271528
1997-12-02 00:00:00,27489.0,29636.0,27489.0,29636.0,160900.0,0.0615373594096997
1997-12-03 00:00:00,30066.0,31998.0,29722.0,31998.0,163800.0,0.0797003644216494
1997-12-04 00:00:00,34532.0,34532.0,34532.0,34532.0,9600.0,0.0791924495280955
1997-12-05 00:00:00,37281.0,37281.0,37281.0,37281.0,5600.0,0.0796073207459746
1997-12-06 00:00:00,40245.0,40245.0,40245.0,40244.0,53400.0,0.0794774818272041
1997-12-08 00:00:00,43380.0,43380.0,42092.0,42950.0,354820.0,0.0672398369943345
1997-12-09 00:00:00,39687.0,41920.0,39515.0,39514.0,291650.0,-0.0799999999999999
1997-12-10 00:00:00,42650.0,42650.0,42650.0,42650.0,162800.0,0.0793642759528268
1997-12-11 00:00:00,46043.0,46043.0,39257.0,39257.0,2436450.0,-0.0795545134818288
1997-12-12 00:00:00,36122.0,36122.0,36122.0,36121.0,27200.0,-0.0798838423720609
1997-12-13 00:00:00,33244.0,37797.0,33244.0,33415.0,143100.0,-0.0749148694665153
1997-12-15 00:00:00,36079.0,36079.0,36079.0,36078.0,90400.0,0.0796947478677241
1997-12-16 00:00:00,38956.0,38956.0,38956.0,38956.0,175400.0,0.0797716059648538
1997-12-17 00:00:00,42049.0,42049.0,35864.0,40803.0,825640.0,0.0474124653455181
1997-12-19 00:00:00,37883.0,40288.0,37539.0,37538.0,62000.0,-0.0800186260814156
1997-12-20 00:00:00,35220.0,38656.0,34618.0,36078.0,62000.0,-0.0388939208268954
1997-12-22 00:00:00,37024.0,38956.0,36079.0,36078.0,112600.0,0.0
1997-12-23 00:00:00,36079.0,36079.0,33201.0,33200.0,189500.0,-0.0797716059648538
1997-12-24 00:00:00,30925.0,34790.0,30710.0,33501.0,121500.0,0.0090662650602408
1997-12-26 00:00:00,36165.0,36165.0,36165.0,36164.0,37360.0,0.0794901644727024
1997-12-27 00:00:00,38999.0,38999.0,37367.0,38226.0,115200.0,0.0570180289790951
1998-01-03 00:00:00,36322.0,39378.0,36322.0,38979.0,30200.0,0.019698634437294
1998-01-05 00:00:00,39422.0,39865.0,37296.0,38359.0,32900.0,-0.0159060006670258
1998-01-06 00:00:00,37650.0,38536.0,36853.0,38004.0,24200.0,-0.0092546729581063
1998-01-07 00:00:00,37960.0,39245.0,37960.0,39244.0,60900.0,0.032628144405852
1998-01-08 00:00:00,39245.0,42346.0,38182.0,41636.0,65200.0,0.0609519926612984
1998-01-09 00:00:00,40308.0,41637.0,39422.0,40485.0,134500.0,-0.0276443462388318
1998-01-10 00:00:00,40485.0,42257.0,40308.0,42257.0,184400.0,0.043769297270594
1998-01-12 00:00:00,42523.0,43364.0,41194.0,42434.0,94300.0,0.0041886551340606
1998-01-13 00:00:00,41548.0,42346.0,40751.0,41902.0,89100.0,-0.0125371164632134
1998-01-14 00:00:00,41903.0,42523.0,40840.0,41902.0,367800.0,0.0
1998-01-15 00:00:00,41903.0,44295.0,41460.0,42522.0,202900.0,0.0147964297646889
1998-01-16 00:00:00,43320.0,43409.0,39156.0,39156.0,87100.0,-0.0791590235642726
1998-01-17 00:00:00,42080.0,42080.0,39865.0,41459.0,40600.0,0.0588160179793646
1998-01-19 00:00:00,41637.0,44737.0,41637.0,44737.0,236700.0,0.0790660652693022
1998-01-20 00:00:00,44560.0,45535.0,43409.0,44294.0,86600.0,-0.0099023179918188
1998-01-21 00:00:00,40840.0,43852.0,40751.0,40750.0,87600.0,-0.0800108366821691
1998-01-22 00:00:00,38979.0,43984.0,38979.0,41902.0,147000.0,0.0282699386503066
1998-01-23 00:00:00,41681.0,43852.0,41681.0,43408.0,154200.0,0.0359410052026156
1998-01-24 00:00:00,43852.0,46864.0,43497.0,46863.0,169700.0,0.0795936232952452
1998-01-26 00:00:00,48281.0,50496.0,47838.0,49609.0,252050.0,0.0585963339948361
1998-01-30 00:00:00,52711.0,53508.0,51825.0,53507.0,140900.0,0.0785744522163316
1998-01-31 00:00:00,53508.0,53508.0,50939.0,53153.0,147500.0,-0.0066159567907002
1998-02-02 00:00:00,51382.0,52268.0,49167.0,49609.0,119300.0,-0.0666754463529809
1998-02-03 00:00:00,50496.0,52268.0,49610.0,50052.0,63000.0,0.0089298312806143
1998-02-04 00:00:00,50496.0,52268.0,50053.0,50495.0,96300.0,0.0088507951730201
1998-02-05 00:00:00,50496.0,50762.0,47041.0,48724.0,72200.0,-0.0350727794831171
1998-02-06 00:00:00,50496.0,52268.0,47838.0,50938.0,77200.0,0.0454396190788932
1998-02-07 00:00:00,49167.0,50496.0,49167.0,50318.0,21500.0,-0.0121716596646903
1998-02-09 00:00:00,50319.0,51913.0,50053.0,51381.0,46900.0,0.021125640923725
1998-02-10 00:00:00,51382.0,51736.0,47307.0,48458.0,23300.0,-0.0568887331893112
1998-02-11 00:00:00,48458.0,49167.0,45180.0,46509.0,37900.0,-0.0402203970448635
1998-02-12 00:00:00,44737.0,46598.0,43409.0,46597.0,46100.0,0.00189210690404
1998-02-13 00:00:00,46952.0,46952.0,43852.0,44294.0,70500.0,-0.0494237826469515
1998-02-14 00:00:00,44295.0,46421.0,42966.0,43054.0,37200.0,-0.0279947622702849
1998-02-16 00:00:00,43054.0,43054.0,40840.0,41769.0,21200.0,-0.0298462396060761
1998-02-17 00:00:00,39954.0,41637.0,39777.0,41636.0,29500.0,-0.0031841796547679
1998-02-18 00:00:00,41681.0,44915.0,41681.0,44914.0,25300.0,0.0787299452396963
1998-02-19 00:00:00,45978.0,46952.0,44737.0,46332.0,30800.0,0.0315714476555193
1998-02-20 00:00:00,42877.0,48724.0,42877.0,46863.0,71300.0,0.0114607614607613
1998-02-21 00:00:00,46864.0,48724.0,46066.0,47749.0,24000.0,0.0189061733137017
1998-02-23 00:00:00,49610.0,51382.0,47838.0,50407.0,62600.0,0.0556660872479004
1998-02-24 00:00:00,50319.0,50319.0,48281.0,50052.0,22300.0,-0.0070426726446723
1998-02-25 00:00:00,49610.0,50496.0,46952.0,48724.0,23000.0,-0.0265324062974506
1998-02-26 00:00:00,47041.0,47838.0,45269.0,47838.0,30900.0,-0.0181840571381659
1998-02-27 00:00:00,47838.0,49964.0,47838.0,49609.0,35200.0,0.037020778460638
1998-02-28 00:00:00,50496.0,51382.0,49610.0,51204.0,35400.0,0.0321514241367493
1998-03-02 00:00:00,46598.0,52268.0,46598.0,51824.0,81980.0,0.0121084290289821
1998-03-03 00:00:00,50496.0,51027.0,46952.0,48369.0,49700.0,-0.0666679530719357
1998-03-04 00:00:00,47041.0,47750.0,45180.0,47749.0,45700.0,-0.0128181273129484
1998-03-05 00:00:00,47750.0,48281.0,46066.0,46066.0,45400.0,-0.0352468114515487
1998-03-06 00:00:00,45623.0,46864.0,44295.0,44294.0,57400.0,-0.038466547996353
1998-03-07 00:00:00,46952.0,46952.0,44472.0,46420.0,17900.0,0.0479974714408271
1998-03-09 00:00:00,46598.0,48635.0,44383.0,45800.0,37000.0,-0.013356311934511
1998-03-10 00:00:00,45180.0,45889.0,44737.0,45711.0,29200.0,-0.001943231441048
1998-03-11 00:00:00,45623.0,47395.0,45623.0,46863.0,29100.0,0.025201811380193
1998-03-12 00:00:00,46864.0,47838.0,45623.0,47838.0,60200.0,0.0208053261634979
1998-03-13 00:00:00,46066.0,47129.0,45623.0,47129.0,17300.0,-0.0148208537146201
1998-03-14 00:00:00,46066.0,46155.0,46066.0,46066.0,7100.0,-0.0225551146852256
1998-03-16 00:00:00,45623.0,46066.0,45446.0,45446.0,21620.0,-0.0134589502018842
1998-03-17 00:00:00,45180.0,45180.0,44383.0,44383.0,56700.0,-0.0233903973947101
1998-03-18 00:00:00,44295.0,49698.0,43453.0,44294.0,36200.0,-0.0020052722889394
1998-03-19 00:00:00,46952.0,47307.0,46066.0,46952.0,34920.0,0.0600081275116268
1998-03-20 00:00:00,48635.0,51293.0,46952.0,49698.0,135440.0,0.0584852615437041
1998-03-21 00:00:00,50053.0,50053.0,49167.0,49698.0,17400.0,0.0
1998-03-23 00:00:00,48901.0,49078.0,47041.0,47572.0,45500.0,-0.0427783814237997
1998-03-24 00:00:00,46509.0,47838.0,46066.0,47838.0,17800.0,0.005591524426133
1998-03-25 00:00:00,47838.0,49167.0,46332.0,47040.0,28100.0,-0.0166812993854258
1998-03-26 00:00:00,47395.0,48724.0,46509.0,47395.0,44200.0,0.007546768707483
1998-03-27 00:00:00,48547.0,48547.0,45889.0,48281.0,152800.0,0.0186939550585505
1998-03-28 00:00:00,48192.0,49167.0,47838.0,47838.0,110900.0,-0.0091754520411756
1998-03-30 00:00:00,46952.0,48724.0,46952.0,47660.0,29830.0,-0.0037208913416112
1998-03-31 00:00:00,47661.0,48104.0,46952.0,47749.0,28400.0,0.0018673940411246
1998-04-01 00:00:00,47661.0,47661.0,46686.0,46686.0,10000.0,-0.022262246329766
1998-04-02 00:00:00,46686.0,48458.0,46686.0,46952.0,30700.0,0.0056976395493295
1998-04-03 00:00:00,46952.0,48458.0,45180.0,46066.0,51000.0,-0.0188703356619526
1998-04-04 00:00:00,46066.0,46952.0,45180.0,46509.0,14300.0,0.0096166369990882
1998-04-06 00:00:00,44295.0,45180.0,44295.0,44560.0,60300.0,-0.041905867681524
1998-04-07 00:00:00,44560.0,47395.0,44560.0,47217.0,37900.0,0.0596274685816875
1998-04-08 00:00:00,47218.0,48104.0,46775.0,47306.0,44300.0,0.0018849143317025
1998-04-09 00:00:00,46686.0,52090.0,46686.0,48724.0,103000.0,0.0299750560182641
1998-04-10 00:00:00,48281.0,49610.0,48281.0,48724.0,37700.0,0.0
1998-04-11 00:00:00,48724.0,50673.0,48724.0,50495.0,27200.0,0.0363475905098102
1998-04-13 00:00:00,51116.0,51736.0,49876.0,51115.0,139200.0,0.0122784434102385
1998-04-14 00:00:00,49610.0,49787.0,47572.0,49521.0,36700.0,-0.0311845837816687
1998-04-15 00:00:00,46864.0,49167.0,46864.0,48458.0,36210.0,-0.0214656408392399
1998-04-16 00:00:00,48458.0,48724.0,46952.0,48724.0,62300.0,0.005489289694168
1998-04-17 00:00:00,47661.0,48724.0,47129.0,48192.0,42440.0,-0.0109186437895082
1998-04-18 00:00:00,49256.0,49521.0,47395.0,47395.0,24700.0,-0.0165380146082337
1998-04-20 00:00:00,47395.0,48458.0,46952.0,47395.0,26900.0,0.0
1998-04-21 00:00:00,47041.0,48104.0,46952.0,48103.0,21700.0,0.0149382846291803
1998-04-22 00:00:00,48104.0,48724.0,47395.0,48724.0,33500.0,0.0129097977257135
1998-04-23 00:00:00,47838.0,48281.0,47041.0,47838.0,31000.0,-0.0181840571381659
1998-04-24 00:00:00,47927.0,49167.0,47838.0,48281.0,54300.0,0.0092604205861448
1998-04-25 00:00:00,48281.0,48724.0,48192.0,48192.0,40700.0,-0.0018433752407779
1998-04-27 00:00:00,48192.0,48901.0,48104.0,48635.0,62700.0,0.0091923970783531
1998-04-28 00:00:00,48281.0,48370.0,47129.0,47129.0,28100.0,-0.0309653541688085
1998-04-29 00:00:00,47041.0,48281.0,46952.0,48015.0,31600.0,0.0187994652973753
1998-04-30 00:00:00,48015.0,48547.0,47750.0,48103.0,20600.0,0.0018327605956471
1998-05-02 00:00:00,48104.0,48104.0,48015.0,48015.0,1300.0,-0.0018294077292476
1998-05-04 00:00:00,47484.0,48015.0,46952.0,47395.0,22000.0,-0.0129126314693325
1998-05-06 00:00:00,46598.0,46952.0,46155.0,46863.0,24100.0,-0.0112248127439603
1998-05-07 00:00:00,46509.0,47307.0,46244.0,47217.0,17400.0,0.0075539338070547
1998-05-08 00:00:00,46864.0,50053.0,46509.0,46863.0,34110.0,-0.0074972997013786
1998-05-09 00:00:00,46686.0,46952.0,46598.0,46952.0,5700.0,0.0018991528497962
1998-05-11 00:00:00,46775.0,46952.0,46686.0,46686.0,167700.0,-0.0056653603680354
1998-05-12 00:00:00,46686.0,47395.0,46066.0,47306.0,46300.0,0.0132802124833997
1998-05-13 00:00:00,47307.0,48635.0,47129.0,47306.0,63800.0,0.0
1998-05-14 00:00:00,47307.0,48724.0,46952.0,46952.0,98650.0,-0.0074831945207796
1998-05-15 00:00:00,46952.0,48015.0,46066.0,46066.0,32500.0,-0.0188703356619526
1998-05-16 00:00:00,46332.0,46332.0,45978.0,46066.0,14900.0,0.0
1998-05-18 00:00:00,46509.0,46952.0,45446.0,46952.0,17200.0,0.0192332739981764
1998-05-19 00:00:00,46066.0,46509.0,45889.0,46066.0,11600.0,-0.0188703356619526
1998-05-20 00:00:00,46066.0,46244.0,45889.0,46154.0,25400.0,0.0019103026092996
1998-05-21 00:00:00,46155.0,46598.0,46066.0,46066.0,9100.0,-0.0019066603111322
1998-05-22 00:00:00,45535.0,45889.0,45180.0,45180.0,13200.0,-0.0192332739981765
1998-05-23 00:00:00,45180.0,50584.0,45092.0,45180.0,35400.0,0.0
1998-05-25 00:00:00,44295.0,44295.0,39777.0,39776.0,61490.0,-0.1196104471004869
1998-05-26 00:00:00,38093.0,39688.0,37207.0,39156.0,60540.0,-0.0155872888173773
1998-05-27 00:00:00,38448.0,40042.0,35436.0,36410.0,46100.0,-0.0701297374604147
1998-05-28 00:00:00,36454.0,38093.0,35790.0,36897.0,17700.0,0.0133754463059598
1998-05-29 00:00:00,36942.0,38005.0,36322.0,37650.0,36180.0,0.0204081632653061
1998-05-30 00:00:00,37650.0,38093.0,34594.0,34992.0,58100.0,-0.0705976095617529
1998-06-01 00:00:00,35569.0,37650.0,35524.0,37650.0,47400.0,0.0759602194787381
1998-06-02 00:00:00,36853.0,38536.0,36853.0,37960.0,57400.0,0.0082337317397078
1998-06-03 00:00:00,37385.0,38625.0,36942.0,38624.0,26100.0,0.0174920969441516
1998-06-05 00:00:00,39422.0,43231.0,38979.0,43231.0,32800.0,0.1192781690140845
1998-06-08 00:00:00,42523.0,45180.0,42523.0,44117.0,44100.0,0.0204945525201822
1998-06-09 00:00:00,42567.0,42567.0,40751.0,41193.0,15500.0,-0.0662783054151461
1998-06-10 00:00:00,41637.0,41725.0,39422.0,39422.0,30900.0,-0.0429927414852038
1998-06-11 00:00:00,39422.0,41637.0,38359.0,40130.0,93600.0,0.0179595149916289
1998-06-12 00:00:00,38979.0,39865.0,35436.0,35435.0,80100.0,-0.1169947670072265
1998-06-13 00:00:00,35569.0,39422.0,35524.0,38979.0,81700.0,0.1000141103428813
1998-06-15 00:00:00,38979.0,38979.0,34550.0,36321.0,25200.0,-0.0681905641499268
1998-06-16 00:00:00,38005.0,38625.0,35524.0,35524.0,68100.0,-0.0219432284353404
1998-06-17 00:00:00,36499.0,38536.0,36499.0,38314.0,22800.0,0.0785384528769281
1998-06-18 00:00:00,38979.0,42877.0,38979.0,42877.0,60600.0,0.1190948478363
1998-06-19 00:00:00,40574.0,42523.0,38093.0,39156.0,56600.0,-0.086783123819297
1998-06-20 00:00:00,37207.0,38979.0,37207.0,38979.0,12800.0,-0.0045203800183879
1998-06-22 00:00:00,38979.0,40308.0,38979.0,38979.0,16200.0,0.0
1998-06-23 00:00:00,37296.0,38536.0,36764.0,37650.0,27400.0,-0.0340952820749634
1998-06-24 00:00:00,38093.0,38093.0,36410.0,36897.0,14400.0,-0.02
1998-06-25 00:00:00,37207.0,37207.0,34638.0,37207.0,25200.0,0.0084017670813345
1998-06-26 00:00:00,37650.0,39422.0,37429.0,37738.0,26580.0,0.0142715080495605
1998-06-27 00:00:00,37207.0,37916.0,37207.0,37916.0,3600.0,0.0047167311463247
1998-06-29 00:00:00,36764.0,37916.0,36764.0,37916.0,8600.0,0.0
1998-06-30 00:00:00,37916.0,38536.0,37650.0,37916.0,14200.0,0.0
1998-07-01 00:00:00,38758.0,40574.0,38093.0,38979.0,26200.0,0.0280356577698068
1998-07-02 00:00:00,39865.0,42523.0,39865.0,42079.0,52800.0,0.0795300033351291
1998-07-03 00:00:00,41991.0,41991.0,38979.0,39865.0,8100.0,-0.0526153188051047
1998-07-04 00:00:00,38270.0,39865.0,38270.0,38757.0,7900.0,-0.0277938040887997
1998-07-06 00:00:00,38758.0,38891.0,38093.0,38757.0,12520.0,0.0
1998-07-07 00:00:00,38758.0,41548.0,38758.0,41548.0,33300.0,0.0720127976881594
1998-07-08 00:00:00,41681.0,42346.0,40087.0,41105.0,60200.0,-0.0106623664195628
1998-07-09 00:00:00,41283.0,42257.0,41194.0,42124.0,60200.0,0.0247901715119815
1998-07-10 00:00:00,43320.0,43320.0,39954.0,40750.0,52420.0,-0.0326179849966764
1998-07-11 00:00:00,39068.0,39954.0,38536.0,39865.0,28200.0,-0.0217177914110429
1998-07-13 00:00:00,39865.0,40131.0,38536.0,40130.0,71600.0,0.0066474350934404
1998-07-14 00:00:00,40131.0,40131.0,39865.0,40130.0,26900.0,0.0
1998-07-15 00:00:00,39865.0,42346.0,39865.0,42079.0,37300.0,0.0485671567405929
1998-07-16 00:00:00,42523.0,44117.0,42080.0,44117.0,37200.0,0.0484327099028019
1998-07-18 00:00:00,44117.0,46509.0,44117.0,46066.0,38000.0,0.0441779812770586
1998-07-20 00:00:00,47838.0,49610.0,46952.0,49166.0,101220.0,0.0672947510094212
1998-07-21 00:00:00,49344.0,49344.0,44383.0,45003.0,64900.0,-0.0846723345401293
1998-07-22 00:00:00,45180.0,45180.0,43054.0,44294.0,66100.0,-0.0157545052552051
1998-07-23 00:00:00,44295.0,46421.0,40751.0,40750.0,78800.0,-0.0800108366821691
1998-07-24 00:00:00,41371.0,44073.0,40840.0,40839.0,65000.0,0.0021840490797546
1998-07-25 00:00:00,42478.0,42966.0,40928.0,40928.0,33200.0,0.0021792894047356
1998-07-27 00:00:00,40972.0,42478.0,40662.0,42257.0,52200.0,0.032471657544957
1998-07-28 00:00:00,42434.0,43409.0,42346.0,43408.0,8500.0,0.0272380907305298
1998-07-29 00:00:00,42523.0,46952.0,42523.0,43585.0,78800.0,0.0040775893844453
1998-07-30 00:00:00,42877.0,44206.0,41725.0,44205.0,63000.0,0.0142250774348973
1998-07-31 00:00:00,44206.0,45180.0,43054.0,43054.0,22800.0,-0.0260377785318403
1998-08-01 00:00:00,43586.0,43586.0,41725.0,42079.0,29100.0,-0.0226459794676452
1998-08-03 00:00:00,42080.0,42966.0,42080.0,42301.0,19300.0,0.0052757907744955
1998-08-04 00:00:00,42168.0,42966.0,42080.0,42478.0,36800.0,0.0041842982435402
1998-08-05 00:00:00,42434.0,42434.0,40308.0,41636.0,41700.0,-0.0198220255190922
1998-08-06 00:00:00,40840.0,41637.0,40131.0,40130.0,22800.0,-0.036170621577481
1998-08-07 00:00:00,40751.0,41548.0,40308.0,41548.0,28800.0,0.035335160727635
1998-08-08 00:00:00,41548.0,41548.0,41194.0,41193.0,22200.0,-0.0085443342639838
1998-08-10 00:00:00,41194.0,41637.0,38979.0,41636.0,39600.0,0.0107542543636054
1998-08-11 00:00:00,41637.0,42213.0,41637.0,41991.0,34900.0,0.0085262753386492
1998-08-12 00:00:00,41637.0,42080.0,41637.0,42079.0,17100.0,0.0020956871710604
1998-08-13 00:00:00,42080.0,42789.0,40751.0,40750.0,33800.0,-0.0315834501770478
1998-08-14 00:00:00,40131.0,40308.0,39599.0,39953.0,76700.0,-0.0195582822085889
1998-08-17 00:00:00,39422.0,39954.0,39422.0,39687.0,6800.0,-0.0066578229419568
1998-08-18 00:00:00,39068.0,39954.0,39068.0,39333.0,14600.0,-0.0089197974147705
1998-08-19 00:00:00,39511.0,42434.0,39511.0,40485.0,27140.0,0.0292883837998627
1998-08-20 00:00:00,40308.0,43763.0,40308.0,43763.0,51800.0,0.0809682598493268
1998-08-21 00:00:00,42523.0,44295.0,42523.0,43895.0,21800.0,0.0030162466010099
1998-08-22 00:00:00,42080.0,43409.0,40751.0,42699.0,19200.0,-0.0272468390477275
1998-08-24 00:00:00,42080.0,42080.0,40574.0,40750.0,57800.0,-0.0456450970748729
1998-08-25 00:00:00,40840.0,41725.0,40751.0,40750.0,60000.0,0.0
1998-08-26 00:00:00,40308.0,42523.0,40308.0,41946.0,24200.0,0.0293496932515338
1998-08-27 00:00:00,41194.0,41637.0,40308.0,40750.0,25600.0,-0.0285128498545749
1998-08-28 00:00:00,39865.0,40219.0,38979.0,39422.0,77000.0,-0.0325889570552146
1998-08-29 00:00:00,38979.0,39422.0,38979.0,39244.0,44400.0,-0.0045152452945056
1998-08-31 00:00:00,39688.0,41194.0,39112.0,39112.0,20900.0,-0.003363571501376
1998-09-01 00:00:00,39245.0,39245.0,37695.0,38093.0,62200.0,-0.0260533851503375
1998-09-02 00:00:00,38182.0,40308.0,38182.0,38890.0,57300.0,0.0209224791956528
1998-09-03 00:00:00,38093.0,38713.0,37828.0,38093.0,156600.0,-0.0204937001799948
1998-09-04 00:00:00,37739.0,38093.0,37429.0,37650.0,118000.0,-0.0116294332292021
1998-09-05 00:00:00,38093.0,38492.0,38093.0,38491.0,9800.0,0.0223373173970784
1998-09-07 00:00:00,38492.0,41637.0,38492.0,41636.0,78000.0,0.0817074121223142
1998-09-08 00:00:00,41194.0,41637.0,40352.0,40750.0,72800.0,-0.0212796618311077
1998-09-09 00:00:00,40308.0,42080.0,39954.0,42035.0,59200.0,0.0315337423312882
1998-09-10 00:00:00,41637.0,41637.0,40485.0,40750.0,224600.0,-0.0305697632924943
1998-09-11 00:00:00,39422.0,40308.0,39422.0,39422.0,38700.0,-0.0325889570552146
1998-09-12 00:00:00,39422.0,39422.0,39156.0,39422.0,20900.0,0.0
1998-09-14 00:00:00,39422.0,39422.0,38625.0,39112.0,3300.0,-0.0078636294454872
1998-09-15 00:00:00,39422.0,39688.0,38536.0,38624.0,30800.0,-0.0124769891593372
1998-09-16 00:00:00,38802.0,40264.0,38802.0,38979.0,50000.0,0.0091911764705883
1998-09-17 00:00:00,38979.0,38979.0,38182.0,38270.0,21700.0,-0.0181892814079376
1998-09-18 00:00:00,37872.0,37872.0,36366.0,36764.0,39400.0,-0.0393519728246668
1998-09-19 00:00:00,36764.0,37030.0,36587.0,36764.0,26600.0,0.0
1998-09-21 00:00:00,36764.0,36764.0,34771.0,35612.0,120400.0,-0.0313350016320312
1998-09-22 00:00:00,35081.0,36587.0,35081.0,35878.0,18000.0,0.0074693923396607
1998-09-23 00:00:00,35436.0,36499.0,33664.0,36321.0,60900.0,0.0123473995205976
1998-09-24 00:00:00,35524.0,37207.0,35524.0,36764.0,20600.0,0.0121968007488779
1998-09-25 00:00:00,36853.0,36853.0,35613.0,35701.0,26600.0,-0.0289141551517788
1998-09-26 00:00:00,37119.0,37119.0,35746.0,35878.0,12300.0,0.0049578443180864
1998-09-28 00:00:00,37119.0,37119.0,35967.0,36232.0,22000.0,0.0098667707230057
1998-09-29 00:00:00,35967.0,36764.0,35923.0,36454.0,18100.0,0.0061271803930227
1998-09-30 00:00:00,36233.0,37296.0,35701.0,37296.0,24700.0,0.0230976024578921
1998-10-01 00:00:00,37163.0,37163.0,35879.0,36321.0,42100.0,-0.0261422136422136
1998-10-02 00:00:00,35923.0,35967.0,35613.0,35967.0,28400.0,-0.0097464276864623
1998-10-07 00:00:00,35879.0,36322.0,35879.0,36055.0,10600.0,0.0024466872410822
1998-10-08 00:00:00,36410.0,37075.0,31759.0,31759.0,26500.0,-0.1191512966301483
1998-10-09 00:00:00,35569.0,35569.0,35569.0,35568.0,2900.0,0.1199345067539909
1998-10-10 00:00:00,37030.0,39599.0,37030.0,38979.0,121200.0,0.0959008097165992
1998-10-12 00:00:00,39511.0,43409.0,38979.0,42877.0,136800.0,0.1000025654839784
1998-10-13 00:00:00,42080.0,43852.0,42080.0,42965.0,72700.0,0.0020523823961564
1998-10-14 00:00:00,42523.0,43409.0,41903.0,43408.0,715600.0,0.0103107180263004
1998-10-15 00:00:00,43409.0,47395.0,43409.0,46952.0,141000.0,0.081643936601548
1998-10-16 00:00:00,46952.0,48104.0,46066.0,46863.0,158100.0,-0.0018955529050945
1998-10-17 00:00:00,46864.0,47838.0,46066.0,47217.0,69500.0,0.0075539338070547
1998-10-19 00:00:00,47218.0,47484.0,45801.0,45889.0,37200.0,-0.0281254632865282
1998-10-20 00:00:00,44383.0,47129.0,44383.0,47129.0,65700.0,0.0270217263396457
1998-10-21 00:00:00,48724.0,50496.0,46332.0,46775.0,141100.0,-0.0075112987757007
1998-10-22 00:00:00,47129.0,49521.0,47129.0,48281.0,66800.0,0.0321966862640299
1998-10-23 00:00:00,48724.0,54039.0,48724.0,54039.0,335060.0,0.1192601644539259
1998-10-24 00:00:00,57583.0,58026.0,55545.0,56165.0,135800.0,0.0393419567349506
1998-10-26 00:00:00,55102.0,55102.0,53153.0,53684.0,52900.0,-0.0441734176088309
1998-10-27 00:00:00,51825.0,52976.0,50053.0,51381.0,110000.0,-0.0428991878399522
1998-10-28 00:00:00,51470.0,52799.0,50584.0,52001.0,71600.0,0.0120667172690294
1998-10-29 00:00:00,52711.0,53951.0,52002.0,53153.0,86100.0,0.022153420126536
1998-10-30 00:00:00,53774.0,56608.0,53774.0,55191.0,145300.0,0.0383421443756701
1998-10-31 00:00:00,54925.0,56254.0,54925.0,55633.0,82100.0,0.0080085521190049
1998-11-02 00:00:00,55900.0,57140.0,55191.0,55811.0,131500.0,0.003199539841461
1998-11-03 00:00:00,56254.0,57583.0,55811.0,56076.0,260600.0,0.0047481679238858
1998-11-04 00:00:00,56077.0,56697.0,54039.0,56697.0,85200.0,0.0110742563663599
1998-11-05 00:00:00,55102.0,56697.0,54305.0,55545.0,43120.0,-0.0203185353722419
1998-11-06 00:00:00,54039.0,56697.0,54039.0,54925.0,185800.0,-0.0111621208029525
1998-11-07 00:00:00,54925.0,56254.0,54039.0,55368.0,26300.0,0.0080655439235319
1998-11-09 00:00:00,54217.0,55811.0,54128.0,55368.0,76600.0,0.0
1998-11-10 00:00:00,54217.0,55368.0,54128.0,54127.0,34600.0,-0.0224136685450079
1998-11-11 00:00:00,53153.0,54925.0,52356.0,53596.0,51000.0,-0.0098102610527093
1998-11-12 00:00:00,55368.0,55368.0,52445.0,53153.0,39300.0,-0.0082655422046421
1998-11-13 00:00:00,52356.0,53153.0,51382.0,53153.0,20000.0,0.0
1998-11-14 00:00:00,54394.0,54394.0,52268.0,53153.0,19700.0,0.0
1998-11-16 00:00:00,53153.0,54039.0,52268.0,53153.0,28700.0,0.0
1998-11-17 00:00:00,53153.0,53596.0,52711.0,53153.0,62700.0,0.0
1998-11-18 00:00:00,53153.0,53242.0,51647.0,51736.0,22800.0,-0.026658890373074
1998-11-19 00:00:00,50584.0,53153.0,50584.0,53153.0,90100.0,0.0273890521107158
1998-11-20 00:00:00,53153.0,55811.0,52533.0,53153.0,186600.0,0.0
1998-11-21 00:00:00,54039.0,54925.0,52711.0,53153.0,45800.0,0.0
1998-11-23 00:00:00,51382.0,53951.0,49610.0,52267.0,58700.0,-0.0166688615882452
1998-11-24 00:00:00,53153.0,53951.0,51825.0,52976.0,97400.0,0.0135649645091548
1998-11-25 00:00:00,53153.0,53153.0,51825.0,52090.0,76100.0,-0.0167245545152522
1998-11-26 00:00:00,51825.0,51825.0,49610.0,50052.0,85220.0,-0.0391245920522173
1998-11-27 00:00:00,48813.0,49521.0,48370.0,49166.0,46300.0,-0.0177015903460401
1998-11-28 00:00:00,49256.0,50407.0,49078.0,49609.0,26700.0,0.0090102916649716
1998-11-30 00:00:00,49610.0,50496.0,49433.0,50052.0,34200.0,0.0089298312806143
1998-12-01 00:00:00,47395.0,49256.0,47395.0,48281.0,70000.0,-0.0353832014704706
1998-12-02 00:00:00,48724.0,49610.0,48281.0,49078.0,83600.0,0.0165075288415732
1998-12-03 00:00:00,49433.0,50319.0,48281.0,48369.0,116700.0,-0.0144463914584946
1998-12-04 00:00:00,48370.0,50319.0,47395.0,50052.0,156520.0,0.0347950133349872
1998-12-05 00:00:00,55723.0,55811.0,51470.0,54039.0,133820.0,0.0796571565571806
1998-12-07 00:00:00,54039.0,54925.0,51559.0,53596.0,108320.0,-0.0081977830825884
1998-12-08 00:00:00,54925.0,55811.0,51825.0,52356.0,146500.0,-0.0231360549294723
1998-12-09 00:00:00,52356.0,54482.0,52356.0,53596.0,153200.0,0.0236840094736037
1998-12-10 00:00:00,55368.0,55811.0,53153.0,54039.0,301700.0,0.0082655422046419
1998-12-11 00:00:00,54039.0,54837.0,48813.0,49609.0,299600.0,-0.081977830825885
1998-12-14 00:00:00,51382.0,51382.0,47041.0,47483.0,258240.0,-0.042855127093874
1998-12-15 00:00:00,48724.0,51382.0,46952.0,51381.0,265100.0,0.0820925383821578
1998-12-16 00:00:00,50673.0,53774.0,48724.0,52090.0,155860.0,0.0137988750705513
1998-12-17 00:00:00,51382.0,53508.0,51382.0,51470.0,192910.0,-0.0119024764830101
1998-12-18 00:00:00,51470.0,52268.0,50762.0,51736.0,65600.0,0.0051680590635321
1998-12-21 00:00:00,53065.0,53862.0,52268.0,53507.0,356400.0,0.0342314829132519
1998-12-22 00:00:00,56697.0,56697.0,54039.0,54748.0,459600.0,0.0231932270544041
1998-12-23 00:00:00,57583.0,62012.0,54925.0,59354.0,499600.0,0.0841309271571564
1998-12-24 00:00:00,60063.0,60063.0,57583.0,58911.0,96000.0,-0.0074636924217407
1998-12-28 00:00:00,58912.0,60152.0,56697.0,59620.0,1024000.0,0.0120351038006485
1999-01-04 00:00:00,61808.0,63814.0,60714.0,63722.0,245210.0,0.0688024152968802
1999-01-05 00:00:00,63267.0,63723.0,60167.0,61352.0,94800.0,-0.0371928062521578
1999-01-06 00:00:00,61991.0,61991.0,59438.0,60349.0,84100.0,-0.0163482853044725
1999-01-07 00:00:00,61079.0,61535.0,58800.0,60440.0,277700.0,0.0015078957397802
1999-01-08 00:00:00,60714.0,60714.0,58982.0,59073.0,124800.0,-0.0226174718729318
1999-01-11 00:00:00,59256.0,59712.0,58253.0,59073.0,64300.0,0.0
1999-01-12 00:00:00,59256.0,59256.0,57341.0,58344.0,74400.0,-0.0123406632471687
1999-01-13 00:00:00,58253.0,58344.0,56521.0,58344.0,43640.0,0.0
1999-01-14 00:00:00,58071.0,58071.0,55609.0,56065.0,66300.0,-0.0390614287673111
1999-01-15 00:00:00,53877.0,56521.0,53877.0,56065.0,62370.0,0.0
1999-01-18 00:00:00,56703.0,56703.0,55153.0,55426.0,77400.0,-0.0113974850619816
1999-01-19 00:00:00,55427.0,56430.0,54515.0,55426.0,89100.0,0.0
1999-01-20 00:00:00,56339.0,58800.0,55609.0,58253.0,214700.0,0.0510049435283079
1999-01-21 00:00:00,58253.0,59256.0,57068.0,57159.0,212100.0,-0.0187801486618715
1999-01-22 00:00:00,59073.0,59073.0,53786.0,53786.0,106000.0,-0.059010829440683
1999-01-25 00:00:00,53786.0,53786.0,50595.0,53147.0,164900.0,-0.0118804149778752
1999-01-26 00:00:00,53695.0,55062.0,53330.0,53330.0,111200.0,0.003443279959358
1999-01-27 00:00:00,55609.0,57433.0,54242.0,56065.0,103470.0,0.0512844552784548
1999-01-28 00:00:00,55974.0,56521.0,54242.0,55609.0,83300.0,-0.0081334165700526
1999-01-29 00:00:00,55609.0,56521.0,54698.0,56520.0,50200.0,0.0163822402848459
1999-02-01 00:00:00,56521.0,57341.0,55700.0,57159.0,20800.0,0.0113057324840764
1999-02-02 00:00:00,56521.0,57068.0,54880.0,54880.0,52500.0,-0.0398712363757238
1999-02-03 00:00:00,54515.0,55883.0,53330.0,55609.0,60300.0,0.013283527696793
1999-02-04 00:00:00,55609.0,55609.0,53786.0,55609.0,46300.0,0.0
1999-02-05 00:00:00,55700.0,55700.0,53968.0,54697.0,46200.0,-0.0164002229854879
1999-02-08 00:00:00,53968.0,55518.0,53057.0,54697.0,29000.0,0.0
1999-02-09 00:00:00,54424.0,54424.0,51507.0,52418.0,117900.0,-0.0416659048942354
1999-02-10 00:00:00,52874.0,56794.0,50595.0,56794.0,109700.0,0.0834827730932121
1999-02-11 00:00:00,54060.0,55609.0,52874.0,52874.0,91200.0,-0.0690213754974117
1999-02-12 00:00:00,54698.0,55518.0,53877.0,55153.0,808360.0,0.0431024700230737
1999-02-18 00:00:00,55153.0,55153.0,51780.0,52874.0,111100.0,-0.0413214149728935
1999-02-19 00:00:00,52874.0,52874.0,51051.0,52783.0,75600.0,-0.0017210727389643
1999-02-22 00:00:00,52692.0,53421.0,51963.0,52600.0,43500.0,-0.0034670253680162
1999-02-23 00:00:00,52874.0,54242.0,52419.0,53147.0,56000.0,0.0103992395437262
1999-02-24 00:00:00,54242.0,55153.0,53786.0,54697.0,160200.0,0.0291643930983875
1999-02-25 00:00:00,54698.0,56430.0,54242.0,56065.0,115700.0,0.0250105124595498
1999-02-26 00:00:00,56886.0,58253.0,56521.0,56612.0,113100.0,0.0097565325960937
1999-03-02 00:00:00,58253.0,58527.0,55792.0,58161.0,76100.0,0.0273616901010387
1999-03-03 00:00:00,57341.0,58709.0,56521.0,58253.0,63200.0,0.0015818159935352
1999-03-04 00:00:00,57888.0,61991.0,56521.0,59711.0,1051600.0,0.0250287538839202
1999-03-05 00:00:00,59256.0,61808.0,59073.0,61443.0,200200.0,0.029006380733868
1999-03-08 00:00:00,61535.0,63814.0,61535.0,62993.0,169900.0,0.025226632814153
1999-03-09 00:00:00,63449.0,65546.0,62811.0,65181.0,447500.0,0.0347340180654993
1999-03-10 00:00:00,65090.0,65181.0,63814.0,64725.0,55600.0,-0.0069959037142726
1999-03-11 00:00:00,64270.0,66093.0,63267.0,63813.0,197500.0,-0.0140903823870219
1999-03-12 00:00:00,64726.0,67916.0,64726.0,67278.0,140210.0,0.0542992807108269
1999-03-15 00:00:00,68007.0,68190.0,65090.0,65090.0,58100.0,-0.0325217753203127
1999-03-16 00:00:00,66275.0,66549.0,64087.0,66457.0,62500.0,0.0210016899677369
1999-03-17 00:00:00,67369.0,67369.0,65728.0,65819.0,44700.0,-0.009600192605745
1999-03-18 00:00:00,65820.0,67096.0,64817.0,65819.0,114000.0,0.0
1999-03-19 00:00:00,65820.0,67369.0,65820.0,67369.0,120710.0,0.0235494310153603
1999-03-22 00:00:00,67460.0,70104.0,65728.0,68372.0,937260.0,0.0148881533049325
1999-03-23 00:00:00,68372.0,72930.0,67643.0,72474.0,413050.0,0.0599953197215235
1999-03-24 00:00:00,72474.0,72474.0,70469.0,71927.0,448710.0,-0.0075475342881584
1999-03-25 00:00:00,71107.0,75665.0,71107.0,73021.0,312100.0,0.0152098655581354
1999-03-26 00:00:00,73386.0,75483.0,71563.0,72930.0,110620.0,-0.0012462168417304
1999-03-29 00:00:00,72110.0,75209.0,72110.0,73568.0,130900.0,0.0087481146304675
1999-03-30 00:00:00,73933.0,76121.0,73842.0,75665.0,120600.0,0.0285042409743365
1999-03-31 00:00:00,74753.0,75756.0,74115.0,74206.0,64200.0,-0.0192823630476441
1999-04-01 00:00:00,74389.0,81044.0,74389.0,79311.0,101810.0,0.0687949761474813
1999-04-02 00:00:00,80953.0,82047.0,76121.0,76120.0,50400.0,-0.0402340154581332
1999-04-06 00:00:00,79312.0,82047.0,79312.0,81317.0,85240.0,0.0682737782448765
1999-04-07 00:00:00,79312.0,82502.0,79312.0,81134.0,609710.0,-0.0022504519350197
1999-04-08 00:00:00,80770.0,82867.0,80679.0,82046.0,92900.0,0.0112406635935613
1999-04-09 00:00:00,82958.0,83414.0,79767.0,81134.0,74000.0,-0.0111157155741901
1999-04-12 00:00:00,81135.0,81135.0,77671.0,79767.0,130800.0,-0.0168486701013138
1999-04-13 00:00:00,79403.0,79403.0,76577.0,77488.0,88800.0,-0.0285707121992804
1999-04-14 00:00:00,77397.0,77944.0,76486.0,77032.0,89900.0,-0.0058847821598182
1999-04-15 00:00:00,76577.0,82958.0,76577.0,82046.0,121110.0,0.0650898327967597
1999-04-16 00:00:00,77488.0,94353.0,77488.0,87607.0,199750.0,0.0677790507763937
1999-04-19 00:00:00,100735.0,100735.0,89340.0,100734.0,192450.0,0.1498396246875248
1999-04-20 00:00:00,101191.0,108393.0,95721.0,100279.0,200090.0,-0.0045168463478071
1999-04-21 00:00:00,99367.0,100097.0,91254.0,91253.0,172100.0,-0.0900088752380857
1999-04-22 00:00:00,89340.0,94445.0,88519.0,91162.0,126510.0,-0.0009972274884113
1999-04-23 00:00:00,92074.0,93898.0,90251.0,90251.0,88870.0,-0.0099931989206029
1999-04-26 00:00:00,91163.0,93442.0,91163.0,91162.0,130780.0,0.0100940709798229
1999-04-27 00:00:00,91163.0,102558.0,91163.0,101190.0,351000.0,0.1100019745069218
1999-04-28 00:00:00,95903.0,108028.0,95903.0,105201.0,194430.0,0.039638304180255
1999-04-29 00:00:00,103014.0,105202.0,90251.0,91345.0,215000.0,-0.1317097746219142
1999-04-30 00:00:00,91254.0,98273.0,90342.0,90706.0,323510.0,-0.0069954567847172
1999-05-03 00:00:00,90798.0,91163.0,89431.0,90524.0,169660.0,-0.0020064824818645
1999-05-04 00:00:00,90616.0,93624.0,90616.0,91162.0,119670.0,0.0070478547125623
1999-05-06 00:00:00,91163.0,104837.0,91163.0,104746.0,208200.0,0.1490094556942585
1999-05-07 00:00:00,96724.0,104837.0,96724.0,100279.0,201780.0,-0.0426460198957477
1999-05-10 00:00:00,100279.0,103926.0,97727.0,101190.0,142000.0,0.0090846538158537
1999-05-11 00:00:00,102102.0,102102.0,93898.0,93897.0,133200.0,-0.072072339163949
1999-05-12 00:00:00,93898.0,96633.0,91436.0,92986.0,126000.0,-0.0097021204085328
1999-05-13 00:00:00,96633.0,96633.0,91619.0,91618.0,187100.0,-0.0147118921127912
1999-05-14 00:00:00,95812.0,98456.0,92166.0,94718.0,140390.0,0.033836145735554
1999-05-17 00:00:00,94809.0,95721.0,92166.0,92712.0,169400.0,-0.0211786566439324
1999-05-18 00:00:00,93442.0,100279.0,93442.0,100279.0,135750.0,0.0816183449823109
1999-05-19 00:00:00,100370.0,112130.0,98547.0,112130.0,243360.0,0.1181802770270943
1999-05-20 00:00:00,113133.0,118512.0,110307.0,112677.0,317850.0,0.0048782662980468
1999-05-21 00:00:00,112130.0,115777.0,110216.0,110215.0,260130.0,-0.0218500670056888
1999-05-24 00:00:00,111219.0,111219.0,104837.0,108483.0,80250.0,-0.0157147393730435
1999-05-25 00:00:00,108484.0,111219.0,106660.0,109304.0,117210.0,0.0075680060470304
1999-05-26 00:00:00,109487.0,111127.0,106752.0,110945.0,62540.0,0.0150131742662664
1999-05-27 00:00:00,110307.0,115777.0,110307.0,112586.0,127060.0,0.0147911127135067
1999-05-28 00:00:00,113771.0,118512.0,112677.0,118511.0,128000.0,0.0526264366795161
1999-05-31 00:00:00,118603.0,124437.0,118603.0,120790.0,103730.0,0.019230282421041
1999-06-01 00:00:00,120973.0,126625.0,116780.0,121793.0,75100.0,0.0083036675221459
1999-06-02 00:00:00,122340.0,125805.0,121247.0,123434.0,114140.0,0.0134736807534094
1999-06-03 00:00:00,124073.0,125349.0,121702.0,125348.0,82320.0,0.0155062624560493
1999-06-04 00:00:00,125349.0,128540.0,125349.0,127627.0,111970.0,0.0181813830296455
1999-06-07 00:00:00,133189.0,139297.0,128631.0,139296.0,185420.0,0.0914304966817365
1999-06-08 00:00:00,139297.0,140391.0,134921.0,139479.0,173650.0,0.0013137491385251
1999-06-09 00:00:00,135833.0,136744.0,127628.0,127627.0,141610.0,-0.0849733651660823
1999-06-10 00:00:00,127628.0,146772.0,124893.0,146772.0,244260.0,0.1500074435660165
1999-06-11 00:00:00,141302.0,142123.0,127354.0,131274.0,363960.0,-0.1055923473142016
1999-06-14 00:00:00,123526.0,126716.0,111583.0,111583.0,496170.0,-0.1499992382345323
1999-06-15 00:00:00,114045.0,122067.0,113042.0,119879.0,218990.0,0.0743482430119284
1999-06-16 00:00:00,120335.0,123070.0,118603.0,121793.0,143340.0,0.0159660991499761
1999-06-17 00:00:00,125805.0,137656.0,125805.0,134009.0,328160.0,0.1003013309467704
1999-06-18 00:00:00,134009.0,138385.0,130454.0,134009.0,476250.0,0.0
1999-06-21 00:00:00,135833.0,141758.0,135012.0,141758.0,180860.0,0.0578244744755949
1999-06-22 00:00:00,141758.0,141758.0,136288.0,137108.0,160600.0,-0.0328023815234413
1999-06-23 00:00:00,136744.0,137656.0,132733.0,137655.0,203580.0,0.003989555678735
1999-06-24 00:00:00,141120.0,141120.0,132915.0,133006.0,168470.0,-0.033772837891831
1999-06-25 00:00:00,130363.0,140391.0,129542.0,140390.0,635610.0,0.0555162924980827
1999-06-28 00:00:00,145860.0,160355.0,145860.0,156799.0,447450.0,0.1168815442695347
1999-06-29 00:00:00,159900.0,164000.0,150000.0,152000.0,348500.0,-0.0306060625386641
1999-06-30 00:00:00,158000.0,169000.0,150000.0,155000.0,495370.0,0.019736842105263
1999-07-01 00:00:00,165000.0,175000.0,157000.0,173000.0,2998840.0,0.1161290322580645
1999-07-02 00:00:00,163000.0,168000.0,160000.0,161000.0,575530.0,-0.0693641618497109
1999-07-05 00:00:00,162000.0,163000.0,155200.0,160000.0,313860.0,-0.0062111801242236
1999-07-06 00:00:00,160000.0,160000.0,155200.0,159900.0,194020.0,-0.0006249999999999
1999-07-07 00:00:00,159900.0,160000.0,156000.0,157000.0,333590.0,-0.0181363352095059
1999-07-08 00:00:00,157600.0,159900.0,152000.0,152000.0,234120.0,-0.0318471337579617
1999-07-09 00:00:00,152000.0,159000.0,145200.0,159000.0,313280.0,0.0460526315789473
1999-07-12 00:00:00,159000.0,160000.0,151900.0,151900.0,199760.0,-0.0446540880503144
1999-07-13 00:00:00,151200.0,152000.0,146100.0,149000.0,379760.0,-0.0190915075707702
1999-07-14 00:00:00,145000.0,149000.0,140000.0,140000.0,409990.0,-0.0604026845637584
1999-07-15 00:00:00,141000.0,148500.0,141000.0,148500.0,254270.0,0.0607142857142857
1999-07-16 00:00:00,148500.0,153900.0,145000.0,153500.0,294930.0,0.0336700336700337
1999-07-19 00:00:00,154000.0,154100.0,145000.0,146500.0,167340.0,-0.0456026058631922
1999-07-20 00:00:00,148500.0,149000.0,142100.0,142600.0,155980.0,-0.0266211604095563
1999-07-21 00:00:00,140700.0,144000.0,138000.0,138000.0,267730.0,-0.032258064516129
1999-07-22 00:00:00,133900.0,137400.0,126000.0,137400.0,412960.0,-0.0043478260869564
1999-07-23 00:00:00,136900.0,136900.0,129000.0,129000.0,252110.0,-0.0611353711790393
1999-07-26 00:00:00,125100.0,135000.0,125100.0,133000.0,192090.0,0.0310077519379845
1999-07-27 00:00:00,131000.0,148000.0,131000.0,141800.0,189100.0,0.0661654135338345
1999-07-28 00:00:00,141800.0,144400.0,137500.0,143400.0,224420.0,0.0112834978843441
1999-07-29 00:00:00,143200.0,160000.0,142500.0,160000.0,227390.0,0.1157601115760111
1999-07-30 00:00:00,156800.0,158000.0,146100.0,150000.0,233620.0,-0.0625
1999-08-02 00:00:00,142000.0,148000.0,139000.0,139800.0,137490.0,-0.0679999999999999
1999-08-03 00:00:00,144000.0,144000.0,139500.0,142400.0,92680.0,0.0185979971387697
1999-08-04 00:00:00,140000.0,144000.0,140000.0,140700.0,66230.0,-0.0119382022471909
1999-08-05 00:00:00,139500.0,143900.0,139000.0,140600.0,150580.0,-0.0007107320540156
1999-08-06 00:00:00,140100.0,144500.0,139000.0,139100.0,128470.0,-0.0106685633001422
1999-08-09 00:00:00,138600.0,141000.0,137000.0,139000.0,95480.0,-0.0007189072609633
1999-08-10 00:00:00,150000.0,150000.0,141300.0,147000.0,251230.0,0.0575539568345324
1999-08-11 00:00:00,144000.0,145000.0,139000.0,139500.0,170750.0,-0.0510204081632652
1999-08-12 00:00:00,139500.0,139500.0,130000.0,134500.0,367470.0,-0.03584229390681
1999-08-13 00:00:00,133900.0,133900.0,123100.0,123500.0,360470.0,-0.0817843866171004
1999-08-16 00:00:00,123000.0,123300.0,118000.0,119700.0,298700.0,-0.0307692307692307
1999-08-17 00:00:00,119000.0,123000.0,117600.0,118000.0,318560.0,-0.0142021720969089
1999-08-18 00:00:00,111000.0,125000.0,111000.0,122200.0,235890.0,0.035593220338983
1999-08-19 00:00:00,122200.0,124000.0,119700.0,121000.0,124340.0,-0.0098199672667758
1999-08-20 00:00:00,120100.0,121500.0,118000.0,119900.0,95740.0,-0.009090909090909
1999-08-23 00:00:00,120000.0,125000.0,119900.0,124000.0,8063280.0,0.0341951626355296
1999-08-24 00:00:00,135000.0,142600.0,130000.0,140000.0,391370.0,0.1290322580645162
1999-08-25 00:00:00,144500.0,144500.0,135600.0,142000.0,263560.0,0.0142857142857142
1999-08-26 00:00:00,143900.0,145000.0,139000.0,141800.0,306690.0,-0.0014084507042253
1999-08-27 00:00:00,140000.0,141500.0,126000.0,132900.0,329430.0,-0.0627644569816643
1999-08-30 00:00:00,128000.0,130000.0,121300.0,122000.0,378150.0,-0.0820165537998495
1999-08-31 00:00:00,125000.0,125000.0,114500.0,118100.0,612090.0,-0.0319672131147541
1999-09-01 00:00:00,118100.0,122900.0,114000.0,118200.0,345300.0,0.0008467400508043
1999-09-02 00:00:00,116000.0,119000.0,116000.0,118500.0,224950.0,0.0025380710659899
1999-09-03 00:00:00,115000.0,116900.0,114500.0,115500.0,246080.0,-0.0253164556962025
1999-09-06 00:00:00,115500.0,118700.0,115500.0,117100.0,122730.0,0.0138528138528137
1999-09-07 00:00:00,117200.0,124900.0,117200.0,120200.0,397180.0,0.026473099914603
1999-09-08 00:00:00,121600.0,123200.0,120000.0,121800.0,198250.0,0.0133111480865224
1999-09-09 00:00:00,121900.0,128000.0,121800.0,126700.0,350010.0,0.0402298850574711
1999-09-10 00:00:00,126800.0,138200.0,126800.0,133000.0,391490.0,0.0497237569060773
1999-09-13 00:00:00,133000.0,138000.0,128500.0,131000.0,216960.0,-0.0150375939849624
1999-09-14 00:00:00,130500.0,130500.0,125600.0,125900.0,223890.0,-0.0389312977099236
1999-09-15 00:00:00,125800.0,129900.0,122800.0,127000.0,149920.0,0.0087370929308976
1999-09-16 00:00:00,127100.0,129300.0,123000.0,123400.0,169630.0,-0.0283464566929133
1999-09-17 00:00:00,120500.0,126400.0,120500.0,122400.0,195910.0,-0.0081037277147487
1999-09-20 00:00:00,125900.0,126500.0,123500.0,126500.0,151250.0,0.0334967320261438
1999-09-21 00:00:00,126600.0,129100.0,126600.0,127000.0,167770.0,0.0039525691699604
1999-09-22 00:00:00,124500.0,125900.0,122000.0,122000.0,242710.0,-0.0393700787401575
1999-09-27 00:00:00,122200.0,122200.0,115900.0,115900.0,289830.0,-0.05
1999-09-28 00:00:00,118900.0,119300.0,115500.0,116000.0,214300.0,0.000862812769629
1999-09-29 00:00:00,115500.0,115500.0,110000.0,112000.0,266900.0,-0.0344827586206896
1999-09-30 00:00:00,110100.0,118500.0,108200.0,112500.0,480730.0,0.0044642857142858
1999-10-01 00:00:00,116000.0,117000.0,112600.0,116500.0,223110.0,0.0355555555555555
1999-10-04 00:00:00,113000.0,116500.0,111000.0,111100.0,139550.0,-0.0463519313304721
1999-10-05 00:00:00,113000.0,115600.0,111000.0,111100.0,220060.0,0.0
1999-10-06 00:00:00,112000.0,122000.0,112000.0,121000.0,310630.0,0.0891089108910891
1999-10-07 00:00:00,122000.0,125800.0,120000.0,123600.0,393950.0,0.0214876033057851
1999-10-08 00:00:00,121000.0,129000.0,121000.0,127500.0,309460.0,0.0315533980582525
1999-10-11 00:00:00,128000.0,131500.0,126500.0,128000.0,264420.0,0.0039215686274509
1999-10-12 00:00:00,128100.0,132000.0,125100.0,131500.0,237200.0,0.02734375
1999-10-13 00:00:00,131000.0,131800.0,128000.0,131700.0,178550.0,0.0015209125475286
1999-10-14 00:00:00,129900.0,131500.0,127000.0,129300.0,160910.0,-0.0182232346241457
1999-10-15 00:00:00,130900.0,131100.0,127600.0,128000.0,103300.0,-0.0100541376643464
1999-10-18 00:00:00,123000.0,127700.0,121000.0,122900.0,121410.0,-0.0398437499999999
1999-10-19 00:00:00,121100.0,125000.0,118700.0,118700.0,317580.0,-0.034174125305126
1999-10-20 00:00:00,120800.0,124400.0,119200.0,123900.0,111090.0,0.0438079191238416
1999-10-21 00:00:00,123900.0,127600.0,121000.0,127000.0,225450.0,0.0250201775625504
1999-10-22 00:00:00,125900.0,127700.0,121800.0,123000.0,123660.0,-0.031496062992126
1999-10-25 00:00:00,125000.0,125400.0,120000.0,124500.0,137400.0,0.0121951219512195
1999-10-26 00:00:00,121200.0,127000.0,121200.0,124500.0,134140.0,0.0
1999-10-27 00:00:00,124400.0,126000.0,122500.0,124000.0,181200.0,-0.0040160642570281
1999-10-28 00:00:00,122100.0,128900.0,122100.0,128000.0,187600.0,0.032258064516129
1999-10-29 00:00:00,131500.0,139500.0,130500.0,138500.0,446470.0,0.08203125
1999-11-01 00:00:00,139700.0,145000.0,139000.0,144900.0,265650.0,0.0462093862815884
1999-11-02 00:00:00,143000.0,146000.0,140200.0,146000.0,337000.0,0.0075914423740509
1999-11-03 00:00:00,145000.0,145000.0,140700.0,141100.0,231210.0,-0.0335616438356164
1999-11-04 00:00:00,141100.0,149000.0,141100.0,149000.0,292520.0,0.0559886605244508
1999-11-05 00:00:00,149000.0,150100.0,148500.0,149400.0,209880.0,0.0026845637583892
1999-11-08 00:00:00,149400.0,150200.0,147500.0,149500.0,184890.0,0.000669344042838
1999-11-09 00:00:00,150000.0,167000.0,150000.0,164900.0,391880.0,0.103010033444816
1999-11-10 00:00:00,169900.0,186000.0,165200.0,179400.0,417510.0,0.0879320800485141
1999-11-11 00:00:00,179500.0,192500.0,176000.0,180400.0,436510.0,0.0055741360089185
1999-11-12 00:00:00,190000.0,199000.0,180500.0,185500.0,317480.0,0.028270509977827
1999-11-15 00:00:00,212900.0,212900.0,188000.0,194500.0,241400.0,0.0485175202156333
1999-11-16 00:00:00,193500.0,210000.0,192000.0,210000.0,267200.0,0.0796915167095115
1999-11-17 00:00:00,208000.0,210000.0,185000.0,185000.0,496850.0,-0.119047619047619
1999-11-18 00:00:00,186100.0,194000.0,185000.0,188000.0,303380.0,0.0162162162162162
1999-11-19 00:00:00,192000.0,212000.0,189000.0,204000.0,328550.0,0.0851063829787233
1999-11-22 00:00:00,204000.0,205500.0,192000.0,196000.0,161030.0,-0.0392156862745097
1999-11-23 00:00:00,192000.0,205000.0,192000.0,202900.0,191030.0,0.035204081632653
1999-11-24 00:00:00,202900.0,203500.0,196200.0,201000.0,168620.0,-0.0093642188270083
1999-11-25 00:00:00,201100.0,229000.0,195000.0,220000.0,333540.0,0.0945273631840795
1999-11-26 00:00:00,220000.0,237000.0,209000.0,223100.0,360100.0,0.0140909090909091
1999-11-29 00:00:00,231000.0,236000.0,225000.0,233000.0,208970.0,0.0443747198565664
1999-11-30 00:00:00,235000.0,267900.0,233000.0,267900.0,355090.0,0.1497854077253217
1999-12-01 00:00:00,260000.0,280000.0,248100.0,266000.0,445980.0,-0.0070921985815602
1999-12-02 00:00:00,260000.0,270000.0,226500.0,226500.0,443790.0,-0.1484962406015038
1999-12-03 00:00:00,237000.0,244900.0,231200.0,241800.0,260040.0,0.0675496688741721
1999-12-06 00:00:00,250000.0,266000.0,242100.0,260000.0,250870.0,0.075268817204301
1999-12-07 00:00:00,261100.0,299000.0,260000.0,299000.0,474750.0,0.1499999999999999
1999-12-08 00:00:00,297000.0,310000.0,271300.0,285000.0,564810.0,-0.0468227424749163
1999-12-09 00:00:00,280000.0,290000.0,266000.0,276900.0,657180.0,-0.0284210526315789
1999-12-10 00:00:00,276900.0,291000.0,258000.0,280000.0,373850.0,0.0111953773925606
1999-12-13 00:00:00,282000.0,307000.0,278000.0,285000.0,317530.0,0.0178571428571427
1999-12-14 00:00:00,285000.0,295000.0,277000.0,279700.0,286860.0,-0.0185964912280701
1999-12-15 00:00:00,270100.0,279700.0,259700.0,270000.0,213040.0,-0.0346800143010368
1999-12-16 00:00:00,270000.0,275000.0,262100.0,262500.0,204820.0,-0.0277777777777777
1999-12-17 00:00:00,266500.0,291000.0,266500.0,279900.0,343910.0,0.0662857142857142
1999-12-20 00:00:00,321800.0,321800.0,311000.0,321800.0,258720.0,0.1496963201143266
1999-12-21 00:00:00,370000.0,370000.0,351100.0,370000.0,564950.0,0.1497824735860782
1999-12-22 00:00:00,388000.0,407000.0,370000.0,389000.0,415310.0,0.0513513513513512
1999-12-23 00:00:00,389100.0,445000.0,380500.0,400000.0,427970.0,0.0282776349614395
1999-12-24 00:00:00,410000.0,438000.0,405000.0,407000.0,233090.0,0.0175
1999-12-27 00:00:00,411500.0,430000.0,400000.0,407000.0,352310.0,0.0
1999-12-28 00:00:00,407000.0,430000.0,380000.0,407000.0,323980.0,0.0
2000-01-04 00:00:00,390100.0,405000.0,347000.0,380000.0,359980.0,-0.0663390663390663
2000-01-05 00:00:00,323000.0,365000.0,323000.0,323000.0,572480.0,-0.15
2000-01-06 00:00:00,350000.0,352000.0,322500.0,328700.0,418340.0,0.0176470588235293
2000-01-07 00:00:00,308000.0,350000.0,307000.0,336000.0,342720.0,0.0222087009431091
2000-01-10 00:00:00,360000.0,383000.0,355000.0,370000.0,270250.0,0.1011904761904762
2000-01-11 00:00:00,365000.0,378000.0,347000.0,351000.0,258380.0,-0.0513513513513513
2000-01-12 00:00:00,330000.0,345000.0,318000.0,330000.0,205010.0,-0.0598290598290598
2000-01-13 00:00:00,339500.0,345000.0,320100.0,332800.0,285170.0,0.0084848484848485
2000-01-14 00:00:00,341200.0,355000.0,332800.0,340000.0,221350.0,0.0216346153846154
2000-01-17 00:00:00,346000.0,390000.0,346000.0,381400.0,224010.0,0.121764705882353
2000-01-18 00:00:00,398000.0,398000.0,375500.0,385000.0,224060.0,0.009438909281594
2000-01-19 00:00:00,379000.0,389000.0,362000.0,385000.0,278240.0,0.0
2000-01-20 00:00:00,373500.0,383000.0,349800.0,368000.0,314290.0,-0.0441558441558441
2000-01-21 00:00:00,365000.0,365000.0,345300.0,350500.0,280240.0,-0.0475543478260869
2000-01-24 00:00:00,345000.0,400000.0,340500.0,381000.0,320850.0,0.087018544935806
2000-01-25 00:00:00,364500.0,377900.0,357100.0,360100.0,194490.0,-0.0548556430446194
2000-01-26 00:00:00,357000.0,369000.0,349200.0,350100.0,235550.0,-0.0277700638711468
2000-01-27 00:00:00,350000.0,357000.0,348000.0,357000.0,171720.0,0.0197086546700941
2000-01-28 00:00:00,367000.0,380000.0,363400.0,377000.0,218510.0,0.0560224089635854
2000-01-31 00:00:00,370000.0,383000.0,367700.0,378000.0,185770.0,0.0026525198938991
2000-02-01 00:00:00,378000.0,384100.0,360000.0,366500.0,188480.0,-0.0304232804232804
2000-02-02 00:00:00,375000.0,375000.0,364000.0,366500.0,142420.0,0.0
2000-02-03 00:00:00,366500.0,382000.0,366500.0,380000.0,123520.0,0.0368349249658936
2000-02-07 00:00:00,381000.0,401000.0,381000.0,394900.0,273390.0,0.0392105263157895
2000-02-08 00:00:00,394900.0,399000.0,385000.0,385000.0,146820.0,-0.0250696378830083
2000-02-09 00:00:00,380000.0,425000.0,380000.0,418000.0,361190.0,0.0857142857142856
2000-02-10 00:00:00,430000.0,480700.0,423000.0,450000.0,518620.0,0.0765550239234449
2000-02-11 00:00:00,500000.0,507000.0,407000.0,467500.0,394350.0,0.0388888888888889
2000-02-14 00:00:00,450000.0,477800.0,450000.0,460000.0,220890.0,-0.016042780748663
2000-02-15 00:00:00,459900.0,459900.0,420000.0,420000.0,255170.0,-0.0869565217391304
2000-02-16 00:00:00,410000.0,420000.0,400000.0,420000.0,267890.0,0.0
2000-02-17 00:00:00,410000.0,432000.0,410000.0,421100.0,171110.0,0.0026190476190475
2000-02-18 00:00:00,421100.0,445000.0,380000.0,380000.0,182960.0,-0.0976015198290192
2000-02-21 00:00:00,400100.0,422000.0,396000.0,409100.0,236670.0,0.0765789473684209
2000-02-22 00:00:00,421400.0,440000.0,414000.0,431300.0,145950.0,0.0542654607675385
2000-02-23 00:00:00,432000.0,449000.0,401000.0,438000.0,304290.0,0.0155344307906328
2000-02-24 00:00:00,440000.0,457000.0,430200.0,434100.0,167590.0,-0.008904109589041
2000-02-25 00:00:00,434100.0,452000.0,429100.0,445200.0,220160.0,0.0255701451278507
2000-02-28 00:00:00,452900.0,452900.0,420000.0,420000.0,251850.0,-0.0566037735849056
2000-02-29 00:00:00,437000.0,439000.0,411000.0,420000.0,280990.0,0.0
2000-03-02 00:00:00,483000.0,483000.0,430000.0,475000.0,336660.0,0.1309523809523809
2000-03-03 00:00:00,470000.0,487000.0,450100.0,470000.0,206220.0,-0.0105263157894737
2000-03-06 00:00:00,474600.0,485000.0,470000.0,481000.0,167620.0,0.0234042553191489
2000-03-07 00:00:00,488000.0,488000.0,466000.0,473000.0,165150.0,-0.0166320166320166
2000-03-08 00:00:00,468900.0,473000.0,462000.0,473000.0,106380.0,0.0
2000-03-09 00:00:00,475500.0,476300.0,440000.0,440000.0,377120.0,-0.0697674418604651
2000-03-10 00:00:00,455000.0,458800.0,445000.0,455000.0,210540.0,0.0340909090909091
2000-03-13 00:00:00,431100.0,441000.0,420000.0,430000.0,179760.0,-0.0549450549450549
2000-03-14 00:00:00,401000.0,427000.0,401000.0,412200.0,130940.0,-0.0413953488372093
2000-03-15 00:00:00,403000.0,409900.0,381100.0,400000.0,255710.0,-0.029597282872392
2000-03-16 00:00:00,403600.0,416000.0,390000.0,410000.0,218210.0,0.0249999999999999
2000-03-17 00:00:00,420000.0,440000.0,413000.0,414000.0,247880.0,0.0097560975609756
2000-03-20 00:00:00,404000.0,410000.0,379900.0,385000.0,175070.0,-0.0700483091787439
2000-03-21 00:00:00,390000.0,405000.0,363000.0,399800.0,205320.0,0.0384415584415585
2000-03-22 00:00:00,392000.0,408000.0,392000.0,395500.0,170690.0,-0.0107553776888443
2000-03-23 00:00:00,390000.0,400000.0,381100.0,385500.0,116220.0,-0.0252844500632111
2000-03-24 00:00:00,391000.0,393000.0,380000.0,381600.0,114180.0,-0.0101167315175096
2000-03-27 00:00:00,380000.0,381000.0,370000.0,373300.0,148860.0,-0.0217505241090146
2000-03-28 00:00:00,368000.0,380000.0,362000.0,362100.0,174350.0,-0.0300026788106081
2000-03-29 00:00:00,355000.0,393500.0,350100.0,392000.0,294900.0,0.0825738746202706
2000-03-30 00:00:00,389000.0,389000.0,375000.0,381100.0,179730.0,-0.0278061224489796
2000-03-31 00:00:00,367000.0,380000.0,360000.0,360000.0,186040.0,-0.0553660456573077
2000-04-03 00:00:00,365100.0,366000.0,318000.0,335000.0,208720.0,-0.0694444444444444
2000-04-04 00:00:00,310000.0,334500.0,297000.0,315100.0,399330.0,-0.0594029850746268
2000-04-06 00:00:00,314900.0,327000.0,303000.0,305000.0,237550.0,-0.0320533164074896
2000-04-07 00:00:00,310000.0,335000.0,310000.0,334800.0,196920.0,0.0977049180327869
2000-04-10 00:00:00,360000.0,380000.0,351000.0,379000.0,289530.0,0.1320191158900836
2000-04-11 00:00:00,369000.0,379000.0,355000.0,379000.0,189050.0,0.0
2000-04-12 00:00:00,357000.0,360000.0,345000.0,350000.0,262770.0,-0.0765171503957783
2000-04-14 00:00:00,321000.0,330000.0,308000.0,310000.0,322170.0,-0.1142857142857143
2000-04-17 00:00:00,263600.0,288000.0,263500.0,263500.0,566670.0,-0.15
2000-04-18 00:00:00,299900.0,300000.0,265000.0,280000.0,606130.0,0.0626185958254268
2000-04-19 00:00:00,305000.0,310000.0,288000.0,294000.0,659640.0,0.05
2000-04-20 00:00:00,294000.0,294000.0,294000.0,294000.0,0.0,0.0
2000-04-21 00:00:00,294000.0,294000.0,294000.0,294000.0,0.0,0.0
2000-04-24 00:00:00,305000.0,326000.0,301000.0,302000.0,389062.0,0.0272108843537415
2000-04-25 00:00:00,290000.0,298000.0,283000.0,290000.0,196260.0,-0.0397350993377483
2000-04-26 00:00:00,304500.0,306000.0,285000.0,286000.0,279975.0,-0.0137931034482758
2000-04-27 00:00:00,262000.0,280000.0,261000.0,271000.0,355001.0,-0.0524475524475523
2000-04-28 00:00:00,278000.0,297000.0,278000.0,295000.0,360404.0,0.088560885608856
2000-05-02 00:00:00,310000.0,339000.0,301000.0,339000.0,677661.0,0.1491525423728814
2000-05-03 00:00:00,339000.0,350000.0,333000.0,340000.0,602378.0,0.0029498525073745
2000-05-04 00:00:00,335000.0,344000.0,326000.0,337000.0,267938.0,-0.0088235294117646
2000-05-08 00:00:00,349000.0,360000.0,343500.0,350000.0,341966.0,0.0385756676557864
2000-05-09 00:00:00,345000.0,351500.0,339000.0,344000.0,211640.0,-0.0171428571428571
2000-05-10 00:00:00,344000.0,344000.0,334000.0,334000.0,207241.0,-0.0290697674418605
2000-05-12 00:00:00,336000.0,339000.0,323000.0,328000.0,222156.0,-0.0179640718562874
2000-05-15 00:00:00,319000.0,326000.0,311000.0,316000.0,171541.0,-0.0365853658536585
2000-05-16 00:00:00,315000.0,332000.0,315000.0,332000.0,237993.0,0.0506329113924051
2000-05-17 00:00:00,342000.0,344000.0,325000.0,325000.0,252221.0,-0.0210843373493976
2000-05-18 00:00:00,315000.0,340000.0,313000.0,340000.0,330939.0,0.0461538461538462
2000-05-19 00:00:00,350000.0,388500.0,337000.0,381000.0,696171.0,0.1205882352941176
2000-05-22 00:00:00,362000.0,369500.0,338000.0,350000.0,452070.0,-0.0813648293963255
2000-05-23 00:00:00,339000.0,359000.0,337000.0,338000.0,402637.0,-0.0342857142857142
2000-05-24 00:00:00,331000.0,342000.0,309500.0,328000.0,293071.0,-0.0295857988165679
2000-05-25 00:00:00,365000.0,371000.0,339000.0,355000.0,466144.0,0.0823170731707316
2000-05-26 00:00:00,353000.0,355000.0,341000.0,345000.0,285070.0,-0.028169014084507
2000-05-29 00:00:00,332000.0,347000.0,332000.0,337000.0,163904.0,-0.0231884057971014
2000-05-30 00:00:00,343000.0,356000.0,336500.0,343000.0,284728.0,0.0178041543026705
2000-05-31 00:00:00,361000.0,385000.0,354000.0,385000.0,532846.0,0.1224489795918366
2000-06-01 00:00:00,379000.0,409000.0,376000.0,406000.0,550024.0,0.0545454545454544
2000-06-02 00:00:00,416000.0,426000.0,394000.0,398000.0,510043.0,-0.0197044334975369
2000-06-05 00:00:00,418000.0,418000.0,389000.0,394000.0,298464.0,-0.0100502512562814
2000-06-07 00:00:00,390000.0,400000.0,383000.0,400000.0,344464.0,0.015228426395939
2000-06-08 00:00:00,400000.0,400000.0,375000.0,377000.0,395869.0,-0.0574999999999999
2000-06-09 00:00:00,371000.0,399500.0,371000.0,399000.0,440782.0,0.0583554376657824
2000-06-12 00:00:00,395000.0,400000.0,392000.0,395000.0,218728.0,-0.0100250626566416
2000-06-13 00:00:00,393000.0,393000.0,380000.0,384000.0,187606.0,-0.0278481012658228
2000-06-14 00:00:00,384500.0,387000.0,366500.0,376000.0,295251.0,-0.0208333333333333
2000-06-15 00:00:00,379500.0,379500.0,356500.0,357500.0,352696.0,-0.0492021276595744
2000-06-16 00:00:00,348000.0,357500.0,347000.0,352000.0,271704.0,-0.0153846153846153
2000-06-19 00:00:00,344000.0,366500.0,343000.0,355000.0,189619.0,0.0085227272727272
2000-06-20 00:00:00,356000.0,364000.0,353500.0,359500.0,162203.0,0.0126760563380281
2000-06-21 00:00:00,363000.0,364500.0,356000.0,358500.0,144072.0,-0.0027816411682892
2000-06-22 00:00:00,363000.0,370000.0,350500.0,360000.0,180034.0,0.0041841004184099
2000-06-23 00:00:00,350000.0,354000.0,348000.0,352000.0,155720.0,-0.0222222222222222
2000-06-26 00:00:00,348000.0,356000.0,344000.0,356000.0,118286.0,0.0113636363636364
2000-06-27 00:00:00,356000.0,359500.0,352500.0,355000.0,123170.0,-0.0028089887640448
2000-06-28 00:00:00,351000.0,359000.0,345500.0,355000.0,301000.0,0.0
2000-06-29 00:00:00,362000.0,376000.0,356500.0,368500.0,336641.0,0.0380281690140844
2000-06-30 00:00:00,361500.0,370000.0,360000.0,365000.0,201994.0,-0.0094979647218452
2000-07-03 00:00:00,363000.0,375000.0,360000.0,368000.0,228136.0,0.0082191780821918
2000-07-04 00:00:00,370000.0,372000.0,353000.0,358000.0,157240.0,-0.0271739130434782
2000-07-05 00:00:00,356000.0,365000.0,354500.0,364500.0,113509.0,0.0181564245810055
2000-07-06 00:00:00,360000.0,373000.0,355500.0,371000.0,180772.0,0.0178326474622771
2000-07-07 00:00:00,372000.0,378500.0,369000.0,371000.0,164073.0,0.0
2000-07-10 00:00:00,373000.0,388500.0,373000.0,376500.0,247934.0,0.0148247978436657
2000-07-11 00:00:00,382000.0,382000.0,367000.0,367000.0,156436.0,-0.0252324037184594
2000-07-12 00:00:00,363000.0,370000.0,363000.0,364500.0,117204.0,-0.0068119891008174
2000-07-13 00:00:00,369500.0,381000.0,366500.0,379000.0,268618.0,0.0397805212620028
2000-07-14 00:00:00,384000.0,387000.0,377000.0,378000.0,219989.0,-0.0026385224274406
2000-07-18 00:00:00,378000.0,385000.0,372000.0,379000.0,141541.0,0.0026455026455025
2000-07-19 00:00:00,366000.0,378000.0,366000.0,375000.0,172475.0,-0.0105540897097625
2000-07-20 00:00:00,370000.0,376000.0,365000.0,370000.0,141708.0,-0.0133333333333333
2000-07-21 00:00:00,375000.0,375000.0,367000.0,369500.0,101971.0,-0.0013513513513513
2000-07-24 00:00:00,360000.0,362000.0,339000.0,344500.0,129769.0,-0.06765899864682
2000-07-25 00:00:00,339000.0,350000.0,334500.0,346000.0,139187.0,0.004354136429608
2000-07-26 00:00:00,346000.0,346000.0,320000.0,339000.0,207355.0,-0.0202312138728323
2000-07-27 00:00:00,331000.0,334500.0,318000.0,320000.0,205191.0,-0.0560471976401179
2000-07-28 00:00:00,292000.0,300000.0,279000.0,279000.0,385374.0,-0.128125
2000-07-31 00:00:00,275000.0,279000.0,260000.0,278000.0,356228.0,-0.003584229390681
2000-08-01 00:00:00,275000.0,292000.0,269000.0,290000.0,393705.0,0.0431654676258992
2000-08-02 00:00:00,287000.0,296500.0,282000.0,294500.0,194325.0,0.0155172413793103
2000-08-03 00:00:00,294000.0,297500.0,290000.0,292000.0,160763.0,-0.0084889643463497
2000-08-04 00:00:00,287500.0,290000.0,274000.0,280000.0,216921.0,-0.0410958904109589
2000-08-07 00:00:00,263000.0,269000.0,250500.0,250500.0,294386.0,-0.1053571428571428
2000-08-08 00:00:00,247500.0,254000.0,236000.0,239000.0,394940.0,-0.0459081836327345
2000-08-09 00:00:00,251000.0,274500.0,246000.0,274500.0,539191.0,0.1485355648535564
2000-08-10 00:00:00,275000.0,286500.0,261000.0,286500.0,559168.0,0.0437158469945355
2000-08-11 00:00:00,276000.0,295000.0,275000.0,289500.0,384774.0,0.0104712041884815
2000-08-14 00:00:00,298000.0,299000.0,285000.0,288000.0,177825.0,-0.005181347150259
2000-08-16 00:00:00,285000.0,295000.0,285000.0,293000.0,175765.0,0.0173611111111111
2000-08-17 00:00:00,290000.0,292000.0,283000.0,285000.0,139423.0,-0.0273037542662115
2000-08-18 00:00:00,279000.0,285000.0,263000.0,267000.0,279756.0,-0.063157894736842
2000-08-21 00:00:00,260000.0,265500.0,250500.0,253000.0,266691.0,-0.0524344569288389
2000-08-22 00:00:00,255000.0,271000.0,255000.0,262500.0,204631.0,0.0375494071146245
2000-08-23 00:00:00,257000.0,262000.0,253000.0,255000.0,145128.0,-0.0285714285714285
2000-08-24 00:00:00,250000.0,259500.0,239000.0,250000.0,428527.0,-0.0196078431372549
2000-08-25 00:00:00,252000.0,255500.0,245000.0,255000.0,222882.0,0.02
2000-08-28 00:00:00,257000.0,264000.0,253000.0,262500.0,169210.0,0.0294117647058822
2000-08-29 00:00:00,263000.0,266500.0,254000.0,262000.0,174324.0,-0.0019047619047618
2000-08-30 00:00:00,262000.0,262000.0,255500.0,256000.0,118003.0,-0.0229007633587786
2000-08-31 00:00:00,254000.0,254000.0,241500.0,244000.0,239158.0,-0.046875
2000-09-01 00:00:00,247000.0,249500.0,239500.0,241000.0,211922.0,-0.012295081967213
2000-09-04 00:00:00,236000.0,243500.0,236000.0,238500.0,148080.0,-0.0103734439834024
2000-09-05 00:00:00,235500.0,243000.0,229000.0,233000.0,329718.0,-0.0230607966457022
2000-09-06 00:00:00,231000.0,244000.0,229500.0,236000.0,195639.0,0.0128755364806867
2000-09-07 00:00:00,227000.0,233000.0,221500.0,231000.0,234180.0,-0.0211864406779661
2000-09-08 00:00:00,230000.0,235000.0,221000.0,224000.0,291868.0,-0.0303030303030302
2000-09-14 00:00:00,215000.0,227000.0,212500.0,227000.0,434516.0,0.0133928571428572
2000-09-15 00:00:00,227000.0,232000.0,215000.0,225000.0,266408.0,-0.0088105726872246
2000-09-18 00:00:00,212000.0,222000.0,198000.0,216000.0,252916.0,-0.04
2000-09-19 00:00:00,216000.0,239000.0,210500.0,229000.0,375728.0,0.0601851851851851
2000-09-20 00:00:00,246000.0,246000.0,234500.0,238000.0,196691.0,0.0393013100436681
2000-09-21 00:00:00,232000.0,243000.0,222500.0,238500.0,204943.0,0.0021008403361344
2000-09-22 00:00:00,228000.0,232000.0,218000.0,219000.0,178560.0,-0.0817610062893081
2000-09-25 00:00:00,220000.0,231500.0,220000.0,229000.0,114521.0,0.0456621004566211
2000-09-26 00:00:00,223000.0,231000.0,220500.0,228000.0,155272.0,-0.0043668122270742
2000-09-27 00:00:00,228000.0,241500.0,224500.0,237000.0,238177.0,0.0394736842105263
2000-09-28 00:00:00,250000.0,263000.0,246000.0,253500.0,531258.0,0.0696202531645568
2000-09-29 00:00:00,258000.0,280000.0,251000.0,272000.0,514494.0,0.0729783037475344
2000-10-02 00:00:00,262000.0,271500.0,251000.0,257000.0,299924.0,-0.0551470588235294
2000-10-04 00:00:00,249000.0,258500.0,242500.0,258000.0,292222.0,0.0038910505836575
2000-10-05 00:00:00,262000.0,276500.0,258500.0,266000.0,303577.0,0.0310077519379845
2000-10-06 00:00:00,266000.0,276000.0,265000.0,271000.0,220532.0,0.018796992481203
2000-10-09 00:00:00,263000.0,270000.0,256000.0,256000.0,268288.0,-0.055350553505535
2000-10-10 00:00:00,251500.0,258500.0,250000.0,256000.0,182636.0,0.0
2000-10-11 00:00:00,245000.0,246500.0,232000.0,239000.0,254790.0,-0.06640625
2000-10-12 00:00:00,232000.0,244000.0,230000.0,230000.0,352660.0,-0.0376569037656904
2000-10-13 00:00:00,220000.0,234000.0,220000.0,231000.0,272845.0,0.0043478260869564
2000-10-16 00:00:00,261500.0,263000.0,248500.0,254000.0,283757.0,0.0995670995670996
2000-10-17 00:00:00,247000.0,249000.0,240000.0,240000.0,208962.0,-0.0551181102362204
2000-10-18 00:00:00,238000.0,251000.0,231000.0,242000.0,228364.0,0.0083333333333333
2000-10-19 00:00:00,242500.0,253500.0,240000.0,249000.0,201264.0,0.0289256198347107
2000-10-20 00:00:00,275000.0,284000.0,266000.0,278000.0,595236.0,0.1164658634538151
2000-10-23 00:00:00,280000.0,280000.0,267000.0,270000.0,206109.0,-0.0287769784172662
2000-10-24 00:00:00,270000.0,280500.0,264500.0,276500.0,215003.0,0.0240740740740741
2000-10-25 00:00:00,274000.0,280000.0,270000.0,276000.0,314577.0,-0.0018083182640145
2000-10-26 00:00:00,270000.0,270000.0,257000.0,258000.0,353770.0,-0.0652173913043477
2000-10-27 00:00:00,260000.0,264500.0,241500.0,241500.0,419410.0,-0.063953488372093
2000-10-30 00:00:00,237000.0,243000.0,230000.0,230000.0,185905.0,-0.0476190476190476
2000-10-31 00:00:00,225000.0,242500.0,216000.0,242500.0,229456.0,0.0543478260869565
2000-11-01 00:00:00,249500.0,257500.0,245500.0,256000.0,274118.0,0.0556701030927835
2000-11-02 00:00:00,251000.0,265000.0,249000.0,260000.0,267335.0,0.015625
2000-11-03 00:00:00,262000.0,263000.0,255500.0,260000.0,199209.0,0.0
2000-11-06 00:00:00,256000.0,273500.0,255000.0,255000.0,227310.0,-0.0192307692307692
2000-11-07 00:00:00,260000.0,261500.0,255000.0,257500.0,135211.0,0.0098039215686274
2000-11-08 00:00:00,270000.0,277000.0,258000.0,274500.0,499502.0,0.0660194174757282
2000-11-09 00:00:00,268000.0,277000.0,266000.0,274500.0,208141.0,0.0
2000-11-10 00:00:00,269500.0,272000.0,265500.0,272000.0,282639.0,-0.0091074681238615
2000-11-13 00:00:00,261000.0,263000.0,256000.0,259000.0,207013.0,-0.0477941176470588
2000-11-14 00:00:00,263500.0,264500.0,260000.0,262500.0,81586.0,0.0135135135135135
2000-11-15 00:00:00,270500.0,273000.0,265500.0,267000.0,255894.0,0.0171428571428571
2000-11-16 00:00:00,265000.0,271000.0,265000.0,270000.0,97476.0,0.0112359550561798
2000-11-17 00:00:00,272000.0,272000.0,265000.0,270500.0,143954.0,0.0018518518518517
2000-11-20 00:00:00,265500.0,270000.0,265500.0,266000.0,62444.0,-0.0166358595194084
2000-11-21 00:00:00,259000.0,261000.0,252000.0,259000.0,143598.0,-0.0263157894736841
2000-11-22 00:00:00,258000.0,262000.0,254500.0,257000.0,83990.0,-0.0077220077220077
2000-11-23 00:00:00,246500.0,253000.0,246500.0,250000.0,165472.0,-0.0272373540856031
2000-11-24 00:00:00,251500.0,257500.0,249000.0,257000.0,127483.0,0.028
2000-11-27 00:00:00,261000.0,267500.0,259000.0,267000.0,149420.0,0.0389105058365759
2000-11-28 00:00:00,262000.0,265000.0,258000.0,258000.0,101617.0,-0.0337078651685393
2000-11-29 00:00:00,248000.0,252000.0,244000.0,250000.0,142260.0,-0.0310077519379845
2000-11-30 00:00:00,247000.0,247000.0,238000.0,244000.0,214241.0,-0.024
2000-12-01 00:00:00,232000.0,251500.0,232000.0,251000.0,285573.0,0.028688524590164
2000-12-04 00:00:00,252000.0,255500.0,240500.0,241000.0,196981.0,-0.0398406374501991
2000-12-05 00:00:00,245000.0,249500.0,242000.0,249500.0,155210.0,0.0352697095435685
2000-12-06 00:00:00,264000.0,267000.0,253000.0,253000.0,470540.0,0.0140280561122243
2000-12-07 00:00:00,254500.0,260000.0,249500.0,260000.0,225568.0,0.0276679841897233
2000-12-08 00:00:00,262000.0,268500.0,261000.0,265000.0,257999.0,0.0192307692307691
2000-12-11 00:00:00,274500.0,292500.0,273000.0,288000.0,498531.0,0.0867924528301886
2000-12-12 00:00:00,288000.0,288500.0,273500.0,278000.0,336431.0,-0.0347222222222222
2000-12-13 00:00:00,275000.0,289500.0,273000.0,287000.0,322054.0,0.0323741007194244
2000-12-14 00:00:00,277000.0,284000.0,275000.0,278000.0,476925.0,-0.0313588850174215
2000-12-15 00:00:00,273000.0,289000.0,262000.0,263000.0,522590.0,-0.0539568345323741
2000-12-18 00:00:00,263000.0,278500.0,260500.0,277000.0,294193.0,0.0532319391634981
2000-12-19 00:00:00,277000.0,281000.0,272000.0,277000.0,191202.0,0.0
2000-12-20 00:00:00,267000.0,273000.0,265500.0,268000.0,193385.0,-0.0324909747292418
2000-12-21 00:00:00,260000.0,272500.0,259000.0,267000.0,202605.0,-0.003731343283582
2000-12-22 00:00:00,267000.0,271500.0,255000.0,255000.0,206845.0,-0.0449438202247191
2000-12-26 00:00:00,262000.0,262000.0,248000.0,253000.0,1092375.0,-0.0078431372549019
2001-01-02 00:00:00,253000.0,261500.0,250000.0,260500.0,138214.0,0.0296442687747036
2001-01-03 00:00:00,255000.0,259000.0,249000.0,257000.0,210826.0,-0.0134357005758157
2001-01-04 00:00:00,287000.0,288000.0,271000.0,271000.0,372910.0,0.0544747081712062
2001-01-05 00:00:00,278000.0,286000.0,271000.0,284500.0,403886.0,0.0498154981549816
2001-01-08 00:00:00,280000.0,289000.0,278000.0,287000.0,292617.0,0.0087873462214411
2001-01-09 00:00:00,285000.0,286000.0,278500.0,285000.0,263656.0,-0.0069686411149826
2001-01-10 00:00:00,285000.0,294000.0,281500.0,281500.0,398193.0,-0.012280701754386
2001-01-11 00:00:00,283000.0,284500.0,275500.0,275500.0,281330.0,-0.0213143872113676
2001-01-12 00:00:00,291500.0,302500.0,288000.0,293500.0,586066.0,0.0653357531760434
2001-01-15 00:00:00,294000.0,294000.0,279500.0,286500.0,383539.0,-0.0238500851788756
2001-01-16 00:00:00,280000.0,285000.0,277000.0,278500.0,316997.0,-0.0279232111692844
2001-01-17 00:00:00,281000.0,285000.0,274000.0,277000.0,278099.0,-0.0053859964093356
2001-01-18 00:00:00,277000.0,279000.0,272000.0,275000.0,326821.0,-0.0072202166064981
2001-01-19 00:00:00,285000.0,285000.0,275000.0,279000.0,305631.0,0.0145454545454546
2001-01-22 00:00:00,279000.0,280500.0,272500.0,278500.0,203180.0,-0.0017921146953404
2001-01-26 00:00:00,275000.0,277500.0,266000.0,266000.0,193970.0,-0.0448833034111311
2001-01-29 00:00:00,260000.0,264000.0,252000.0,257000.0,274515.0,-0.0338345864661654
2001-01-30 00:00:00,259500.0,264000.0,252000.0,253000.0,297432.0,-0.0155642023346302
2001-01-31 00:00:00,254000.0,265000.0,253000.0,265000.0,316721.0,0.0474308300395256
2001-02-01 00:00:00,260000.0,268500.0,259000.0,266000.0,195108.0,0.0037735849056603
2001-02-02 00:00:00,265000.0,266000.0,255000.0,261000.0,199022.0,-0.018796992481203
2001-02-05 00:00:00,253000.0,256000.0,249000.0,249500.0,223666.0,-0.0440613026819923
2001-02-06 00:00:00,248000.0,256000.0,248000.0,256000.0,135286.0,0.0260521042084167
2001-02-07 00:00:00,256000.0,256000.0,250500.0,254500.0,167764.0,-0.005859375
2001-02-08 00:00:00,255000.0,262000.0,255000.0,260000.0,258280.0,0.0216110019646365
2001-02-09 00:00:00,259000.0,259000.0,252000.0,255000.0,175142.0,-0.0192307692307692
2001-02-12 00:00:00,252000.0,257500.0,247000.0,257000.0,165518.0,0.0078431372549019
2001-02-13 00:00:00,257000.0,257000.0,250000.0,252000.0,117774.0,-0.0194552529182879
2001-02-14 00:00:00,248000.0,249500.0,244500.0,248000.0,270803.0,-0.0158730158730159
2001-02-15 00:00:00,246500.0,250500.0,242000.0,242000.0,279678.0,-0.0241935483870967
2001-02-16 00:00:00,243000.0,246500.0,243000.0,245000.0,157058.0,0.0123966942148761
2001-02-19 00:00:00,240000.0,240000.0,235000.0,236500.0,177217.0,-0.0346938775510203
2001-02-20 00:00:00,232000.0,235000.0,226500.0,233000.0,295620.0,-0.014799154334038
2001-02-21 00:00:00,225500.0,228000.0,212500.0,214000.0,464267.0,-0.0815450643776823
2001-02-22 00:00:00,208000.0,210000.0,199000.0,205000.0,623395.0,-0.042056074766355
2001-02-23 00:00:00,204500.0,216500.0,204500.0,212500.0,456829.0,0.0365853658536585
2001-02-26 00:00:00,210500.0,213000.0,204500.0,212500.0,218790.0,0.0
2001-02-27 00:00:00,213000.0,221000.0,206000.0,208000.0,226226.0,-0.0211764705882352
2001-02-28 00:00:00,205000.0,215000.0,203000.0,212500.0,189449.0,0.0216346153846154
2001-03-02 00:00:00,210000.0,211000.0,205000.0,208500.0,265566.0,-0.0188235294117646
2001-03-05 00:00:00,205500.0,222500.0,205500.0,222500.0,202321.0,0.0671462829736211
2001-03-06 00:00:00,224500.0,226000.0,217500.0,221000.0,220656.0,-0.0067415730337078
2001-03-07 00:00:00,224500.0,226000.0,217500.0,217500.0,173525.0,-0.0158371040723982
2001-03-08 00:00:00,219000.0,223500.0,218000.0,223500.0,245481.0,0.0275862068965517
2001-03-09 00:00:00,219500.0,219500.0,213000.0,214500.0,162310.0,-0.0402684563758389
2001-03-12 00:00:00,208500.0,210000.0,205000.0,205000.0,134094.0,-0.0442890442890443
2001-03-13 00:00:00,197000.0,205000.0,196500.0,205000.0,149873.0,0.0
2001-03-14 00:00:00,208000.0,209500.0,205500.0,206000.0,182032.0,0.0048780487804878
2001-03-15 00:00:00,201000.0,207500.0,199500.0,206000.0,163949.0,0.0
2001-03-16 00:00:00,206500.0,208500.0,202500.0,205000.0,121577.0,-0.0048543689320388
2001-03-19 00:00:00,203000.0,208500.0,201000.0,206500.0,125628.0,0.0073170731707317
2001-03-20 00:00:00,207000.0,209000.0,202500.0,203000.0,123567.0,-0.0169491525423728
2001-03-21 00:00:00,199000.0,203000.0,198500.0,202000.0,169151.0,-0.0049261083743842
2001-03-22 00:00:00,200000.0,201000.0,198500.0,199000.0,159733.0,-0.0148514851485148
2001-03-23 00:00:00,199000.0,202500.0,197000.0,198000.0,231526.0,-0.0050251256281407
2001-03-26 00:00:00,198000.0,199000.0,195000.0,197500.0,198610.0,-0.0025252525252524
2001-03-27 00:00:00,198000.0,198000.0,192500.0,193000.0,164745.0,-0.0227848101265822
2001-03-28 00:00:00,195000.0,196000.0,182000.0,184500.0,299480.0,-0.0440414507772021
2001-03-29 00:00:00,182000.0,184500.0,179000.0,182000.0,339181.0,-0.0135501355013549
2001-03-30 00:00:00,180000.0,188500.0,180000.0,183000.0,396146.0,0.0054945054945054
2001-04-02 00:00:00,183500.0,184000.0,176500.0,178000.0,239895.0,-0.0273224043715847
2001-04-03 00:00:00,171500.0,174000.0,166000.0,166000.0,520101.0,-0.0674157303370787
2001-04-04 00:00:00,163500.0,169000.0,161000.0,165000.0,585605.0,-0.0060240963855421
2001-04-06 00:00:00,182000.0,182000.0,173500.0,173500.0,606287.0,0.0515151515151515
2001-04-09 00:00:00,171000.0,174000.0,167000.0,168000.0,221253.0,-0.031700288184438
2001-04-10 00:00:00,170000.0,175500.0,169500.0,171500.0,244110.0,0.0208333333333332
2001-04-11 00:00:00,181000.0,190000.0,179000.0,190000.0,510371.0,0.1078717201166181
2001-04-12 00:00:00,193000.0,195500.0,186000.0,190000.0,404741.0,0.0
2001-04-13 00:00:00,190500.0,192000.0,186500.0,192000.0,221246.0,0.0105263157894737
2001-04-16 00:00:00,188000.0,192500.0,182500.0,183500.0,136636.0,-0.0442708333333333
2001-04-17 00:00:00,183500.0,192500.0,181500.0,189000.0,282083.0,0.0299727520435968
2001-04-18 00:00:00,192500.0,199500.0,187500.0,199500.0,409577.0,0.0555555555555555
2001-04-19 00:00:00,215000.0,228500.0,210000.0,216000.0,1101349.0,0.0827067669172931
2001-04-20 00:00:00,219000.0,222500.0,211500.0,216000.0,407999.0,0.0
2001-04-23 00:00:00,216000.0,218000.0,210000.0,215000.0,259092.0,-0.0046296296296296
2001-04-24 00:00:00,207000.0,223000.0,203000.0,218000.0,323176.0,0.013953488372093
2001-04-25 00:00:00,216000.0,223000.0,213500.0,222000.0,271439.0,0.0183486238532109
2001-04-26 00:00:00,228000.0,228500.0,217500.0,221000.0,286904.0,-0.0045045045045044
2001-04-27 00:00:00,219000.0,222000.0,213000.0,216500.0,124005.0,-0.0203619909502262
2001-04-30 00:00:00,218000.0,226500.0,218000.0,226500.0,228096.0,0.046189376443418
2001-05-02 00:00:00,240000.0,240000.0,228500.0,234000.0,304907.0,0.0331125827814569
2001-05-03 00:00:00,234000.0,235500.0,228500.0,233500.0,337670.0,-0.0021367521367521
2001-05-04 00:00:00,233000.0,237000.0,228500.0,234500.0,508020.0,0.0042826552462527
2001-05-07 00:00:00,234500.0,237000.0,232500.0,235500.0,285226.0,0.0042643923240939
2001-05-08 00:00:00,235500.0,235500.0,229000.0,229500.0,283715.0,-0.0254777070063694
2001-05-09 00:00:00,229500.0,230000.0,217000.0,219500.0,383496.0,-0.0435729847494553
2001-05-10 00:00:00,219500.0,220000.0,215500.0,216000.0,459906.0,-0.0159453302961275
2001-05-11 00:00:00,216000.0,223000.0,216000.0,221000.0,261236.0,0.0231481481481481
2001-05-14 00:00:00,221000.0,223500.0,218000.0,218000.0,220109.0,-0.0135746606334841
2001-05-15 00:00:00,218000.0,218500.0,206500.0,209000.0,405140.0,-0.0412844036697247
2001-05-16 00:00:00,209500.0,214000.0,209000.0,209000.0,199357.0,0.0
2001-05-17 00:00:00,215500.0,224000.0,213500.0,224000.0,373355.0,0.0717703349282297
2001-05-18 00:00:00,224000.0,226500.0,218000.0,224500.0,553063.0,0.0022321428571427
2001-05-21 00:00:00,225000.0,230000.0,224500.0,229000.0,321400.0,0.0200445434298441
2001-05-22 00:00:00,234000.0,236500.0,229500.0,230500.0,378471.0,0.0065502183406114
2001-05-23 00:00:00,230500.0,231000.0,223500.0,225000.0,343047.0,-0.0238611713665943
2001-05-24 00:00:00,224000.0,228000.0,219000.0,228000.0,259610.0,0.0133333333333334
2001-05-25 00:00:00,228000.0,230000.0,222500.0,224500.0,210732.0,-0.0153508771929824
2001-05-28 00:00:00,224500.0,225500.0,220500.0,223000.0,117960.0,-0.0066815144766146
2001-05-29 00:00:00,223000.0,225000.0,220000.0,222500.0,156585.0,-0.0022421524663677
2001-05-30 00:00:00,224500.0,224500.0,218000.0,223500.0,188145.0,0.0044943820224718
2001-05-31 00:00:00,218000.0,220500.0,217000.0,219500.0,142917.0,-0.0178970917225951
2001-06-01 00:00:00,219500.0,220000.0,215000.0,216000.0,178697.0,-0.0159453302961275
2001-06-04 00:00:00,212000.0,218500.0,212000.0,218500.0,98390.0,0.0115740740740741
2001-06-05 00:00:00,218500.0,220500.0,210500.0,213000.0,178130.0,-0.0251716247139588
2001-06-07 00:00:00,209000.0,214500.0,208500.0,209000.0,133853.0,-0.0187793427230047
2001-06-08 00:00:00,212500.0,217500.0,210000.0,217000.0,141310.0,0.0382775119617224
2001-06-11 00:00:00,212000.0,213000.0,208500.0,210000.0,204162.0,-0.032258064516129
2001-06-12 00:00:00,207000.0,208500.0,204500.0,206500.0,146355.0,-0.0166666666666667
2001-06-13 00:00:00,209000.0,215500.0,207000.0,214000.0,189337.0,0.0363196125907989
2001-06-14 00:00:00,212000.0,215500.0,209500.0,210500.0,242190.0,-0.0163551401869158
2001-06-15 00:00:00,209000.0,213000.0,205000.0,210500.0,242432.0,0.0
2001-06-18 00:00:00,209000.0,210500.0,206500.0,207000.0,144873.0,-0.0166270783847981
2001-06-19 00:00:00,204500.0,211000.0,204000.0,208000.0,233250.0,0.0048309178743961
2001-06-20 00:00:00,205000.0,207500.0,202000.0,202000.0,189700.0,-0.0288461538461538
2001-06-21 00:00:00,202000.0,211000.0,202000.0,210000.0,390271.0,0.0396039603960396
2001-06-22 00:00:00,215000.0,223500.0,212500.0,216000.0,844404.0,0.0285714285714284
2001-06-25 00:00:00,216000.0,218000.0,203000.0,205000.0,431414.0,-0.0509259259259259
2001-06-26 00:00:00,205000.0,205000.0,199000.0,202000.0,279999.0,-0.0146341463414634
2001-06-27 00:00:00,201000.0,201000.0,190000.0,191000.0,332203.0,-0.0544554455445545
2001-06-28 00:00:00,191000.0,197000.0,185000.0,191000.0,307200.0,0.0
2001-06-29 00:00:00,195000.0,197500.0,191500.0,191500.0,142200.0,0.0026178010471205
2001-07-02 00:00:00,194500.0,201000.0,192500.0,200500.0,153435.0,0.0469973890339425
2001-07-03 00:00:00,201500.0,206500.0,199000.0,206000.0,142161.0,0.0274314214463839
2001-07-04 00:00:00,204000.0,206000.0,199500.0,202000.0,161757.0,-0.0194174757281553
2001-07-05 00:00:00,205000.0,205000.0,199500.0,200000.0,56850.0,-0.0099009900990099
2001-07-06 00:00:00,190000.0,198500.0,190000.0,196500.0,123464.0,-0.0174999999999999
2001-07-09 00:00:00,193000.0,196000.0,192000.0,194500.0,137123.0,-0.010178117048346
2001-07-10 00:00:00,195000.0,196000.0,186000.0,187000.0,164213.0,-0.038560411311054
2001-07-11 00:00:00,185500.0,190500.0,184000.0,186000.0,156061.0,-0.0053475935828877
2001-07-12 00:00:00,188000.0,189000.0,185000.0,186000.0,234369.0,0.0
2001-07-13 00:00:00,192000.0,192000.0,184000.0,184500.0,173303.0,-0.0080645161290322
2001-07-16 00:00:00,185500.0,190500.0,185500.0,189000.0,76179.0,0.024390243902439
2001-07-18 00:00:00,192000.0,194000.0,189500.0,189500.0,124872.0,0.0026455026455025
2001-07-19 00:00:00,189500.0,202000.0,189500.0,202000.0,213882.0,0.0659630606860157
2001-07-20 00:00:00,197000.0,203500.0,196000.0,201500.0,197854.0,-0.0024752475247524
2001-07-23 00:00:00,202500.0,206000.0,200000.0,202000.0,158367.0,0.0024813895781636
2001-07-24 00:00:00,200000.0,207000.0,200000.0,207000.0,192091.0,0.0247524752475247
2001-07-25 00:00:00,207000.0,208000.0,204000.0,207000.0,152903.0,0.0
2001-07-26 00:00:00,207000.0,208500.0,202000.0,202000.0,109580.0,-0.0241545893719806
2001-07-27 00:00:00,204000.0,207500.0,202500.0,206000.0,113110.0,0.0198019801980198
2001-07-30 00:00:00,206000.0,206000.0,200500.0,203000.0,101730.0,-0.0145631067961164
2001-07-31 00:00:00,205000.0,207500.0,202000.0,207500.0,95490.0,0.022167487684729
2001-08-01 00:00:00,213000.0,224000.0,207500.0,222000.0,363492.0,0.069879518072289
2001-08-02 00:00:00,224500.0,224500.0,219000.0,223000.0,186310.0,0.0045045045045044
2001-08-03 00:00:00,224500.0,224500.0,217000.0,217500.0,111810.0,-0.0246636771300448
2001-08-06 00:00:00,215000.0,222500.0,214000.0,219000.0,109080.0,0.0068965517241379
2001-08-07 00:00:00,214000.0,220500.0,214000.0,220000.0,56040.0,0.004566210045662
2001-08-08 00:00:00,221000.0,224500.0,218500.0,224000.0,94440.0,0.018181818181818
2001-08-09 00:00:00,219500.0,222000.0,215000.0,215000.0,129871.0,-0.0401785714285714
2001-08-10 00:00:00,222000.0,222000.0,217500.0,221000.0,110445.0,0.0279069767441859
2001-08-13 00:00:00,222000.0,228000.0,221000.0,228000.0,223830.0,0.0316742081447964
2001-08-14 00:00:00,229000.0,230000.0,225000.0,230000.0,126053.0,0.0087719298245614
2001-08-16 00:00:00,228000.0,230000.0,223000.0,227000.0,145431.0,-0.0130434782608696
2001-08-17 00:00:00,223000.0,225000.0,220000.0,224500.0,121959.0,-0.0110132158590308
2001-08-20 00:00:00,220000.0,222000.0,216000.0,217500.0,152457.0,-0.0311804008908685
2001-08-21 00:00:00,217500.0,220500.0,215500.0,220000.0,94222.0,0.0114942528735633
2001-08-22 00:00:00,215500.0,220000.0,215000.0,220000.0,118190.0,0.0
2001-08-23 00:00:00,222000.0,226000.0,220000.0,222000.0,142530.0,0.009090909090909
2001-08-24 00:00:00,223000.0,225000.0,221500.0,223500.0,75800.0,0.0067567567567567
2001-08-27 00:00:00,228000.0,232500.0,227500.0,230000.0,222211.0,0.0290827740492169
2001-08-28 00:00:00,230000.0,231500.0,228000.0,231000.0,108473.0,0.0043478260869564
2001-08-29 00:00:00,230000.0,234500.0,226500.0,231000.0,189660.0,0.0
2001-08-30 00:00:00,230000.0,233500.0,227000.0,233000.0,108901.0,0.0086580086580085
2001-08-31 00:00:00,230000.0,231000.0,224500.0,225000.0,138858.0,-0.0343347639484978
2001-09-03 00:00:00,221000.0,225000.0,221000.0,225000.0,80835.0,0.0
2001-09-04 00:00:00,225000.0,230000.0,219500.0,230000.0,156440.0,0.0222222222222221
2001-09-05 00:00:00,222000.0,224500.0,217500.0,218500.0,193473.0,-0.05
2001-09-06 00:00:00,213000.0,216500.0,212500.0,215000.0,174430.0,-0.0160183066361555
2001-09-07 00:00:00,210000.0,213500.0,209000.0,213500.0,136185.0,-0.0069767441860465
2001-09-10 00:00:00,209500.0,211000.0,206500.0,210000.0,109910.0,-0.0163934426229508
2001-09-11 00:00:00,210000.0,214000.0,206000.0,207000.0,69271.0,-0.0142857142857142
2001-09-12 00:00:00,181000.0,201500.0,181000.0,188000.0,286703.0,-0.0917874396135265
2001-09-13 00:00:00,205000.0,205000.0,195000.0,204000.0,298404.0,0.0851063829787233
2001-09-14 00:00:00,200500.0,204000.0,198000.0,204000.0,184510.0,0.0
2001-09-17 00:00:00,202000.0,211000.0,200000.0,211000.0,205030.0,0.0343137254901961
2001-09-18 00:00:00,209000.0,215500.0,205000.0,211500.0,216478.0,0.0023696682464455
2001-09-19 00:00:00,211500.0,214000.0,209500.0,212000.0,154220.0,0.0023640661938533
2001-09-20 00:00:00,212000.0,219500.0,212000.0,216500.0,227145.0,0.0212264150943395
2001-09-21 00:00:00,213500.0,223000.0,213500.0,220000.0,254415.0,0.0161662817551964
2001-09-24 00:00:00,225000.0,226000.0,224000.0,225000.0,206230.0,0.0227272727272727
2001-09-25 00:00:00,225000.0,226000.0,221500.0,222500.0,164062.0,-0.011111111111111
2001-09-26 00:00:00,222000.0,222000.0,211500.0,216000.0,187030.0,-0.0292134831460674
2001-09-27 00:00:00,210500.0,215000.0,207000.0,209000.0,131962.0,-0.0324074074074074
2001-09-28 00:00:00,208500.0,212500.0,205500.0,208000.0,197945.0,-0.0047846889952153
2001-10-04 00:00:00,220000.0,223500.0,216500.0,223000.0,225178.0,0.0721153846153845
2001-10-05 00:00:00,225000.0,227000.0,222000.0,227000.0,168160.0,0.0179372197309417
2001-10-08 00:00:00,227500.0,227500.0,220000.0,220000.0,45947.0,-0.0308370044052863
2001-10-09 00:00:00,224000.0,229000.0,221500.0,227000.0,145687.0,0.0318181818181817
2001-10-10 00:00:00,222000.0,226000.0,222000.0,226000.0,54034.0,-0.0044052863436123
2001-10-11 00:00:00,230500.0,234500.0,230500.0,232000.0,208255.0,0.0265486725663717
2001-10-12 00:00:00,237000.0,237000.0,224000.0,229500.0,173841.0,-0.0107758620689655
2001-10-15 00:00:00,220500.0,228500.0,220500.0,224500.0,95810.0,-0.0217864923747276
2001-10-16 00:00:00,224000.0,236000.0,223000.0,235500.0,149178.0,0.0489977728285078
2001-10-17 00:00:00,240000.0,242000.0,235000.0,240000.0,205984.0,0.019108280254777
2001-10-18 00:00:00,240000.0,246500.0,235000.0,240000.0,239547.0,0.0
2001-10-19 00:00:00,237000.0,238000.0,233000.0,234000.0,164950.0,-0.025
2001-10-22 00:00:00,230000.0,234000.0,226000.0,232000.0,107724.0,-0.0085470085470085
2001-10-23 00:00:00,233000.0,239000.0,232000.0,232000.0,111194.0,0.0
2001-10-24 00:00:00,231000.0,235000.0,230000.0,232000.0,107189.0,0.0
2001-10-25 00:00:00,232000.0,232000.0,228500.0,230000.0,137612.0,-0.0086206896551723
2001-10-26 00:00:00,232500.0,237500.0,232000.0,236500.0,175046.0,0.0282608695652173
2001-10-29 00:00:00,240000.0,249500.0,240000.0,247500.0,228255.0,0.0465116279069768
2001-10-30 00:00:00,244500.0,247000.0,237000.0,240000.0,134052.0,-0.0303030303030302
2001-10-31 00:00:00,240000.0,245500.0,238000.0,245500.0,78621.0,0.0229166666666666
2001-11-01 00:00:00,247000.0,247000.0,241000.0,245500.0,99665.0,0.0
2001-11-02 00:00:00,247000.0,254500.0,247000.0,249000.0,2810479.0,0.0142566191446027
2001-11-05 00:00:00,254000.0,256000.0,248500.0,255000.0,141207.0,0.0240963855421687
2001-11-06 00:00:00,255000.0,259000.0,254500.0,254500.0,180570.0,-0.0019607843137254
2001-11-07 00:00:00,256500.0,258000.0,247500.0,249500.0,124794.0,-0.0196463654223968
2001-11-08 00:00:00,250000.0,265000.0,250000.0,263500.0,328047.0,0.0561122244488978
2001-11-09 00:00:00,269500.0,270000.0,263000.0,267000.0,168754.0,0.0132827324478177
2001-11-12 00:00:00,267000.0,268500.0,263000.0,264000.0,110372.0,-0.0112359550561798
2001-11-13 00:00:00,261500.0,270000.0,261500.0,270000.0,141412.0,0.0227272727272727
2001-11-14 00:00:00,274000.0,274000.0,266000.0,272000.0,220378.0,0.0074074074074073
2001-11-15 00:00:00,270000.0,276500.0,268500.0,271000.0,243720.0,-0.0036764705882352
2001-11-16 00:00:00,270000.0,272500.0,268500.0,270000.0,162436.0,-0.0036900369003689
2001-11-19 00:00:00,261000.0,277000.0,261000.0,277000.0,197320.0,0.0259259259259259
2001-11-20 00:00:00,278000.0,279500.0,271000.0,271000.0,193861.0,-0.0216606498194945
2001-11-21 00:00:00,270000.0,273500.0,266500.0,268000.0,177902.0,-0.0110701107011069
2001-11-22 00:00:00,269000.0,270000.0,264000.0,270000.0,99905.0,0.007462686567164
2001-11-23 00:00:00,270000.0,293000.0,269500.0,287000.0,190410.0,0.0629629629629628
2001-11-26 00:00:00,284500.0,297500.0,283000.0,295000.0,257136.0,0.0278745644599303
2001-11-27 00:00:00,287500.0,296000.0,285000.0,292500.0,280635.0,-0.0084745762711864
2001-11-28 00:00:00,289000.0,290500.0,274000.0,276000.0,229424.0,-0.0564102564102564
2001-11-29 00:00:00,272000.0,275500.0,250000.0,262500.0,326058.0,-0.0489130434782608
2001-11-30 00:00:00,268000.0,269000.0,262000.0,264000.0,251424.0,0.0057142857142857
2001-12-03 00:00:00,260000.0,263000.0,251000.0,258000.0,265968.0,-0.0227272727272727
2001-12-04 00:00:00,251500.0,263000.0,251000.0,260000.0,226516.0,0.0077519379844961
2001-12-05 00:00:00,262000.0,292500.0,262000.0,284000.0,429743.0,0.0923076923076922
2001-12-06 00:00:00,283500.0,290500.0,264500.0,269000.0,463447.0,-0.0528169014084507
2001-12-07 00:00:00,273000.0,277500.0,264000.0,272000.0,288868.0,0.0111524163568772
2001-12-10 00:00:00,272000.0,273000.0,251500.0,252500.0,258302.0,-0.0716911764705882
2001-12-11 00:00:00,247500.0,256000.0,247000.0,256000.0,231188.0,0.0138613861386138
2001-12-12 00:00:00,254000.0,264000.0,248500.0,260500.0,386183.0,0.017578125
2001-12-13 00:00:00,257000.0,262500.0,250000.0,254000.0,621228.0,-0.0249520153550864
2001-12-14 00:00:00,250000.0,254500.0,247500.0,248500.0,236431.0,-0.0216535433070865
2001-12-17 00:00:00,246000.0,247000.0,234500.0,236500.0,331011.0,-0.0482897384305834
2001-12-18 00:00:00,240000.0,244500.0,234000.0,238000.0,258921.0,0.0063424947145878
2001-12-19 00:00:00,242000.0,247000.0,240000.0,244000.0,219474.0,0.0252100840336133
2001-12-20 00:00:00,249500.0,261000.0,244000.0,261000.0,296727.0,0.069672131147541
2001-12-21 00:00:00,256000.0,256000.0,247000.0,249500.0,256718.0,-0.0440613026819923
2001-12-24 00:00:00,246500.0,252000.0,246500.0,249500.0,153713.0,0.0
2001-12-26 00:00:00,248500.0,251000.0,248000.0,249500.0,297758.0,0.0
2001-12-27 00:00:00,249000.0,255000.0,242500.0,250000.0,185554.0,0.0020040080160319
2001-12-28 00:00:00,250500.0,270000.0,250500.0,268000.0,292005.0,0.072
2002-01-02 00:00:00,267000.0,274000.0,259500.0,272500.0,266017.0,0.0167910447761194
2002-01-03 00:00:00,268000.0,280000.0,268000.0,277000.0,248917.0,0.0165137614678898
2002-01-04 00:00:00,280000.0,287500.0,279500.0,281000.0,239394.0,0.0144404332129963
2002-01-07 00:00:00,281000.0,281000.0,267500.0,272000.0,313808.0,-0.0320284697508896
2002-01-08 00:00:00,268000.0,269500.0,262000.0,262000.0,188345.0,-0.0367647058823529
2002-01-09 00:00:00,258000.0,264000.0,257000.0,263500.0,262190.0,0.0057251908396946
2002-01-10 00:00:00,259000.0,262000.0,251000.0,251000.0,354267.0,-0.047438330170778
2002-01-11 00:00:00,254000.0,256500.0,250000.0,253000.0,316047.0,0.0079681274900398
2002-01-14 00:00:00,250000.0,261500.0,250000.0,259500.0,174992.0,0.0256916996047431
2002-01-15 00:00:00,252000.0,255000.0,248500.0,249000.0,260307.0,-0.0404624277456647
2002-01-16 00:00:00,250000.0,252000.0,247000.0,248000.0,147593.0,-0.0040160642570281
2002-01-17 00:00:00,247000.0,251500.0,245000.0,248000.0,199041.0,0.0
2002-01-18 00:00:00,249000.0,250500.0,245000.0,245500.0,236607.0,-0.0100806451612903
2002-01-21 00:00:00,245000.0,250000.0,245000.0,248000.0,155726.0,0.010183299389002
2002-01-22 00:00:00,249000.0,250000.0,245000.0,245500.0,203676.0,-0.0100806451612903
2002-01-23 00:00:00,245000.0,253500.0,244500.0,253000.0,275725.0,0.030549898167006
2002-01-24 00:00:00,255000.0,262000.0,254500.0,259000.0,480782.0,0.0237154150197629
2002-01-25 00:00:00,263000.0,272500.0,258500.0,263000.0,456609.0,0.0154440154440154
2002-01-28 00:00:00,269000.0,269000.0,262000.0,264000.0,201129.0,0.0038022813688212
2002-01-29 00:00:00,264000.0,265000.0,260000.0,264000.0,207465.0,0.0
2002-01-30 00:00:00,255000.0,262000.0,254000.0,262000.0,214612.0,-0.0075757575757575
2002-01-31 00:00:00,258000.0,260000.0,250000.0,256000.0,1723870.0,-0.0229007633587786
2002-02-01 00:00:00,255500.0,260000.0,250000.0,251000.0,197548.0,-0.01953125
2002-02-04 00:00:00,248500.0,249500.0,244500.0,245000.0,215722.0,-0.0239043824701195
2002-02-05 00:00:00,245000.0,249000.0,245000.0,246000.0,267505.0,0.0040816326530612
2002-02-06 00:00:00,243000.0,255000.0,242500.0,253000.0,190593.0,0.0284552845528456
2002-02-07 00:00:00,249000.0,250000.0,240000.0,242000.0,243571.0,-0.0434782608695651
2002-02-08 00:00:00,242000.0,245500.0,239500.0,243000.0,144272.0,0.0041322314049587
2002-02-14 00:00:00,248000.0,255000.0,245000.0,255000.0,252367.0,0.0493827160493827
2002-02-15 00:00:00,250000.0,255000.0,249000.0,250000.0,136411.0,-0.0196078431372549
2002-02-18 00:00:00,248000.0,259500.0,247500.0,258000.0,241463.0,0.032
2002-02-19 00:00:00,260000.0,260000.0,249000.0,250000.0,180863.0,-0.0310077519379845
2002-02-20 00:00:00,246000.0,249000.0,243500.0,248000.0,175762.0,-0.008
2002-02-21 00:00:00,254000.0,257000.0,249000.0,257000.0,217742.0,0.0362903225806452
2002-02-22 00:00:00,255000.0,263000.0,253000.0,263000.0,268235.0,0.0233463035019454
2002-02-25 00:00:00,266000.0,268500.0,260000.0,266000.0,222440.0,0.0114068441064638
2002-02-26 00:00:00,270000.0,271500.0,265000.0,266000.0,200550.0,0.0
2002-02-27 00:00:00,262000.0,269000.0,261000.0,267000.0,225209.0,0.0037593984962405
2002-02-28 00:00:00,268500.0,268500.0,260000.0,260000.0,192372.0,-0.0262172284644194
2002-03-04 00:00:00,267000.0,279000.0,264500.0,277000.0,484570.0,0.0653846153846153
2002-03-05 00:00:00,281000.0,285500.0,276000.0,280000.0,361753.0,0.0108303249097472
2002-03-06 00:00:00,280000.0,283000.0,275500.0,281000.0,191349.0,0.0035714285714285
2002-03-07 00:00:00,281500.0,283500.0,270500.0,274000.0,181383.0,-0.0249110320284697
2002-03-08 00:00:00,274000.0,277500.0,271500.0,274500.0,160448.0,0.0018248175182482
2002-03-11 00:00:00,278000.0,279500.0,274500.0,276000.0,166737.0,0.0054644808743169
2002-03-12 00:00:00,275500.0,279500.0,270000.0,279500.0,161314.0,0.0126811594202898
2002-03-13 00:00:00,276000.0,276000.0,270000.0,275500.0,209849.0,-0.0143112701252235
2002-03-14 00:00:00,274000.0,275000.0,264000.0,275000.0,340370.0,-0.0018148820326678
2002-03-15 00:00:00,269000.0,275000.0,267000.0,271500.0,195985.0,-0.0127272727272726
2002-03-18 00:00:00,275000.0,278000.0,270000.0,271500.0,176894.0,0.0
2002-03-19 00:00:00,274000.0,278000.0,270500.0,278000.0,305132.0,0.0239410681399632
2002-03-20 00:00:00,280000.0,288000.0,275000.0,283500.0,319783.0,0.0197841726618706
2002-03-21 00:00:00,280000.0,297000.0,280000.0,292000.0,465331.0,0.0299823633156965
2002-03-22 00:00:00,292500.0,302500.0,292000.0,295000.0,428396.0,0.0102739726027396
2002-03-25 00:00:00,298000.0,298000.0,285000.0,285000.0,206303.0,-0.0338983050847457
2002-03-26 00:00:00,284000.0,291500.0,283000.0,290000.0,196492.0,0.0175438596491228
2002-03-27 00:00:00,291000.0,300500.0,286000.0,299000.0,239118.0,0.0310344827586206
2002-03-28 00:00:00,299000.0,300000.0,292000.0,292000.0,224131.0,-0.0234113712374581
2002-03-29 00:00:00,294000.0,296000.0,290000.0,290000.0,167073.0,-0.0068493150684931
2002-04-01 00:00:00,293000.0,293000.0,278500.0,279500.0,271177.0,-0.0362068965517241
2002-04-02 00:00:00,281000.0,282000.0,273500.0,278500.0,242005.0,-0.0035778175313059
2002-04-03 00:00:00,274000.0,276000.0,266000.0,272500.0,397215.0,-0.0215439856373429
2002-04-04 00:00:00,273000.0,278000.0,273000.0,274000.0,247918.0,0.0055045871559633
2002-04-08 00:00:00,277500.0,281500.0,275000.0,275000.0,230178.0,0.0036496350364962
2002-04-09 00:00:00,277000.0,280000.0,272000.0,276000.0,124730.0,0.0036363636363636
2002-04-10 00:00:00,271000.0,275000.0,266000.0,266000.0,167275.0,-0.036231884057971
2002-04-11 00:00:00,264000.0,266500.0,258000.0,258000.0,1431284.0,-0.0300751879699248
2002-04-12 00:00:00,258000.0,260500.0,255500.0,260500.0,220140.0,0.0096899224806201
2002-04-15 00:00:00,259500.0,270500.0,256500.0,266500.0,186032.0,0.0230326295585412
2002-04-16 00:00:00,272000.0,272000.0,265000.0,267000.0,162184.0,0.0018761726078799
2002-04-17 00:00:00,273500.0,282500.0,272000.0,280000.0,341076.0,0.0486891385767789
2002-04-18 00:00:00,279500.0,282500.0,276000.0,281000.0,189725.0,0.0035714285714285
2002-04-19 00:00:00,276000.0,277500.0,268500.0,269500.0,196618.0,-0.0409252669039146
2002-04-22 00:00:00,267500.0,278000.0,267500.0,268000.0,264810.0,-0.0055658627087198
2002-04-23 00:00:00,267000.0,271000.0,262000.0,269500.0,186539.0,0.0055970149253732
2002-04-24 00:00:00,267000.0,273000.0,263000.0,265000.0,99608.0,-0.0166975881261595
2002-04-25 00:00:00,262000.0,265500.0,261000.0,261000.0,133145.0,-0.0150943396226415
2002-04-26 00:00:00,258000.0,264000.0,255000.0,257000.0,189028.0,-0.0153256704980843
2002-04-29 00:00:00,251000.0,253000.0,239000.0,244500.0,229105.0,-0.0486381322957198
2002-04-30 00:00:00,246500.0,252000.0,244000.0,251500.0,172519.0,0.0286298568507157
2002-05-02 00:00:00,251500.0,253000.0,248000.0,251500.0,149981.0,0.0
2002-05-03 00:00:00,246000.0,248500.0,240000.0,246500.0,244592.0,-0.0198807157057654
2002-05-06 00:00:00,240000.0,243500.0,238500.0,239000.0,203454.0,-0.0304259634888438
2002-05-07 00:00:00,235000.0,248500.0,234000.0,247000.0,251716.0,0.0334728033472804
2002-05-08 00:00:00,251000.0,262500.0,250000.0,259000.0,314343.0,0.048582995951417
2002-05-09 00:00:00,262000.0,267000.0,251000.0,251000.0,413489.0,-0.0308880308880309
2002-05-10 00:00:00,252000.0,258000.0,250000.0,254500.0,297629.0,0.0139442231075697
2002-05-13 00:00:00,252500.0,270500.0,252000.0,264000.0,293823.0,0.037328094302554
2002-05-14 00:00:00,265500.0,271000.0,265000.0,268000.0,286080.0,0.0151515151515151
2002-05-15 00:00:00,270000.0,273000.0,269000.0,269000.0,204710.0,0.0037313432835821
2002-05-16 00:00:00,269000.0,275000.0,268000.0,272000.0,149082.0,0.0111524163568772
2002-05-17 00:00:00,272000.0,280500.0,272000.0,276000.0,240061.0,0.0147058823529411
2002-05-20 00:00:00,269000.0,281500.0,268000.0,275500.0,269957.0,-0.0018115942028985
2002-05-21 00:00:00,275000.0,284000.0,271000.0,271000.0,282282.0,-0.0163339382940108
2002-05-22 00:00:00,278000.0,280000.0,264500.0,279500.0,205212.0,0.0313653136531364
2002-05-23 00:00:00,279500.0,286500.0,276500.0,281500.0,334129.0,0.0071556350626118
2002-05-24 00:00:00,285000.0,292500.0,285000.0,292000.0,262316.0,0.0373001776198933
2002-05-27 00:00:00,292000.0,296000.0,282000.0,284000.0,203323.0,-0.0273972602739726
2002-05-28 00:00:00,289500.0,290000.0,283500.0,290000.0,164250.0,0.0211267605633802
2002-05-29 00:00:00,290000.0,290000.0,281000.0,290000.0,265091.0,0.0
2002-05-30 00:00:00,283000.0,284000.0,273500.0,275500.0,228935.0,-0.05
2002-05-31 00:00:00,271000.0,279000.0,269000.0,270500.0,181883.0,-0.0181488203266787
2002-06-03 00:00:00,272000.0,272500.0,264000.0,268500.0,106554.0,-0.0073937153419593
2002-06-04 00:00:00,263500.0,268500.0,261500.0,268500.0,147571.0,0.0
2002-06-05 00:00:00,265500.0,273500.0,264000.0,270000.0,150092.0,0.0055865921787709
2002-06-07 00:00:00,262500.0,264000.0,260000.0,261000.0,217286.0,-0.0333333333333333
2002-06-10 00:00:00,267000.0,272500.0,265000.0,267500.0,123578.0,0.0249042145593869
2002-06-11 00:00:00,268500.0,272500.0,266000.0,272500.0,116604.0,0.0186915887850467
2002-06-12 00:00:00,271000.0,276000.0,268000.0,276000.0,282342.0,0.0128440366972477
2002-06-14 00:00:00,274500.0,284500.0,274000.0,280000.0,162580.0,0.0144927536231884
2002-06-17 00:00:00,275000.0,281500.0,270000.0,270000.0,135669.0,-0.0357142857142857
2002-06-18 00:00:00,275000.0,277000.0,267500.0,270000.0,135020.0,0.0
2002-06-19 00:00:00,270000.0,273000.0,260000.0,262000.0,263240.0,-0.0296296296296296
2002-06-20 00:00:00,260000.0,265500.0,260000.0,263500.0,157202.0,0.0057251908396946
2002-06-21 00:00:00,260000.0,270000.0,259000.0,269000.0,139681.0,0.0208728652751422
2002-06-24 00:00:00,267000.0,269500.0,262500.0,267500.0,126493.0,-0.0055762081784386
2002-06-25 00:00:00,267000.0,270500.0,264000.0,267000.0,167932.0,-0.0018691588785046
2002-06-26 00:00:00,260000.0,262500.0,256000.0,256000.0,319798.0,-0.0411985018726591
2002-06-27 00:00:00,259000.0,267500.0,257000.0,260500.0,164563.0,0.017578125
2002-06-28 00:00:00,262500.0,273000.0,260000.0,269500.0,224610.0,0.0345489443378119
2002-07-02 00:00:00,266500.0,271000.0,265000.0,265000.0,209861.0,-0.0166975881261595
2002-07-03 00:00:00,261000.0,270500.0,260500.0,269500.0,182257.0,0.0169811320754718
2002-07-04 00:00:00,271000.0,272500.0,268500.0,272500.0,165352.0,0.0111317254174396
2002-07-05 00:00:00,272500.0,281500.0,271000.0,279500.0,245856.0,0.0256880733944953
2002-07-08 00:00:00,282000.0,282500.0,270000.0,272000.0,258580.0,-0.0268336314847942
2002-07-09 00:00:00,274000.0,277000.0,272000.0,276500.0,188941.0,0.0165441176470588
2002-07-10 00:00:00,276500.0,277000.0,271000.0,272500.0,145146.0,-0.0144665461121157
2002-07-11 00:00:00,266500.0,273000.0,265500.0,265500.0,222713.0,-0.0256880733944954
2002-07-12 00:00:00,272000.0,275500.0,267000.0,275000.0,195110.0,0.0357815442561204
2002-07-15 00:00:00,273000.0,279000.0,270000.0,273000.0,224761.0,-0.0072727272727273
2002-07-16 00:00:00,270000.0,271500.0,265000.0,265000.0,318148.0,-0.0293040293040293
2002-07-18 00:00:00,262000.0,269000.0,262000.0,265000.0,186344.0,0.0
2002-07-19 00:00:00,261000.0,261000.0,254000.0,255500.0,322593.0,-0.0358490566037735
2002-07-22 00:00:00,250000.0,253000.0,243000.0,245000.0,252890.0,-0.0410958904109589
2002-07-23 00:00:00,243000.0,249000.0,239000.0,249000.0,274890.0,0.0163265306122448
2002-07-24 00:00:00,241000.0,243500.0,238000.0,238500.0,467143.0,-0.0421686746987951
2002-07-25 00:00:00,249000.0,250000.0,238500.0,238500.0,862873.0,0.0
2002-07-26 00:00:00,230000.0,232000.0,217500.0,226000.0,1088619.0,-0.0524109014675052
2002-07-29 00:00:00,227000.0,234000.0,226000.0,229000.0,425719.0,0.0132743362831857
2002-07-30 00:00:00,236500.0,241000.0,234000.0,237000.0,427152.0,0.0349344978165939
2002-07-31 00:00:00,233000.0,236000.0,228500.0,231000.0,251981.0,-0.0253164556962025
2002-08-01 00:00:00,230000.0,232000.0,221500.0,225000.0,165164.0,-0.0259740259740259
2002-08-02 00:00:00,218000.0,222000.0,215500.0,218000.0,299287.0,-0.031111111111111
2002-08-05 00:00:00,211000.0,214000.0,206000.0,209500.0,320112.0,-0.0389908256880734
2002-08-06 00:00:00,202000.0,212000.0,202000.0,210500.0,284713.0,0.0047732696897375
2002-08-07 00:00:00,212500.0,216000.0,207000.0,209500.0,250915.0,-0.0047505938242279
2002-08-08 00:00:00,211500.0,215000.0,210000.0,214000.0,265775.0,0.0214797136038185
2002-08-09 00:00:00,220000.0,223000.0,215000.0,215500.0,219506.0,0.0070093457943924
2002-08-12 00:00:00,217500.0,224000.0,215500.0,220000.0,333754.0,0.0208816705336427
2002-08-13 00:00:00,219500.0,229500.0,219500.0,229000.0,268320.0,0.040909090909091
2002-08-14 00:00:00,227000.0,234500.0,225000.0,231000.0,208131.0,0.0087336244541484
2002-08-16 00:00:00,235000.0,236000.0,231500.0,233500.0,189101.0,0.0108225108225108
2002-08-19 00:00:00,234500.0,237500.0,229000.0,233000.0,138139.0,-0.0021413276231263
2002-08-20 00:00:00,237500.0,239500.0,235500.0,236000.0,287750.0,0.0128755364806867
2002-08-21 00:00:00,234000.0,238000.0,232500.0,234000.0,232381.0,-0.0084745762711864
2002-08-22 00:00:00,234000.0,239500.0,231000.0,236500.0,180955.0,0.0106837606837606
2002-08-23 00:00:00,239000.0,240500.0,235000.0,235000.0,154611.0,-0.0063424947145876
2002-08-26 00:00:00,231500.0,238500.0,231000.0,235000.0,114301.0,0.0
2002-08-27 00:00:00,235000.0,235000.0,228000.0,228000.0,235067.0,-0.0297872340425532
2002-08-28 00:00:00,228000.0,235000.0,228000.0,230000.0,157625.0,0.0087719298245614
2002-08-29 00:00:00,230000.0,231500.0,225500.0,231500.0,84048.0,0.0065217391304348
2002-08-30 00:00:00,231500.0,238000.0,229000.0,236500.0,210734.0,0.0215982721382288
2002-09-02 00:00:00,237500.0,244500.0,236500.0,244000.0,217181.0,0.0317124735729386
2002-09-03 00:00:00,243000.0,244500.0,237500.0,237500.0,143223.0,-0.026639344262295
2002-09-04 00:00:00,234500.0,235500.0,228000.0,231500.0,222679.0,-0.0252631578947368
2002-09-05 00:00:00,234000.0,234000.0,228500.0,229000.0,94196.0,-0.0107991360691144
2002-09-06 00:00:00,227000.0,230500.0,225000.0,226000.0,110124.0,-0.0131004366812227
2002-09-09 00:00:00,226000.0,231000.0,226000.0,228500.0,70361.0,0.0110619469026549
2002-09-10 00:00:00,229000.0,238500.0,229000.0,237500.0,187453.0,0.0393873085339169
2002-09-11 00:00:00,240000.0,240500.0,236500.0,240000.0,123661.0,0.0105263157894737
2002-09-12 00:00:00,240000.0,245000.0,237000.0,245000.0,226040.0,0.0208333333333332
2002-09-13 00:00:00,239000.0,241000.0,237500.0,238000.0,133420.0,-0.0285714285714285
2002-09-16 00:00:00,241000.0,241000.0,230000.0,232000.0,146000.0,-0.0252100840336134
2002-09-17 00:00:00,236000.0,241500.0,234000.0,240500.0,172140.0,0.0366379310344826
2002-09-18 00:00:00,231000.0,234000.0,229500.0,232500.0,285964.0,-0.0332640332640332
2002-09-19 00:00:00,231500.0,237500.0,231000.0,232000.0,140160.0,-0.0021505376344086
2002-09-23 00:00:00,227000.0,231000.0,225000.0,226500.0,134540.0,-0.023706896551724
2002-09-24 00:00:00,225000.0,232500.0,225000.0,230500.0,237103.0,0.0176600441501104
2002-09-25 00:00:00,229000.0,232000.0,223000.0,225000.0,138389.0,-0.0238611713665943
2002-09-26 00:00:00,229000.0,231000.0,225500.0,228000.0,169042.0,0.0133333333333334
2002-09-27 00:00:00,226000.0,235000.0,226000.0,235000.0,198390.0,0.0307017543859648
2002-09-30 00:00:00,234500.0,237000.0,230500.0,237000.0,166138.0,0.0085106382978723
2002-10-01 00:00:00,235500.0,241000.0,232000.0,240000.0,197776.0,0.0126582278481013
2002-10-02 00:00:00,244000.0,245000.0,237000.0,237000.0,118941.0,-0.0124999999999999
2002-10-04 00:00:00,239500.0,250500.0,239500.0,245500.0,252869.0,0.0358649789029534
2002-10-07 00:00:00,246500.0,246500.0,240000.0,242500.0,131836.0,-0.0122199592668024
2002-10-08 00:00:00,244000.0,250000.0,244000.0,249000.0,226320.0,0.0268041237113401
2002-10-09 00:00:00,251000.0,251000.0,243000.0,243500.0,220747.0,-0.0220883534136546
2002-10-10 00:00:00,239500.0,247000.0,231000.0,231000.0,327614.0,-0.0513347022587269
2002-10-11 00:00:00,240000.0,240000.0,225000.0,230000.0,206687.0,-0.0043290043290042
2002-10-14 00:00:00,237000.0,239000.0,232000.0,232000.0,135379.0,0.0086956521739129
2002-10-15 00:00:00,234500.0,242000.0,233000.0,239000.0,170267.0,0.0301724137931034
2002-10-16 00:00:00,239500.0,241500.0,235000.0,237000.0,277020.0,-0.0083682008368201
2002-10-17 00:00:00,232000.0,233000.0,224000.0,228000.0,548354.0,-0.0379746835443037
2002-10-18 00:00:00,230000.0,236500.0,230000.0,233500.0,776530.0,0.0241228070175438
2002-10-21 00:00:00,227500.0,228000.0,224000.0,224000.0,308946.0,-0.0406852248394004
2002-10-22 00:00:00,226000.0,226500.0,216000.0,220000.0,320918.0,-0.0178571428571429
2002-10-23 00:00:00,215500.0,223000.0,213500.0,220000.0,417604.0,0.0
2002-10-24 00:00:00,220000.0,225000.0,217000.0,223000.0,405352.0,0.0136363636363636
2002-10-25 00:00:00,219000.0,228500.0,219000.0,224000.0,291428.0,0.0044843049327354
2002-10-28 00:00:00,226000.0,229000.0,225000.0,227500.0,231763.0,0.015625
2002-10-29 00:00:00,223500.0,229500.0,221500.0,229000.0,367878.0,0.0065934065934065
2002-10-30 00:00:00,227000.0,227000.0,223000.0,224000.0,260058.0,-0.0218340611353712
2002-10-31 00:00:00,226000.0,228500.0,222500.0,225000.0,181541.0,0.0044642857142858
2002-11-01 00:00:00,222000.0,226500.0,220500.0,222500.0,199339.0,-0.011111111111111
2002-11-04 00:00:00,226500.0,229000.0,225500.0,225500.0,192983.0,0.0134831460674156
2002-11-05 00:00:00,223000.0,225500.0,220500.0,220500.0,191380.0,-0.0221729490022173
2002-11-06 00:00:00,222500.0,230000.0,222000.0,230000.0,259244.0,0.0430839002267573
2002-11-07 00:00:00,226500.0,236500.0,224000.0,231000.0,323809.0,0.0043478260869564
2002-11-08 00:00:00,227000.0,236500.0,227000.0,236500.0,281273.0,0.0238095238095237
2002-11-11 00:00:00,232000.0,232000.0,225500.0,226500.0,239003.0,-0.0422832980972516
2002-11-12 00:00:00,222000.0,229000.0,221500.0,226000.0,187770.0,-0.0022075055187638
2002-11-13 00:00:00,229000.0,229000.0,220000.0,224000.0,230845.0,-0.0088495575221239
2002-11-14 00:00:00,228500.0,232000.0,227000.0,229000.0,341163.0,0.0223214285714286
2002-11-15 00:00:00,239000.0,244000.0,235500.0,242000.0,342142.0,0.0567685589519649
2002-11-18 00:00:00,242000.0,244000.0,236000.0,238000.0,220506.0,-0.0165289256198346
2002-11-19 00:00:00,234000.0,236500.0,233500.0,235000.0,198339.0,-0.0126050420168066
2002-11-20 00:00:00,234000.0,244000.0,231500.0,241000.0,287352.0,0.025531914893617
2002-11-21 00:00:00,245000.0,250500.0,242500.0,243500.0,331596.0,0.0103734439834024
2002-11-22 00:00:00,248500.0,249000.0,245000.0,245000.0,210750.0,0.0061601642710471
2002-11-25 00:00:00,247000.0,255500.0,245500.0,252000.0,272759.0,0.0285714285714284
2002-11-26 00:00:00,253000.0,253000.0,245500.0,247000.0,208720.0,-0.0198412698412698
2002-11-27 00:00:00,241000.0,248500.0,241000.0,245000.0,146909.0,-0.0080971659919028
2002-11-28 00:00:00,248500.0,250500.0,245000.0,247500.0,224008.0,0.0102040816326529
2002-11-29 00:00:00,243500.0,250000.0,243500.0,248500.0,189080.0,0.004040404040404
2002-12-02 00:00:00,248500.0,250000.0,245000.0,248500.0,140425.0,0.0
2002-12-03 00:00:00,246500.0,254000.0,246000.0,250000.0,252903.0,0.0060362173038228
2002-12-04 00:00:00,248500.0,248500.0,246000.0,247000.0,239755.0,-0.012
2002-12-05 00:00:00,248500.0,254000.0,246000.0,251000.0,251944.0,0.0161943319838056
2002-12-06 00:00:00,251000.0,257500.0,249000.0,252500.0,193152.0,0.0059760956175298
2002-12-09 00:00:00,252500.0,255000.0,248000.0,248000.0,214125.0,-0.0178217821782178
2002-12-10 00:00:00,244500.0,249000.0,243000.0,247000.0,169174.0,-0.0040322580645161
2002-12-11 00:00:00,247500.0,248000.0,243500.0,244500.0,225837.0,-0.0101214574898785
2002-12-12 00:00:00,244000.0,246500.0,242500.0,246000.0,403885.0,0.0061349693251533
2002-12-13 00:00:00,242000.0,246000.0,240000.0,243000.0,217049.0,-0.0121951219512195
2002-12-16 00:00:00,237500.0,240000.0,236000.0,238000.0,185854.0,-0.0205761316872428
2002-12-17 00:00:00,240000.0,243000.0,240000.0,242000.0,111398.0,0.0168067226890755
2002-12-18 00:00:00,239500.0,245000.0,237500.0,243000.0,161897.0,0.0041322314049587
2002-12-20 00:00:00,240000.0,245000.0,239000.0,243500.0,151904.0,0.0020576131687242
2002-12-23 00:00:00,246500.0,248000.0,241000.0,243500.0,186642.0,0.0
2002-12-24 00:00:00,243000.0,244000.0,238500.0,240000.0,123651.0,-0.0143737166324435
2002-12-26 00:00:00,238500.0,240500.0,237000.0,239000.0,145174.0,-0.0041666666666666
2002-12-27 00:00:00,234000.0,238000.0,232000.0,233000.0,171876.0,-0.0251046025104602
2002-12-30 00:00:00,231500.0,233000.0,219500.0,229000.0,4674346.0,-0.0171673819742489
2003-01-02 00:00:00,230000.0,231000.0,224000.0,225000.0,177354.0,-0.0174672489082969
2003-01-03 00:00:00,228000.0,230500.0,225000.0,228000.0,372745.0,0.0133333333333334
2003-01-06 00:00:00,230000.0,231000.0,225500.0,231000.0,244372.0,0.013157894736842
2003-01-07 00:00:00,236000.0,236000.0,226000.0,226000.0,257536.0,-0.0216450216450216
2003-01-08 00:00:00,226500.0,230000.0,225000.0,227000.0,160886.0,0.0044247787610618
2003-01-09 00:00:00,224000.0,225000.0,219500.0,220000.0,355218.0,-0.0308370044052863
2003-01-10 00:00:00,224000.0,225000.0,216000.0,220000.0,4123655.0,0.0
2003-01-13 00:00:00,220000.0,227500.0,220000.0,227000.0,202872.0,0.0318181818181817
2003-01-14 00:00:00,229000.0,229000.0,224500.0,228000.0,164499.0,0.0044052863436123
2003-01-15 00:00:00,231000.0,236000.0,230500.0,235000.0,353088.0,0.0307017543859648
2003-01-16 00:00:00,231000.0,236000.0,229000.0,232500.0,156996.0,-0.0106382978723403
2003-01-17 00:00:00,227000.0,228500.0,222000.0,226000.0,345908.0,-0.0279569892473118
2003-01-20 00:00:00,226000.0,227000.0,222000.0,226000.0,130369.0,0.0
2003-01-21 00:00:00,227000.0,227500.0,221500.0,226000.0,135596.0,0.0
2003-01-22 00:00:00,225000.0,227000.0,215000.0,218000.0,285179.0,-0.0353982300884956
2003-01-23 00:00:00,198000.0,201500.0,185500.0,185500.0,2631595.0,-0.1490825688073395
2003-01-24 00:00:00,189000.0,191000.0,170000.0,178000.0,1337300.0,-0.0404312668463612
2003-01-27 00:00:00,174000.0,182000.0,172000.0,180500.0,775747.0,0.0140449438202248
2003-01-28 00:00:00,176500.0,180000.0,173500.0,180000.0,546098.0,-0.002770083102493
2003-01-29 00:00:00,177500.0,181500.0,172500.0,173000.0,740964.0,-0.0388888888888888
2003-01-30 00:00:00,175000.0,184000.0,175000.0,179000.0,710135.0,0.0346820809248555
2003-02-03 00:00:00,179000.0,184000.0,176500.0,183500.0,254524.0,0.0251396648044692
2003-02-04 00:00:00,184000.0,187000.0,180500.0,183500.0,598422.0,0.0
2003-02-05 00:00:00,182000.0,182500.0,179000.0,181500.0,233089.0,-0.0108991825613079
2003-02-06 00:00:00,182000.0,182500.0,165000.0,170500.0,808280.0,-0.0606060606060605
2003-02-07 00:00:00,167500.0,168500.0,157500.0,160500.0,1034631.0,-0.0586510263929618
2003-02-10 00:00:00,158500.0,164500.0,158500.0,161000.0,565861.0,0.0031152647975076
2003-02-11 00:00:00,161500.0,164000.0,157500.0,161000.0,628682.0,0.0
2003-02-12 00:00:00,159000.0,164500.0,159000.0,164500.0,262031.0,0.0217391304347827
2003-02-13 00:00:00,164500.0,165500.0,160500.0,162500.0,303176.0,-0.0121580547112462
2003-02-14 00:00:00,161000.0,165000.0,158500.0,163000.0,257036.0,0.0030769230769229
2003-02-17 00:00:00,170000.0,176000.0,167500.0,176000.0,394008.0,0.0797546012269938
2003-02-18 00:00:00,171000.0,172000.0,167000.0,171000.0,426509.0,-0.0284090909090909
2003-02-19 00:00:00,174000.0,174500.0,170500.0,172000.0,438657.0,0.0058479532163742
2003-02-20 00:00:00,170000.0,172000.0,169500.0,171500.0,234530.0,-0.002906976744186
2003-02-21 00:00:00,170000.0,171000.0,163000.0,167000.0,360374.0,-0.0262390670553935
2003-02-24 00:00:00,167000.0,175500.0,167000.0,174000.0,489194.0,0.0419161676646706
2003-02-25 00:00:00,171000.0,172500.0,169000.0,169000.0,239875.0,-0.028735632183908
2003-02-26 00:00:00,172500.0,174500.0,169500.0,172000.0,291888.0,0.0177514792899409
2003-02-27 00:00:00,167000.0,170000.0,166500.0,167000.0,302715.0,-0.0290697674418605
2003-02-28 00:00:00,168000.0,169000.0,164000.0,165000.0,211654.0,-0.0119760479041916
2003-03-03 00:00:00,165500.0,170000.0,165000.0,169500.0,203690.0,0.0272727272727273
2003-03-04 00:00:00,166500.0,168500.0,164000.0,167000.0,147687.0,-0.0147492625368731
2003-03-05 00:00:00,165000.0,166500.0,162500.0,162500.0,276203.0,-0.0269461077844311
2003-03-06 00:00:00,163500.0,165500.0,161500.0,163000.0,181316.0,0.0030769230769229
2003-03-07 00:00:00,162000.0,163000.0,159000.0,161000.0,245046.0,-0.0122699386503067
2003-03-10 00:00:00,160000.0,163000.0,159000.0,163000.0,151980.0,0.0124223602484472
2003-03-11 00:00:00,156500.0,160000.0,141000.0,143000.0,876434.0,-0.1226993865030674
2003-03-12 00:00:00,135000.0,148500.0,131000.0,142500.0,1463537.0,-0.0034965034965035
2003-03-13 00:00:00,144000.0,150500.0,141500.0,149000.0,962120.0,0.0456140350877192
2003-03-14 00:00:00,155000.0,156000.0,146500.0,148000.0,478066.0,-0.0067114093959731
2003-03-17 00:00:00,143000.0,145500.0,140000.0,142000.0,304554.0,-0.0405405405405405
2003-03-18 00:00:00,147000.0,152500.0,144500.0,148500.0,392642.0,0.0457746478873239
2003-03-19 00:00:00,148500.0,155000.0,148500.0,155000.0,336063.0,0.0437710437710436
2003-03-20 00:00:00,158000.0,160000.0,155500.0,159500.0,410334.0,0.0290322580645161
2003-03-21 00:00:00,160000.0,162000.0,157000.0,161500.0,309002.0,0.0125391849529781
2003-03-24 00:00:00,160500.0,162500.0,156500.0,159000.0,333778.0,-0.0154798761609906
2003-03-25 00:00:00,152000.0,155000.0,152000.0,154000.0,205278.0,-0.0314465408805031
2003-03-26 00:00:00,155500.0,158000.0,154500.0,154500.0,286848.0,0.0032467532467532
2003-03-27 00:00:00,151500.0,156000.0,151500.0,155000.0,150064.0,0.0032362459546926
2003-03-28 00:00:00,155000.0,156500.0,152500.0,156500.0,199706.0,0.0096774193548387
2003-03-31 00:00:00,153000.0,156000.0,152500.0,153000.0,363539.0,-0.0223642172523961
2003-04-01 00:00:00,152000.0,159500.0,151500.0,158500.0,210590.0,0.0359477124183007
2003-04-02 00:00:00,158500.0,164500.0,157000.0,163500.0,323209.0,0.0315457413249211
2003-04-03 00:00:00,168000.0,169000.0,162000.0,164000.0,246781.0,0.0030581039755349
2003-04-04 00:00:00,162000.0,170000.0,161500.0,169000.0,304311.0,0.0304878048780488
2003-04-07 00:00:00,171000.0,179500.0,169000.0,177500.0,445430.0,0.0502958579881656
2003-04-08 00:00:00,175500.0,181500.0,173500.0,179500.0,329240.0,0.0112676056338028
2003-04-09 00:00:00,175500.0,177000.0,168000.0,169000.0,248702.0,-0.0584958217270195
2003-04-10 00:00:00,169000.0,171500.0,167500.0,169500.0,337462.0,0.0029585798816567
2003-04-11 00:00:00,171500.0,177500.0,168000.0,173000.0,370422.0,0.0206489675516223
2003-04-14 00:00:00,174000.0,190000.0,174000.0,184000.0,626520.0,0.0635838150289016
2003-04-15 00:00:00,190000.0,190000.0,182500.0,188000.0,365998.0,0.0217391304347827
2003-04-16 00:00:00,192500.0,193000.0,188000.0,188000.0,290137.0,0.0
2003-04-17 00:00:00,185000.0,187000.0,184500.0,185000.0,167082.0,-0.0159574468085106
2003-04-18 00:00:00,183000.0,186000.0,177000.0,185000.0,337228.0,0.0
2003-04-21 00:00:00,180000.0,185000.0,179000.0,181000.0,245076.0,-0.0216216216216216
2003-04-22 00:00:00,178000.0,178000.0,172500.0,174000.0,274545.0,-0.0386740331491712
2003-04-23 00:00:00,174000.0,176000.0,168500.0,170000.0,290392.0,-0.0229885057471264
2003-04-24 00:00:00,168000.0,171000.0,161500.0,163500.0,276025.0,-0.038235294117647
2003-04-25 00:00:00,160000.0,161000.0,155000.0,158000.0,452240.0,-0.0336391437308868
2003-04-28 00:00:00,154000.0,160000.0,153000.0,157500.0,256218.0,-0.0031645569620253
2003-04-29 00:00:00,161500.0,172500.0,161500.0,171000.0,429838.0,0.0857142857142856
2003-04-30 00:00:00,171500.0,173000.0,165500.0,169000.0,324854.0,-0.0116959064327485
2003-05-02 00:00:00,167500.0,171000.0,162500.0,167000.0,287895.0,-0.0118343195266271
2003-05-06 00:00:00,171000.0,178000.0,170500.0,176000.0,419705.0,0.0538922155688623
2003-05-07 00:00:00,183500.0,188500.0,182000.0,184000.0,645376.0,0.0454545454545454
2003-05-09 00:00:00,180000.0,182500.0,177000.0,180000.0,286789.0,-0.0217391304347825
2003-05-12 00:00:00,185500.0,187000.0,180500.0,180500.0,310751.0,0.0027777777777777
2003-05-13 00:00:00,178500.0,180500.0,173000.0,173500.0,203179.0,-0.038781163434903
2003-05-14 00:00:00,173500.0,177500.0,171500.0,175000.0,173874.0,0.0086455331412103
2003-05-15 00:00:00,175500.0,177500.0,171000.0,177000.0,163823.0,0.0114285714285713
2003-05-16 00:00:00,178000.0,182500.0,177000.0,179500.0,244417.0,0.0141242937853107
2003-05-19 00:00:00,174500.0,175500.0,172500.0,175000.0,233092.0,-0.0250696378830083
2003-05-20 00:00:00,171000.0,173000.0,168500.0,172500.0,272014.0,-0.0142857142857142
2003-05-21 00:00:00,172500.0,176000.0,172500.0,175500.0,178367.0,0.0173913043478259
2003-05-22 00:00:00,177500.0,180000.0,174000.0,177500.0,230605.0,0.0113960113960114
2003-05-23 00:00:00,180000.0,181000.0,177500.0,180000.0,153248.0,0.0140845070422535
2003-05-26 00:00:00,179000.0,182000.0,176000.0,180000.0,205563.0,0.0
2003-05-27 00:00:00,178000.0,180000.0,174500.0,176500.0,151808.0,-0.0194444444444444
2003-05-28 00:00:00,180000.0,182000.0,177000.0,180500.0,243506.0,0.0226628895184135
2003-05-29 00:00:00,185000.0,191500.0,184500.0,186000.0,414611.0,0.0304709141274237
2003-05-30 00:00:00,188000.0,190000.0,184000.0,190000.0,210594.0,0.021505376344086
2003-06-02 00:00:00,193000.0,193500.0,188000.0,191000.0,220667.0,0.0052631578947368
2003-06-03 00:00:00,187500.0,187500.0,183000.0,185000.0,190358.0,-0.031413612565445
2003-06-04 00:00:00,184000.0,185000.0,176000.0,180000.0,288619.0,-0.0270270270270269
2003-06-05 00:00:00,183500.0,183500.0,178000.0,179000.0,273573.0,-0.0055555555555555
2003-06-09 00:00:00,182000.0,182000.0,177000.0,180000.0,181171.0,0.0055865921787709
2003-06-10 00:00:00,179000.0,182500.0,177500.0,180500.0,146416.0,0.0027777777777777
2003-06-11 00:00:00,180500.0,187500.0,180500.0,184000.0,209544.0,0.0193905817174515
2003-06-12 00:00:00,188500.0,190000.0,186500.0,188500.0,467758.0,0.0244565217391303
2003-06-13 00:00:00,191500.0,208000.0,190500.0,199000.0,673250.0,0.0557029177718833
2003-06-16 00:00:00,192000.0,194500.0,189000.0,194500.0,296288.0,-0.0226130653266332
2003-06-17 00:00:00,200000.0,201000.0,197000.0,198000.0,456776.0,0.0179948586118252
2003-06-18 00:00:00,198500.0,204000.0,197000.0,200000.0,323623.0,0.0101010101010101
2003-06-19 00:00:00,201000.0,211000.0,200000.0,210000.0,486133.0,0.05
2003-06-20 00:00:00,206000.0,207500.0,202000.0,204500.0,255672.0,-0.0261904761904762
2003-06-23 00:00:00,203500.0,208000.0,203000.0,205000.0,307759.0,0.0024449877750611
2003-06-24 00:00:00,200500.0,203000.0,200000.0,203000.0,207016.0,-0.0097560975609756
2003-06-25 00:00:00,209000.0,210000.0,206500.0,207500.0,307706.0,0.022167487684729
2003-06-26 00:00:00,207500.0,209500.0,206500.0,207000.0,171680.0,-0.0024096385542168
2003-06-27 00:00:00,208000.0,209000.0,203000.0,206500.0,295579.0,-0.002415458937198
2003-06-30 00:00:00,207000.0,207500.0,203000.0,204000.0,257997.0,-0.0121065375302663
2003-07-01 00:00:00,204000.0,204000.0,200000.0,201500.0,264511.0,-0.0122549019607842
2003-07-02 00:00:00,203500.0,204000.0,201500.0,201500.0,230936.0,0.0
2003-07-03 00:00:00,203500.0,205000.0,201500.0,202000.0,290576.0,0.0024813895781636
2003-07-04 00:00:00,202000.0,204500.0,201000.0,203500.0,215310.0,0.0074257425742574
2003-07-07 00:00:00,204000.0,206500.0,204000.0,205500.0,179311.0,0.0098280098280099
2003-07-08 00:00:00,207000.0,207500.0,200500.0,202000.0,343973.0,-0.0170316301703162
2003-07-09 00:00:00,203000.0,204000.0,202000.0,203000.0,186731.0,0.0049504950495049
2003-07-10 00:00:00,203000.0,208000.0,203000.0,205000.0,321955.0,0.0098522167487684
2003-07-11 00:00:00,205000.0,214000.0,203500.0,213000.0,560914.0,0.0390243902439024
2003-07-14 00:00:00,216000.0,218000.0,214000.0,216000.0,324463.0,0.0140845070422535
2003-07-15 00:00:00,217000.0,218000.0,216000.0,216000.0,289903.0,0.0
2003-07-16 00:00:00,216500.0,217500.0,214000.0,216000.0,348210.0,0.0
2003-07-18 00:00:00,215000.0,215000.0,208500.0,208500.0,371505.0,-0.0347222222222222
2003-07-21 00:00:00,209000.0,210000.0,208500.0,208500.0,144930.0,0.0
2003-07-22 00:00:00,209000.0,210000.0,208500.0,209000.0,155763.0,0.0023980815347721
2003-07-23 00:00:00,200500.0,200500.0,183500.0,192000.0,1168440.0,-0.0813397129186602
2003-07-24 00:00:00,192000.0,199500.0,192000.0,195500.0,363229.0,0.0182291666666667
2003-07-25 00:00:00,195500.0,198000.0,192500.0,192500.0,434404.0,-0.0153452685421995
2003-07-28 00:00:00,195000.0,202000.0,195000.0,202000.0,297535.0,0.0493506493506492
2003-07-29 00:00:00,202500.0,203500.0,202000.0,203000.0,277547.0,0.0049504950495049
2003-07-30 00:00:00,203000.0,204000.0,201000.0,201500.0,353670.0,-0.0073891625615764
2003-07-31 00:00:00,205000.0,206000.0,202000.0,205000.0,139049.0,0.0173697270471464
2003-08-01 00:00:00,206500.0,214500.0,206000.0,211000.0,264807.0,0.0292682926829268
2003-08-04 00:00:00,211000.0,211500.0,209000.0,210000.0,299456.0,-0.004739336492891
2003-08-05 00:00:00,210000.0,211500.0,210000.0,210000.0,171838.0,0.0
2003-08-06 00:00:00,208500.0,208500.0,203500.0,205000.0,361333.0,-0.0238095238095238
2003-08-07 00:00:00,205000.0,206000.0,205000.0,206000.0,96455.0,0.0048780487804878
2003-08-08 00:00:00,206000.0,206500.0,202000.0,202000.0,265831.0,-0.0194174757281553
2003-08-11 00:00:00,202000.0,203500.0,200000.0,203000.0,202398.0,0.0049504950495049
2003-08-12 00:00:00,203500.0,203500.0,199000.0,199000.0,118209.0,-0.0197044334975369
2003-08-13 00:00:00,196000.0,197000.0,193000.0,193000.0,318389.0,-0.0301507537688442
2003-08-14 00:00:00,193500.0,194500.0,191500.0,194500.0,313390.0,0.0077720207253886
2003-08-18 00:00:00,195500.0,199500.0,193500.0,196500.0,207986.0,0.0102827763496144
2003-08-19 00:00:00,200500.0,201500.0,198500.0,200500.0,210250.0,0.020356234096692
2003-08-20 00:00:00,202000.0,202000.0,196500.0,197500.0,224527.0,-0.0149625935162094
2003-08-21 00:00:00,198000.0,198500.0,193500.0,195000.0,361173.0,-0.0126582278481012
2003-08-22 00:00:00,196000.0,196500.0,188000.0,189000.0,490833.0,-0.0307692307692307
2003-08-25 00:00:00,189000.0,194500.0,188500.0,190000.0,297165.0,0.0052910052910053
2003-08-26 00:00:00,189000.0,192500.0,189000.0,191000.0,116387.0,0.0052631578947368
2003-08-27 00:00:00,192000.0,199000.0,192000.0,199000.0,310639.0,0.0418848167539267
2003-08-28 00:00:00,199000.0,200500.0,196000.0,199000.0,179162.0,0.0
2003-08-29 00:00:00,199000.0,204000.0,197000.0,201000.0,225785.0,0.0100502512562814
2003-09-01 00:00:00,198000.0,201000.0,194500.0,198000.0,187941.0,-0.0149253731343284
2003-09-02 00:00:00,198000.0,199500.0,196000.0,199000.0,142296.0,0.0050505050505049
2003-09-03 00:00:00,200000.0,200500.0,197500.0,200000.0,181434.0,0.0050251256281406
2003-09-04 00:00:00,200000.0,200000.0,194500.0,195000.0,205451.0,-0.025
2003-09-05 00:00:00,195500.0,196000.0,190500.0,191500.0,227778.0,-0.0179487179487179
2003-09-08 00:00:00,190500.0,192500.0,189500.0,189500.0,113182.0,-0.010443864229765
2003-09-09 00:00:00,189000.0,191500.0,188000.0,188500.0,319916.0,-0.0052770448548812
2003-09-15 00:00:00,189500.0,196000.0,188500.0,193000.0,365871.0,0.0238726790450929
2003-09-16 00:00:00,194000.0,201000.0,194000.0,200000.0,354799.0,0.0362694300518133
2003-09-17 00:00:00,202000.0,203500.0,200000.0,202000.0,253810.0,0.01
2003-09-18 00:00:00,203500.0,204000.0,198500.0,200000.0,206330.0,-0.0099009900990099
2003-09-19 00:00:00,202000.0,202000.0,193500.0,199500.0,178104.0,-0.0024999999999999
2003-09-22 00:00:00,197000.0,199000.0,192000.0,192000.0,196341.0,-0.037593984962406
2003-09-23 00:00:00,192000.0,195500.0,192000.0,192500.0,147538.0,0.0026041666666667
2003-09-24 00:00:00,192500.0,194000.0,190500.0,192000.0,170019.0,-0.0025974025974025
2003-09-25 00:00:00,190000.0,190000.0,184500.0,186500.0,219794.0,-0.0286458333333333
2003-09-26 00:00:00,184000.0,187500.0,183000.0,183000.0,162230.0,-0.0187667560321715
2003-09-29 00:00:00,183000.0,189000.0,182000.0,187000.0,164344.0,0.0218579234972677
2003-09-30 00:00:00,187500.0,189500.0,184000.0,184000.0,241052.0,-0.016042780748663
2003-10-01 00:00:00,184000.0,187000.0,182500.0,186500.0,157688.0,0.0135869565217389
2003-10-02 00:00:00,189000.0,189000.0,185000.0,186000.0,200078.0,-0.002680965147453
2003-10-06 00:00:00,186000.0,190000.0,185500.0,189000.0,248213.0,0.0161290322580645
2003-10-07 00:00:00,188500.0,190500.0,187000.0,190000.0,210980.0,0.0052910052910053
2003-10-08 00:00:00,190000.0,190500.0,186000.0,187000.0,143034.0,-0.0157894736842105
2003-10-09 00:00:00,187000.0,189000.0,185500.0,188500.0,242297.0,0.0080213903743315
2003-10-10 00:00:00,186500.0,188500.0,185500.0,188500.0,337772.0,0.0
2003-10-13 00:00:00,191000.0,200500.0,189000.0,200000.0,442984.0,0.0610079575596818
2003-10-14 00:00:00,199000.0,204500.0,198000.0,203500.0,378529.0,0.0175
2003-10-15 00:00:00,202000.0,205500.0,200500.0,204000.0,271754.0,0.0024570024570025
2003-10-16 00:00:00,204500.0,205000.0,200000.0,205000.0,291051.0,0.0049019607843137
2003-10-17 00:00:00,205000.0,206000.0,199000.0,199000.0,235242.0,-0.0292682926829268
2003-10-20 00:00:00,200000.0,204000.0,197500.0,202000.0,214447.0,0.015075376884422
2003-10-21 00:00:00,202000.0,213000.0,202000.0,209500.0,398504.0,0.0371287128712871
2003-10-22 00:00:00,210000.0,213500.0,207000.0,210500.0,252260.0,0.0047732696897375
2003-10-23 00:00:00,208000.0,211000.0,203000.0,208000.0,308901.0,-0.0118764845605701
2003-10-24 00:00:00,208000.0,208000.0,205000.0,207000.0,160520.0,-0.0048076923076922
2003-10-27 00:00:00,207000.0,212000.0,205500.0,212000.0,223691.0,0.0241545893719807
2003-10-28 00:00:00,209500.0,215000.0,207500.0,207500.0,319731.0,-0.0212264150943396
2003-10-29 00:00:00,211500.0,215500.0,209000.0,211000.0,278388.0,0.0168674698795181
2003-10-30 00:00:00,214000.0,214000.0,209500.0,212500.0,175520.0,0.0071090047393365
2003-10-31 00:00:00,211000.0,212000.0,206000.0,209000.0,118221.0,-0.0164705882352941
2003-11-03 00:00:00,209000.0,213500.0,206500.0,208000.0,177746.0,-0.0047846889952153
2003-11-04 00:00:00,210000.0,210500.0,203500.0,205500.0,300213.0,-0.0120192307692307
2003-11-05 00:00:00,204000.0,204500.0,198500.0,198500.0,354451.0,-0.0340632603406325
2003-11-06 00:00:00,199000.0,201500.0,198000.0,198000.0,304913.0,-0.0025188916876573
2003-11-07 00:00:00,200000.0,206500.0,199000.0,203500.0,258167.0,0.0277777777777776
2003-11-10 00:00:00,202000.0,203000.0,198000.0,200000.0,201282.0,-0.0171990171990171
2003-11-11 00:00:00,196000.0,196500.0,193000.0,194000.0,184955.0,-0.03
2003-11-12 00:00:00,193000.0,196500.0,193000.0,195000.0,121430.0,0.0051546391752577
2003-11-13 00:00:00,197500.0,199000.0,196000.0,199000.0,295743.0,0.0205128205128204
2003-11-14 00:00:00,199000.0,199000.0,195500.0,196000.0,266945.0,-0.015075376884422
2003-11-17 00:00:00,194000.0,195000.0,190500.0,190500.0,317756.0,-0.0280612244897958
2003-11-18 00:00:00,191500.0,194000.0,190000.0,191000.0,227432.0,0.0026246719160105
2003-11-19 00:00:00,189000.0,189500.0,185000.0,187000.0,378390.0,-0.0209424083769633
2003-11-20 00:00:00,187000.0,189000.0,185500.0,188000.0,198919.0,0.0053475935828877
2003-11-21 00:00:00,185000.0,187000.0,184500.0,185000.0,227518.0,-0.0159574468085106
2003-11-24 00:00:00,185500.0,188000.0,185000.0,187500.0,273510.0,0.0135135135135135
2003-11-25 00:00:00,192000.0,194500.0,191000.0,193000.0,243084.0,0.0293333333333334
2003-11-26 00:00:00,194500.0,194500.0,191500.0,192000.0,162080.0,-0.005181347150259
2003-11-27 00:00:00,191000.0,193000.0,188500.0,189500.0,169434.0,-0.0130208333333333
2003-11-28 00:00:00,189000.0,195000.0,189000.0,194000.0,237960.0,0.0237467018469657
2003-12-01 00:00:00,194500.0,194500.0,190000.0,193000.0,158193.0,-0.0051546391752577
2003-12-02 00:00:00,195000.0,195000.0,192000.0,192000.0,191179.0,-0.005181347150259
2003-12-03 00:00:00,192000.0,194500.0,190000.0,192500.0,182478.0,0.0026041666666667
2003-12-04 00:00:00,192500.0,194000.0,190000.0,192000.0,240307.0,-0.0025974025974025
2003-12-05 00:00:00,193000.0,196000.0,190500.0,192500.0,230533.0,0.0026041666666667
2003-12-08 00:00:00,191000.0,193000.0,190000.0,191500.0,147154.0,-0.0051948051948051
2003-12-09 00:00:00,193000.0,194000.0,191000.0,191500.0,152647.0,0.0
2003-12-10 00:00:00,189000.0,190000.0,187000.0,189000.0,273706.0,-0.0130548302872062
2003-12-11 00:00:00,191000.0,192000.0,187500.0,188000.0,455812.0,-0.0052910052910053
2003-12-12 00:00:00,190000.0,196000.0,189500.0,196000.0,369940.0,0.0425531914893617
2003-12-15 00:00:00,197000.0,199500.0,196500.0,198000.0,351583.0,0.0102040816326529
2003-12-16 00:00:00,194000.0,195000.0,191000.0,191000.0,198200.0,-0.0353535353535353
2003-12-17 00:00:00,196000.0,196500.0,192000.0,192000.0,252028.0,0.0052356020942407
2003-12-18 00:00:00,193000.0,199000.0,191000.0,198500.0,343486.0,0.0338541666666667
2003-12-19 00:00:00,201000.0,206000.0,200000.0,205500.0,358748.0,0.035264483627204
2003-12-22 00:00:00,204000.0,206500.0,202500.0,204000.0,184401.0,-0.0072992700729926
2003-12-23 00:00:00,204500.0,209000.0,204000.0,208000.0,204535.0,0.0196078431372548
2003-12-24 00:00:00,210000.0,210000.0,202500.0,202500.0,195100.0,-0.0264423076923077
2003-12-26 00:00:00,203500.0,204000.0,198000.0,199000.0,241201.0,-0.0172839506172839
2003-12-29 00:00:00,193500.0,199500.0,193500.0,195500.0,183628.0,-0.0175879396984924
2003-12-30 00:00:00,198000.0,199500.0,196500.0,199000.0,155353.0,0.0179028132992327
2004-01-02 00:00:00,199000.0,210500.0,198000.0,210000.0,254690.0,0.0552763819095476
2004-01-05 00:00:00,208500.0,209000.0,204000.0,208500.0,194523.0,-0.0071428571428571
2004-01-06 00:00:00,208000.0,210000.0,205000.0,207500.0,221948.0,-0.0047961630695443
2004-01-07 00:00:00,208000.0,217500.0,208000.0,217500.0,311356.0,0.0481927710843372
2004-01-08 00:00:00,220000.0,238000.0,220000.0,227000.0,977474.0,0.0436781609195402
2004-01-09 00:00:00,232000.0,236000.0,219500.0,223000.0,796777.0,-0.0176211453744493
2004-01-12 00:00:00,224000.0,229000.0,220500.0,227000.0,454804.0,0.0179372197309417
2004-01-13 00:00:00,225000.0,225000.0,220500.0,224000.0,223513.0,-0.0132158590308369
2004-01-14 00:00:00,224000.0,228500.0,223000.0,223000.0,222462.0,-0.0044642857142856
2004-01-15 00:00:00,221000.0,222000.0,218500.0,220500.0,234261.0,-0.0112107623318385
2004-01-16 00:00:00,219500.0,220500.0,214000.0,216000.0,211775.0,-0.0204081632653061
2004-01-19 00:00:00,218500.0,220500.0,216000.0,219000.0,166430.0,0.0138888888888888
2004-01-20 00:00:00,212000.0,220000.0,212000.0,215500.0,183668.0,-0.0159817351598173
2004-01-26 00:00:00,218000.0,226000.0,218000.0,222000.0,554747.0,0.0301624129930393
2004-01-27 00:00:00,220500.0,229000.0,218000.0,226500.0,346028.0,0.0202702702702701
2004-01-28 00:00:00,222500.0,224000.0,214500.0,214500.0,734787.0,-0.0529801324503311
2004-01-29 00:00:00,212000.0,216500.0,210500.0,214500.0,304296.0,0.0
2004-01-30 00:00:00,214500.0,219000.0,214000.0,217500.0,406564.0,0.0139860139860139
2004-02-02 00:00:00,221000.0,221500.0,216500.0,220000.0,134290.0,0.0114942528735633
2004-02-03 00:00:00,217000.0,220000.0,217000.0,218500.0,198425.0,-0.0068181818181818
2004-02-04 00:00:00,219500.0,221500.0,215500.0,215500.0,89099.0,-0.0137299771167047
2004-02-05 00:00:00,220000.0,220000.0,216500.0,218000.0,170024.0,0.0116009280742459
2004-02-06 00:00:00,215000.0,216500.0,211500.0,212000.0,205199.0,-0.0275229357798164
2004-02-09 00:00:00,212500.0,215000.0,211000.0,213000.0,171889.0,0.0047169811320755
2004-02-10 00:00:00,213000.0,214500.0,211500.0,214500.0,162286.0,0.0070422535211267
2004-02-11 00:00:00,214000.0,221500.0,214000.0,221500.0,239442.0,0.0326340326340326
2004-02-12 00:00:00,220000.0,225000.0,218500.0,225000.0,272915.0,0.0158013544018058
2004-02-13 00:00:00,224500.0,224500.0,219000.0,219500.0,222664.0,-0.0244444444444444
2004-02-16 00:00:00,219500.0,220000.0,217500.0,217500.0,123455.0,-0.0091116173120728
2004-02-17 00:00:00,219500.0,219500.0,215000.0,215000.0,88584.0,-0.0114942528735632
2004-02-18 00:00:00,215000.0,218000.0,214500.0,217000.0,156119.0,0.0093023255813953
2004-02-19 00:00:00,219500.0,220000.0,217500.0,218500.0,104191.0,0.0069124423963133
2004-02-20 00:00:00,218500.0,218500.0,215000.0,215500.0,108377.0,-0.0137299771167047
2004-02-23 00:00:00,218000.0,218500.0,214500.0,218000.0,117558.0,0.0116009280742459
2004-02-24 00:00:00,218000.0,219000.0,215000.0,215000.0,132651.0,-0.0137614678899082
2004-02-25 00:00:00,223000.0,231000.0,222000.0,225000.0,314721.0,0.0465116279069768
2004-02-26 00:00:00,226000.0,231000.0,226000.0,228000.0,230638.0,0.0133333333333334
2004-02-27 00:00:00,230500.0,238000.0,228000.0,238000.0,200097.0,0.0438596491228069
2004-03-02 00:00:00,236000.0,239500.0,234000.0,238500.0,214205.0,0.0021008403361344
2004-03-03 00:00:00,237500.0,238000.0,229000.0,232000.0,202364.0,-0.0272536687631027
2004-03-04 00:00:00,230500.0,234000.0,228000.0,233000.0,228585.0,0.0043103448275862
2004-03-05 00:00:00,228000.0,231000.0,228000.0,228000.0,183218.0,-0.0214592274678111
2004-03-08 00:00:00,236000.0,236000.0,228000.0,228000.0,222039.0,0.0
2004-03-09 00:00:00,227000.0,231000.0,224500.0,230000.0,228112.0,0.0087719298245614
2004-03-10 00:00:00,225000.0,231000.0,225000.0,229000.0,250813.0,-0.0043478260869564
2004-03-11 00:00:00,228500.0,229500.0,221000.0,221000.0,439878.0,-0.0349344978165938
2004-03-12 00:00:00,221000.0,221000.0,211000.0,215500.0,325169.0,-0.0248868778280543
2004-03-15 00:00:00,218000.0,221500.0,217000.0,219000.0,143018.0,0.0162412993039442
2004-03-16 00:00:00,217500.0,221000.0,217500.0,221000.0,123444.0,0.0091324200913243
2004-03-17 00:00:00,220000.0,223500.0,218500.0,221000.0,180684.0,0.0
2004-03-18 00:00:00,222000.0,223000.0,217000.0,220000.0,197633.0,-0.004524886877828
2004-03-19 00:00:00,219000.0,219000.0,213500.0,215500.0,221229.0,-0.0204545454545455
2004-03-22 00:00:00,214000.0,214500.0,208500.0,212000.0,195930.0,-0.0162412993039443
2004-03-23 00:00:00,210000.0,214500.0,208500.0,211500.0,137663.0,-0.0023584905660377
2004-03-24 00:00:00,209000.0,212000.0,206500.0,212000.0,151798.0,0.0023640661938533
2004-03-25 00:00:00,212000.0,214000.0,209000.0,211500.0,154050.0,-0.0023584905660377
2004-03-26 00:00:00,211500.0,217000.0,211500.0,212500.0,154271.0,0.0047281323877068
2004-03-29 00:00:00,213500.0,216500.0,212000.0,214000.0,80310.0,0.0070588235294117
2004-03-30 00:00:00,214000.0,214500.0,210500.0,210500.0,118326.0,-0.0163551401869158
2004-03-31 00:00:00,214500.0,216500.0,211000.0,214500.0,225406.0,0.0190023752969121
2004-04-01 00:00:00,212500.0,213500.0,211000.0,213000.0,96526.0,-0.0069930069930069
2004-04-02 00:00:00,211500.0,213500.0,210000.0,210000.0,143518.0,-0.0140845070422535
2004-04-06 00:00:00,211000.0,212500.0,206500.0,207000.0,369282.0,-0.0142857142857142
2004-04-07 00:00:00,208000.0,211000.0,205000.0,208500.0,264795.0,0.0072463768115942
2004-04-08 00:00:00,208500.0,209000.0,206000.0,206500.0,265259.0,-0.0095923261390887
2004-04-09 00:00:00,206000.0,206500.0,201500.0,201500.0,187658.0,-0.0242130750605327
2004-04-12 00:00:00,202500.0,205500.0,201000.0,201500.0,197513.0,0.0
2004-04-13 00:00:00,202000.0,203500.0,200000.0,200000.0,162426.0,-0.0074441687344912
2004-04-14 00:00:00,197500.0,202000.0,197000.0,201000.0,230154.0,0.0049999999999998
2004-04-16 00:00:00,197500.0,200000.0,195000.0,199000.0,174877.0,-0.0099502487562188
2004-04-19 00:00:00,200000.0,201000.0,196500.0,201000.0,153592.0,0.0100502512562814
2004-04-20 00:00:00,202500.0,203500.0,200000.0,201000.0,159428.0,0.0
2004-04-21 00:00:00,199500.0,205500.0,199000.0,205500.0,197863.0,0.0223880597014924
2004-04-22 00:00:00,203500.0,204500.0,200000.0,201500.0,138050.0,-0.0194647201946471
2004-04-23 00:00:00,203500.0,204500.0,200000.0,204000.0,186968.0,0.0124069478908188
2004-04-26 00:00:00,202000.0,202500.0,199000.0,202000.0,163184.0,-0.0098039215686274
2004-04-27 00:00:00,201000.0,202500.0,199500.0,200500.0,107941.0,-0.0074257425742574
2004-04-28 00:00:00,200000.0,201000.0,195500.0,195500.0,195828.0,-0.0249376558603491
2004-04-29 00:00:00,190000.0,198500.0,190000.0,197000.0,288502.0,0.0076726342710997
2004-04-30 00:00:00,199000.0,200000.0,192000.0,200000.0,392218.0,0.015228426395939
2004-05-03 00:00:00,199000.0,202000.0,196000.0,202000.0,198860.0,0.01
2004-05-04 00:00:00,201500.0,201500.0,199000.0,200000.0,190488.0,-0.0099009900990099
2004-05-06 00:00:00,201000.0,203500.0,197500.0,201000.0,198546.0,0.0049999999999998
2004-05-07 00:00:00,203000.0,207000.0,201000.0,206500.0,272585.0,0.027363184079602
2004-05-10 00:00:00,206000.0,206000.0,185000.0,199500.0,182651.0,-0.0338983050847457
2004-05-11 00:00:00,195500.0,197500.0,190000.0,196000.0,232777.0,-0.0175438596491228
2004-05-12 00:00:00,191000.0,197000.0,191000.0,193000.0,172733.0,-0.0153061224489795
2004-05-13 00:00:00,193000.0,193000.0,181000.0,181000.0,348579.0,-0.0621761658031088
2004-05-14 00:00:00,186500.0,187000.0,177000.0,179000.0,364750.0,-0.011049723756906
2004-05-17 00:00:00,179000.0,182500.0,177000.0,179000.0,210094.0,0.0
2004-05-18 00:00:00,172500.0,187000.0,172500.0,180000.0,189056.0,0.0055865921787709
2004-05-19 00:00:00,182000.0,185500.0,181500.0,181500.0,154687.0,0.0083333333333333
2004-05-20 00:00:00,182000.0,187500.0,180000.0,183000.0,316554.0,0.0082644628099173
2004-05-21 00:00:00,186000.0,188500.0,182000.0,188500.0,138011.0,0.0300546448087429
2004-05-24 00:00:00,188000.0,194500.0,187000.0,193500.0,203721.0,0.026525198938992
2004-05-25 00:00:00,190500.0,193000.0,187000.0,193000.0,145000.0,-0.0025839793281653
2004-05-27 00:00:00,194000.0,201000.0,194000.0,201000.0,195310.0,0.0414507772020724
2004-05-28 00:00:00,198500.0,203500.0,198000.0,198000.0,120420.0,-0.0149253731343284
2004-05-31 00:00:00,196000.0,197500.0,191500.0,196000.0,114355.0,-0.01010101010101
2004-06-01 00:00:00,197500.0,202000.0,196000.0,199500.0,80815.0,0.0178571428571427
2004-06-02 00:00:00,196000.0,196500.0,192000.0,196000.0,111810.0,-0.0175438596491228
2004-06-03 00:00:00,194000.0,196500.0,185000.0,186000.0,136415.0,-0.0510204081632652
2004-06-04 00:00:00,186000.0,192500.0,184000.0,192500.0,234323.0,0.0349462365591397
2004-06-07 00:00:00,189000.0,198000.0,189000.0,198000.0,157911.0,0.0285714285714284
2004-06-08 00:00:00,195500.0,201000.0,195500.0,196500.0,74722.0,-0.0075757575757575
2004-06-09 00:00:00,200000.0,201000.0,192500.0,192500.0,115007.0,-0.020356234096692
2004-06-10 00:00:00,190500.0,195000.0,186500.0,189000.0,329237.0,-0.0181818181818181
2004-06-11 00:00:00,190000.0,190000.0,180000.0,189000.0,376809.0,0.0
2004-06-14 00:00:00,188000.0,190000.0,183000.0,184000.0,117469.0,-0.0264550264550265
2004-06-15 00:00:00,188000.0,189000.0,181500.0,188000.0,122119.0,0.0217391304347827
2004-06-16 00:00:00,187000.0,193500.0,186000.0,190000.0,129844.0,0.0106382978723404
2004-06-17 00:00:00,192500.0,198000.0,187000.0,198000.0,135243.0,0.0421052631578946
2004-06-18 00:00:00,195000.0,195000.0,186500.0,190500.0,185325.0,-0.0378787878787878
2004-06-21 00:00:00,188500.0,194000.0,188000.0,190000.0,127197.0,-0.0026246719160104
2004-06-22 00:00:00,188000.0,191500.0,184500.0,190000.0,107605.0,0.0
2004-06-23 00:00:00,192000.0,194500.0,185500.0,185500.0,107067.0,-0.0236842105263157
2004-06-24 00:00:00,187500.0,192000.0,187500.0,192000.0,143220.0,0.0350404312668464
2004-06-25 00:00:00,190000.0,195000.0,188000.0,195000.0,144482.0,0.015625
2004-06-28 00:00:00,194500.0,194500.0,188000.0,192000.0,116709.0,-0.0153846153846153
2004-06-29 00:00:00,190000.0,195000.0,189500.0,194500.0,146538.0,0.0130208333333332
2004-06-30 00:00:00,196000.0,196000.0,189000.0,190000.0,249168.0,-0.0231362467866323
2004-07-01 00:00:00,188000.0,190000.0,184500.0,185000.0,217731.0,-0.0263157894736841
2004-07-02 00:00:00,184500.0,186000.0,182500.0,183000.0,186869.0,-0.0108108108108108
2004-07-05 00:00:00,181000.0,183500.0,180000.0,182000.0,155870.0,-0.0054644808743169
2004-07-06 00:00:00,180500.0,185000.0,180500.0,185000.0,81934.0,0.0164835164835164
2004-07-07 00:00:00,182500.0,186000.0,179500.0,186000.0,98824.0,0.0054054054054053
2004-07-08 00:00:00,182000.0,182000.0,176000.0,176000.0,289249.0,-0.053763440860215
2004-07-09 00:00:00,176000.0,180000.0,176000.0,179500.0,115673.0,0.0198863636363635
2004-07-12 00:00:00,176500.0,180000.0,172000.0,175000.0,150077.0,-0.0250696378830083
2004-07-13 00:00:00,172500.0,175000.0,168000.0,169000.0,243310.0,-0.0342857142857142
2004-07-14 00:00:00,170500.0,171500.0,167500.0,168500.0,144520.0,-0.0029585798816568
2004-07-15 00:00:00,167000.0,171500.0,163500.0,171500.0,133790.0,0.0178041543026705
2004-07-16 00:00:00,166500.0,170000.0,165000.0,168500.0,125620.0,-0.0174927113702624
2004-07-19 00:00:00,168000.0,171500.0,165500.0,171500.0,78227.0,0.0178041543026705
2004-07-20 00:00:00,167000.0,169000.0,166000.0,166000.0,105876.0,-0.032069970845481
2004-07-21 00:00:00,168500.0,171500.0,167500.0,167500.0,130773.0,0.0090361445783131
2004-07-22 00:00:00,165000.0,165500.0,162500.0,164500.0,166523.0,-0.0179104477611939
2004-07-23 00:00:00,160000.0,161500.0,154000.0,157000.0,446033.0,-0.0455927051671732
2004-07-26 00:00:00,155500.0,161000.0,155000.0,161000.0,129291.0,0.0254777070063694
2004-07-27 00:00:00,163000.0,165000.0,161000.0,165000.0,146094.0,0.0248447204968944
2004-07-28 00:00:00,167000.0,167000.0,161000.0,165000.0,151931.0,0.0
2004-07-29 00:00:00,164000.0,164500.0,161000.0,161000.0,149808.0,-0.0242424242424242
2004-07-30 00:00:00,161500.0,162500.0,158000.0,159000.0,266430.0,-0.0124223602484472
2004-08-02 00:00:00,158000.0,158000.0,152500.0,154500.0,190253.0,-0.0283018867924528
2004-08-03 00:00:00,156500.0,160000.0,156000.0,160000.0,104681.0,0.0355987055016179
2004-08-04 00:00:00,160000.0,165000.0,157500.0,165000.0,149261.0,0.03125
2004-08-05 00:00:00,165000.0,168000.0,162500.0,168000.0,95997.0,0.018181818181818
2004-08-06 00:00:00,167000.0,168500.0,161500.0,163500.0,117197.0,-0.0267857142857143
2004-08-09 00:00:00,164000.0,164000.0,159000.0,162500.0,109918.0,-0.0061162079510703
2004-08-10 00:00:00,160000.0,165000.0,160000.0,162000.0,89663.0,-0.003076923076923
2004-08-11 00:00:00,162000.0,164000.0,160000.0,160000.0,87267.0,-0.0123456790123457
2004-08-12 00:00:00,164000.0,169000.0,161500.0,168000.0,179986.0,0.05
2004-08-13 00:00:00,169500.0,175000.0,163500.0,175000.0,220627.0,0.0416666666666667
2004-08-16 00:00:00,175000.0,176500.0,171000.0,175000.0,92286.0,0.0
2004-08-17 00:00:00,176000.0,176000.0,171000.0,173500.0,106375.0,-0.0085714285714285
2004-08-18 00:00:00,173500.0,174000.0,170500.0,172500.0,113398.0,-0.0057636887608069
2004-08-19 00:00:00,173000.0,175000.0,172000.0,173500.0,150177.0,0.0057971014492752
2004-08-20 00:00:00,172000.0,173500.0,169500.0,172500.0,77780.0,-0.0057636887608069
2004-08-23 00:00:00,173000.0,174500.0,169500.0,172000.0,94813.0,-0.0028985507246376
2004-08-24 00:00:00,173500.0,173500.0,168000.0,172000.0,132556.0,0.0
2004-08-25 00:00:00,172000.0,173500.0,169500.0,173500.0,119642.0,0.0087209302325581
2004-08-26 00:00:00,172000.0,173500.0,170500.0,171000.0,98249.0,-0.0144092219020173
2004-08-27 00:00:00,171500.0,172500.0,170000.0,171500.0,88160.0,0.0029239766081872
2004-08-30 00:00:00,170000.0,175000.0,170000.0,173500.0,110785.0,0.0116618075801748
2004-08-31 00:00:00,170500.0,174000.0,170500.0,173500.0,95840.0,0.0
2004-09-01 00:00:00,174500.0,179000.0,173500.0,179000.0,166307.0,0.0317002881844379
2004-09-02 00:00:00,177500.0,179500.0,177000.0,179500.0,99996.0,0.0027932960893854
2004-09-03 00:00:00,179000.0,179000.0,174500.0,178000.0,82002.0,-0.0083565459610027
2004-09-06 00:00:00,179000.0,181500.0,177500.0,181500.0,142420.0,0.0196629213483146
2004-09-07 00:00:00,181000.0,184500.0,180500.0,184500.0,137780.0,0.0165289256198346
2004-09-08 00:00:00,183500.0,186500.0,179000.0,179000.0,118585.0,-0.029810298102981
2004-09-09 00:00:00,177000.0,184000.0,176500.0,179500.0,247642.0,0.0027932960893854
2004-09-10 00:00:00,181000.0,184500.0,177000.0,183000.0,196222.0,0.0194986072423397
2004-09-13 00:00:00,180500.0,187000.0,180500.0,184500.0,104437.0,0.0081967213114753
2004-09-14 00:00:00,183000.0,184500.0,181000.0,181000.0,120651.0,-0.018970189701897
2004-09-15 00:00:00,181000.0,181500.0,180000.0,180500.0,66191.0,-0.0027624309392265
2004-09-16 00:00:00,177500.0,184500.0,177000.0,181000.0,163625.0,0.002770083102493
2004-09-17 00:00:00,180000.0,182000.0,178500.0,179500.0,93155.0,-0.0082872928176795
2004-09-20 00:00:00,180000.0,184000.0,180000.0,182000.0,119710.0,0.0139275766016713
2004-09-21 00:00:00,181500.0,185500.0,181000.0,185000.0,99532.0,0.0164835164835164
2004-09-22 00:00:00,185000.0,186000.0,182000.0,182000.0,99510.0,-0.0162162162162161
2004-09-23 00:00:00,179500.0,182000.0,178000.0,178000.0,62256.0,-0.021978021978022
2004-09-24 00:00:00,179000.0,179500.0,177000.0,177000.0,76699.0,-0.0056179775280899
2004-09-30 00:00:00,177000.0,180000.0,175500.0,175500.0,130128.0,-0.0084745762711864
2004-10-01 00:00:00,177500.0,179500.0,176000.0,178500.0,94142.0,0.017094017094017
2004-10-04 00:00:00,180000.0,190000.0,180000.0,188000.0,238103.0,0.0532212885154061
2004-10-05 00:00:00,189000.0,190000.0,187000.0,188000.0,227733.0,0.0
2004-10-06 00:00:00,187500.0,190500.0,186000.0,188000.0,188887.0,0.0
2004-10-07 00:00:00,186500.0,188500.0,185500.0,186000.0,68790.0,-0.0106382978723403
2004-10-08 00:00:00,184500.0,188500.0,183000.0,187000.0,104631.0,0.0053763440860215
2004-10-11 00:00:00,184500.0,186500.0,183000.0,184000.0,125265.0,-0.016042780748663
2004-10-12 00:00:00,182000.0,184000.0,177000.0,180500.0,145954.0,-0.0190217391304348
2004-10-13 00:00:00,180000.0,182000.0,177000.0,177000.0,85110.0,-0.0193905817174515
2004-10-14 00:00:00,175500.0,178000.0,173500.0,177000.0,200057.0,0.0
2004-10-15 00:00:00,173500.0,178500.0,172000.0,176500.0,89417.0,-0.0028248587570621
2004-10-18 00:00:00,175000.0,181000.0,175000.0,180000.0,106389.0,0.0198300283286119
2004-10-19 00:00:00,181000.0,185000.0,181000.0,185000.0,112690.0,0.0277777777777776
2004-10-20 00:00:00,184500.0,185000.0,177500.0,178000.0,75142.0,-0.0378378378378377
2004-10-21 00:00:00,178000.0,181000.0,176000.0,181000.0,133573.0,0.0168539325842695
2004-10-22 00:00:00,180000.0,183000.0,179500.0,182500.0,55136.0,0.0082872928176795
2004-10-25 00:00:00,179500.0,181000.0,172000.0,174500.0,159450.0,-0.0438356164383562
2004-10-26 00:00:00,177000.0,179000.0,174500.0,177500.0,126886.0,0.0171919770773638
2004-10-27 00:00:00,177500.0,178500.0,172000.0,174500.0,107186.0,-0.0169014084507042
2004-10-28 00:00:00,176500.0,180000.0,175500.0,180000.0,116048.0,0.0315186246418337
2004-10-29 00:00:00,177500.0,179500.0,175500.0,175500.0,79436.0,-0.025
2004-11-01 00:00:00,180000.0,181000.0,178000.0,181000.0,97600.0,0.0313390313390313
2004-11-02 00:00:00,182000.0,186000.0,180000.0,186000.0,130985.0,0.0276243093922652
2004-11-03 00:00:00,185000.0,191000.0,183000.0,190000.0,115723.0,0.021505376344086
2004-11-04 00:00:00,186500.0,189000.0,185000.0,185000.0,66943.0,-0.0263157894736841
2004-11-05 00:00:00,188000.0,190000.0,186500.0,189000.0,158320.0,0.0216216216216216
2004-11-08 00:00:00,190000.0,190000.0,185000.0,185000.0,89497.0,-0.0211640211640211
2004-11-09 00:00:00,187000.0,191000.0,185500.0,190000.0,165366.0,0.0270270270270269
2004-11-10 00:00:00,191500.0,198500.0,191500.0,196000.0,290014.0,0.0315789473684211
2004-11-11 00:00:00,193000.0,196500.0,191500.0,195000.0,192822.0,-0.0051020408163264
2004-11-12 00:00:00,195000.0,201000.0,195000.0,200000.0,255441.0,0.0256410256410255
2004-11-15 00:00:00,198000.0,204500.0,197000.0,198500.0,188719.0,-0.0074999999999999
2004-11-16 00:00:00,198000.0,198500.0,194500.0,196500.0,135164.0,-0.0100755667506297
2004-11-17 00:00:00,199000.0,202500.0,195000.0,202000.0,129166.0,0.0279898218829517
2004-11-18 00:00:00,198000.0,203000.0,198000.0,201500.0,128049.0,-0.0024752475247524
2004-11-19 00:00:00,203500.0,206500.0,200000.0,202000.0,176813.0,0.0024813895781636
2004-11-22 00:00:00,203000.0,203000.0,196500.0,198000.0,132954.0,-0.0198019801980198
2004-11-23 00:00:00,200500.0,200500.0,195500.0,198000.0,181514.0,0.0
2004-11-24 00:00:00,196000.0,202500.0,195500.0,200500.0,145861.0,0.0126262626262625
2004-11-25 00:00:00,200000.0,202500.0,197000.0,198000.0,113503.0,-0.0124688279301745
2004-11-26 00:00:00,200000.0,200500.0,192000.0,193000.0,213518.0,-0.0252525252525253
2004-11-29 00:00:00,196500.0,196500.0,191500.0,195500.0,179895.0,0.0129533678756477
2004-11-30 00:00:00,196000.0,198500.0,192000.0,198000.0,245434.0,0.0127877237851663
2004-12-01 00:00:00,195500.0,198500.0,195000.0,198000.0,106112.0,0.0
2004-12-02 00:00:00,200000.0,203000.0,198000.0,200000.0,165949.0,0.0101010101010101
2004-12-03 00:00:00,202000.0,203000.0,197000.0,198000.0,122058.0,-0.01
2004-12-06 00:00:00,196000.0,196000.0,191000.0,194000.0,159023.0,-0.0202020202020202
2004-12-07 00:00:00,191500.0,193500.0,190500.0,192500.0,62830.0,-0.0077319587628865
2004-12-08 00:00:00,192000.0,198000.0,189500.0,197500.0,196632.0,0.0259740259740259
2004-12-09 00:00:00,194000.0,195500.0,187000.0,193500.0,553939.0,-0.020253164556962
2004-12-10 00:00:00,193000.0,193500.0,187000.0,188500.0,246104.0,-0.0258397932816537
2004-12-13 00:00:00,186000.0,190500.0,185000.0,186000.0,217075.0,-0.013262599469496
2004-12-14 00:00:00,185000.0,188500.0,185000.0,187500.0,113719.0,0.0080645161290322
2004-12-15 00:00:00,189000.0,192500.0,188000.0,191500.0,136224.0,0.0213333333333334
2004-12-16 00:00:00,191500.0,196000.0,191000.0,193500.0,204734.0,0.010443864229765
2004-12-17 00:00:00,194000.0,194500.0,190000.0,192500.0,142736.0,-0.0051679586563307
2004-12-20 00:00:00,194500.0,196000.0,191500.0,195500.0,137874.0,0.0155844155844155
2004-12-21 00:00:00,193500.0,198000.0,193500.0,197000.0,114494.0,0.0076726342710997
2004-12-22 00:00:00,198000.0,202000.0,196500.0,200500.0,195876.0,0.0177664974619289
2004-12-23 00:00:00,199500.0,200000.0,194000.0,196500.0,132551.0,-0.0199501246882792
2004-12-24 00:00:00,195000.0,199500.0,194500.0,199500.0,83059.0,0.0152671755725191
2004-12-27 00:00:00,200000.0,200000.0,197500.0,199000.0,71261.0,-0.0025062656641604
2004-12-28 00:00:00,199000.0,205000.0,197500.0,205000.0,202840.0,0.0301507537688441
2004-12-29 00:00:00,200000.0,200000.0,196500.0,199000.0,202126.0,-0.0292682926829268
2004-12-30 00:00:00,198000.0,199500.0,197000.0,197000.0,133125.0,-0.0100502512562814
2005-01-03 00:00:00,198000.0,200500.0,196000.0,200500.0,70962.0,0.0177664974619289
2005-01-04 00:00:00,198500.0,199500.0,196500.0,198000.0,100515.0,-0.0124688279301745
2005-01-05 00:00:00,195000.0,198000.0,194000.0,195500.0,106997.0,-0.0126262626262626
2005-01-06 00:00:00,193500.0,200500.0,192000.0,193000.0,157184.0,-0.0127877237851662
2005-01-07 00:00:00,196500.0,198000.0,194500.0,198000.0,112935.0,0.0259067357512954
2005-01-10 00:00:00,198000.0,199500.0,196000.0,198500.0,89791.0,0.0025252525252525
2005-01-11 00:00:00,198500.0,199500.0,194500.0,197500.0,108197.0,-0.0050377833753149
2005-01-12 00:00:00,197500.0,197500.0,193500.0,195000.0,125309.0,-0.0126582278481012
2005-01-13 00:00:00,194000.0,194000.0,189500.0,191000.0,269865.0,-0.0205128205128205
2005-01-14 00:00:00,189500.0,194000.0,188500.0,193500.0,236009.0,0.013089005235602
2005-01-17 00:00:00,194000.0,195500.0,192500.0,193500.0,169057.0,0.0
2005-01-18 00:00:00,195000.0,196500.0,193000.0,193500.0,180220.0,0.0
2005-01-19 00:00:00,193500.0,194000.0,190000.0,190000.0,175473.0,-0.0180878552971576
2005-01-20 00:00:00,187500.0,189000.0,187000.0,187500.0,173956.0,-0.0131578947368421
2005-01-21 00:00:00,186500.0,192500.0,186500.0,192500.0,132271.0,0.0266666666666666
2005-01-24 00:00:00,191000.0,192000.0,187500.0,188000.0,129737.0,-0.0233766233766233
2005-01-25 00:00:00,188000.0,191000.0,187000.0,190000.0,130673.0,0.0106382978723404
2005-01-26 00:00:00,189500.0,192000.0,184000.0,185500.0,250712.0,-0.0236842105263157
2005-01-27 00:00:00,180000.0,181500.0,177500.0,179000.0,524639.0,-0.0350404312668463
2005-01-28 00:00:00,180000.0,180000.0,177500.0,179000.0,213477.0,0.0
2005-01-31 00:00:00,177500.0,180500.0,177500.0,179000.0,234175.0,0.0
2005-02-01 00:00:00,177000.0,178000.0,176000.0,177500.0,205143.0,-0.0083798882681563
2005-02-02 00:00:00,179000.0,179500.0,178000.0,178000.0,252147.0,0.0028169014084507
2005-02-03 00:00:00,178500.0,179000.0,177000.0,177000.0,155981.0,-0.0056179775280899
2005-02-04 00:00:00,177000.0,178500.0,176000.0,176500.0,177581.0,-0.0028248587570621
2005-02-07 00:00:00,177000.0,179500.0,176500.0,179500.0,268537.0,0.0169971671388102
2005-02-11 00:00:00,179500.0,179500.0,177000.0,178500.0,252477.0,-0.0055710306406685
2005-02-14 00:00:00,180000.0,184000.0,179000.0,183500.0,247974.0,0.0280112044817926
2005-02-15 00:00:00,182500.0,184000.0,180500.0,184000.0,192423.0,0.0027247956403269
2005-02-16 00:00:00,183000.0,184000.0,181000.0,182000.0,181899.0,-0.0108695652173913
2005-02-17 00:00:00,182500.0,183000.0,178000.0,178500.0,228804.0,-0.0192307692307692
2005-02-18 00:00:00,178500.0,180500.0,176500.0,179500.0,886198.0,0.0056022408963585
2005-02-21 00:00:00,179500.0,180000.0,177500.0,179000.0,283188.0,-0.0027855153203342
2005-02-22 00:00:00,178500.0,182000.0,178000.0,181500.0,271832.0,0.0139664804469272
2005-02-23 00:00:00,181500.0,182000.0,179000.0,181000.0,174106.0,-0.0027548209366391
2005-02-24 00:00:00,181500.0,182500.0,180500.0,181000.0,194986.0,0.0
2005-02-25 00:00:00,182000.0,183000.0,179500.0,183000.0,270585.0,0.011049723756906
2005-02-28 00:00:00,182000.0,182500.0,179500.0,181000.0,293239.0,-0.0109289617486338
2005-03-02 00:00:00,181500.0,184500.0,181000.0,181500.0,286727.0,0.0027624309392264
2005-03-03 00:00:00,182500.0,182500.0,179500.0,180000.0,156806.0,-0.0082644628099173
2005-03-04 00:00:00,179500.0,181000.0,179000.0,180500.0,157788.0,0.0027777777777777
2005-03-07 00:00:00,180000.0,181500.0,179500.0,181500.0,180404.0,0.005540166204986
2005-03-08 00:00:00,180500.0,181000.0,180000.0,180500.0,159187.0,-0.0055096418732781
2005-03-09 00:00:00,180500.0,185500.0,179500.0,184500.0,230224.0,0.0221606648199446
2005-03-10 00:00:00,184000.0,184000.0,180000.0,180000.0,260448.0,-0.024390243902439
2005-03-11 00:00:00,180500.0,184500.0,180500.0,181000.0,202005.0,0.0055555555555555
2005-03-14 00:00:00,181000.0,182000.0,180000.0,181000.0,149744.0,0.0
2005-03-15 00:00:00,181000.0,181500.0,177500.0,178000.0,242717.0,-0.0165745856353589
2005-03-16 00:00:00,177000.0,180500.0,176500.0,180500.0,205989.0,0.0140449438202248
2005-03-17 00:00:00,178000.0,181000.0,177000.0,179500.0,168005.0,-0.005540166204986
2005-03-18 00:00:00,180000.0,181500.0,179000.0,181500.0,156860.0,0.0111420612813371
2005-03-21 00:00:00,181500.0,182000.0,178500.0,181000.0,124141.0,-0.0027548209366391
2005-03-22 00:00:00,180000.0,180500.0,178000.0,179500.0,139474.0,-0.0082872928176795
2005-03-23 00:00:00,179000.0,179500.0,176000.0,177000.0,157227.0,-0.0139275766016713
2005-03-24 00:00:00,177500.0,178500.0,176000.0,177500.0,122171.0,0.002824858757062
2005-03-25 00:00:00,178500.0,178500.0,177500.0,178000.0,86482.0,0.0028169014084507
2005-03-28 00:00:00,177500.0,178500.0,176500.0,176500.0,184349.0,-0.0084269662921347
2005-03-29 00:00:00,176500.0,176500.0,171500.0,171500.0,293235.0,-0.0283286118980169
2005-03-30 00:00:00,172500.0,173500.0,170500.0,171000.0,150413.0,-0.0029154518950437
2005-03-31 00:00:00,172000.0,173000.0,171000.0,171000.0,143123.0,0.0
2005-04-01 00:00:00,170500.0,173000.0,170000.0,170500.0,214612.0,-0.0029239766081871
2005-04-04 00:00:00,169500.0,170000.0,167500.0,168000.0,198525.0,-0.0146627565982404
2005-04-06 00:00:00,167000.0,168000.0,166000.0,168000.0,215411.0,0.0
2005-04-07 00:00:00,168000.0,169000.0,166500.0,167500.0,168695.0,-0.0029761904761904
2005-04-08 00:00:00,167500.0,169000.0,166500.0,166500.0,185925.0,-0.0059701492537312
2005-04-11 00:00:00,166500.0,170500.0,166500.0,169000.0,191192.0,0.015015015015015
2005-04-12 00:00:00,169500.0,172500.0,169500.0,172000.0,142005.0,0.0177514792899409
2005-04-13 00:00:00,171500.0,173500.0,170500.0,171500.0,93915.0,-0.002906976744186
2005-04-14 00:00:00,171500.0,173000.0,167500.0,167500.0,207060.0,-0.0233236151603498
2005-04-15 00:00:00,171000.0,171000.0,168000.0,171000.0,171607.0,0.0208955223880598
2005-04-18 00:00:00,170000.0,171500.0,169000.0,171000.0,125025.0,0.0
2005-04-19 00:00:00,170000.0,171000.0,169500.0,171000.0,133152.0,0.0
2005-04-20 00:00:00,170500.0,171500.0,165500.0,166500.0,266080.0,-0.0263157894736841
2005-04-21 00:00:00,166500.0,167000.0,164000.0,167000.0,111039.0,0.003003003003003
2005-04-22 00:00:00,168500.0,168500.0,167000.0,167000.0,84641.0,0.0
2005-04-25 00:00:00,165500.0,169500.0,165500.0,168500.0,92263.0,0.0089820359281436
2005-04-26 00:00:00,167000.0,168500.0,166500.0,168000.0,91097.0,-0.002967359050445
2005-04-27 00:00:00,168000.0,168000.0,164000.0,166000.0,95859.0,-0.0119047619047618
2005-04-28 00:00:00,167000.0,168500.0,164000.0,164000.0,70574.0,-0.0120481927710843
2005-04-29 00:00:00,163500.0,166000.0,163000.0,163500.0,119585.0,-0.0030487804878048
2005-05-02 00:00:00,164000.0,168500.0,164000.0,168500.0,106846.0,0.0305810397553516
2005-05-03 00:00:00,169500.0,169500.0,166500.0,168000.0,78426.0,-0.002967359050445
2005-05-04 00:00:00,170000.0,171500.0,169000.0,171000.0,102215.0,0.0178571428571427
2005-05-06 00:00:00,174000.0,174000.0,171500.0,173500.0,163184.0,0.0146198830409356
2005-05-09 00:00:00,171500.0,173500.0,171000.0,173500.0,114698.0,0.0
2005-05-10 00:00:00,174000.0,177000.0,173500.0,175500.0,147012.0,0.0115273775216138
2005-05-11 00:00:00,175000.0,175000.0,171500.0,173000.0,55147.0,-0.0142450142450142
2005-05-12 00:00:00,172000.0,174500.0,169500.0,169500.0,91347.0,-0.0202312138728323
2005-05-13 00:00:00,170000.0,170000.0,168000.0,169000.0,75681.0,-0.0029498525073746
2005-05-16 00:00:00,170000.0,171500.0,169000.0,171000.0,68678.0,0.0118343195266272
2005-05-17 00:00:00,170500.0,173500.0,169500.0,170000.0,68626.0,-0.0058479532163743
2005-05-18 00:00:00,170000.0,174500.0,170000.0,173000.0,112219.0,0.0176470588235293
2005-05-19 00:00:00,174000.0,177000.0,173500.0,176500.0,150053.0,0.0202312138728324
2005-05-20 00:00:00,175000.0,177000.0,175000.0,175000.0,58465.0,-0.0084985835694051
2005-05-23 00:00:00,176500.0,176500.0,173000.0,176000.0,71352.0,0.0057142857142857
2005-05-24 00:00:00,174000.0,176500.0,174000.0,176000.0,45233.0,0.0
2005-05-25 00:00:00,176000.0,177500.0,172500.0,173000.0,75169.0,-0.0170454545454545
2005-05-26 00:00:00,171500.0,174000.0,171500.0,173000.0,65070.0,0.0
2005-05-27 00:00:00,176000.0,177500.0,175000.0,176500.0,128274.0,0.0202312138728324
2005-05-30 00:00:00,176500.0,179000.0,176500.0,179000.0,105179.0,0.0141643059490084
2005-05-31 00:00:00,179000.0,186000.0,178000.0,184500.0,368720.0,0.0307262569832402
2005-06-01 00:00:00,182000.0,187000.0,182000.0,185500.0,175980.0,0.005420054200542
2005-06-02 00:00:00,186000.0,187000.0,183000.0,185000.0,120722.0,-0.0026954177897574
2005-06-03 00:00:00,183000.0,187000.0,182500.0,186500.0,174356.0,0.008108108108108
2005-06-07 00:00:00,187000.0,187000.0,182000.0,184000.0,84606.0,-0.0134048257372654
2005-06-08 00:00:00,182000.0,185000.0,182000.0,185000.0,177506.0,0.0054347826086955
2005-06-09 00:00:00,183000.0,184500.0,181000.0,184500.0,278116.0,-0.0027027027027026
2005-06-10 00:00:00,184000.0,184500.0,182000.0,182500.0,104906.0,-0.0108401084010839
2005-06-13 00:00:00,182000.0,184500.0,182000.0,183000.0,89467.0,0.0027397260273973
2005-06-14 00:00:00,182000.0,186000.0,182000.0,183500.0,88590.0,0.0027322404371583
2005-06-15 00:00:00,185500.0,191000.0,183500.0,189500.0,283637.0,0.0326975476839237
2005-06-16 00:00:00,189500.0,192500.0,189500.0,191500.0,215271.0,0.0105540897097624
2005-06-17 00:00:00,191000.0,191500.0,189500.0,191500.0,112942.0,0.0
2005-06-20 00:00:00,189000.0,193500.0,188500.0,192500.0,157431.0,0.0052219321148825
2005-06-21 00:00:00,191000.0,193000.0,188000.0,189000.0,123600.0,-0.0181818181818181
2005-06-22 00:00:00,187500.0,189500.0,185500.0,189000.0,133053.0,0.0
2005-06-23 00:00:00,187000.0,189000.0,186000.0,187500.0,119855.0,-0.0079365079365079
2005-06-24 00:00:00,185500.0,186000.0,182000.0,183500.0,191644.0,-0.0213333333333333
2005-06-27 00:00:00,181000.0,182500.0,177500.0,178500.0,256675.0,-0.0272479564032697
2005-06-28 00:00:00,179000.0,180500.0,178500.0,180500.0,154788.0,0.0112044817927169
2005-06-29 00:00:00,179000.0,181500.0,179000.0,180500.0,87466.0,0.0
2005-06-30 00:00:00,180500.0,183000.0,180000.0,182000.0,134853.0,0.0083102493074791
2005-07-01 00:00:00,181000.0,183500.0,179000.0,183000.0,95769.0,0.0054945054945054
2005-07-04 00:00:00,183000.0,183000.0,179500.0,180000.0,109715.0,-0.0163934426229508
2005-07-05 00:00:00,179000.0,179500.0,177500.0,179000.0,120625.0,-0.0055555555555555
2005-07-06 00:00:00,180000.0,180500.0,178500.0,178500.0,99563.0,-0.0027932960893854
2005-07-07 00:00:00,177000.0,180000.0,177000.0,180000.0,162081.0,0.0084033613445377
2005-07-08 00:00:00,179000.0,182500.0,178000.0,180500.0,91723.0,0.0027777777777777
2005-07-11 00:00:00,183000.0,183500.0,181000.0,181500.0,112095.0,0.005540166204986
2005-07-12 00:00:00,181500.0,184000.0,181000.0,182000.0,103030.0,0.002754820936639
2005-07-13 00:00:00,182000.0,184000.0,182000.0,183500.0,99893.0,0.0082417582417582
2005-07-14 00:00:00,184500.0,184500.0,182500.0,183500.0,146786.0,0.0
2005-07-15 00:00:00,184500.0,185000.0,183500.0,184000.0,61293.0,0.0027247956403269
2005-07-18 00:00:00,184000.0,187500.0,184000.0,185500.0,93888.0,0.0081521739130434
2005-07-19 00:00:00,186000.0,187500.0,185500.0,187500.0,105079.0,0.0107816711590296
2005-07-20 00:00:00,186500.0,186500.0,184000.0,184500.0,131185.0,-0.016
2005-07-21 00:00:00,184000.0,185500.0,182000.0,182500.0,138363.0,-0.0108401084010839
2005-07-22 00:00:00,182500.0,187000.0,182500.0,187000.0,155120.0,0.0246575342465753
2005-07-25 00:00:00,188500.0,189000.0,184500.0,188500.0,114458.0,0.0080213903743315
2005-07-26 00:00:00,188500.0,189000.0,183000.0,183000.0,240531.0,-0.0291777188328912
2005-07-27 00:00:00,185000.0,186500.0,182500.0,185000.0,226553.0,0.0109289617486338
2005-07-28 00:00:00,185500.0,197500.0,185000.0,197000.0,592640.0,0.0648648648648648
2005-07-29 00:00:00,200000.0,200500.0,192500.0,196000.0,383707.0,-0.0050761421319797
2005-08-01 00:00:00,198000.0,199000.0,193500.0,195500.0,146554.0,-0.0025510204081632
2005-08-02 00:00:00,196000.0,196000.0,190000.0,190000.0,367642.0,-0.0281329923273657
2005-08-03 00:00:00,192500.0,194500.0,188000.0,191000.0,194171.0,0.0052631578947368
2005-08-04 00:00:00,194000.0,194500.0,190000.0,192000.0,165565.0,0.0052356020942407
2005-08-05 00:00:00,190000.0,194500.0,190000.0,192000.0,163067.0,0.0
2005-08-08 00:00:00,193000.0,193000.0,188500.0,189500.0,85715.0,-0.0130208333333333
2005-08-09 00:00:00,187000.0,189500.0,186000.0,187500.0,112376.0,-0.0105540897097625
2005-08-10 00:00:00,187000.0,189000.0,186000.0,186000.0,140053.0,-0.008
2005-08-11 00:00:00,186000.0,200000.0,186000.0,200000.0,154630.0,0.075268817204301
2005-08-12 00:00:00,192000.0,193000.0,189500.0,190500.0,196389.0,-0.0474999999999999
2005-08-16 00:00:00,188500.0,190000.0,187000.0,187500.0,124077.0,-0.0157480314960629
2005-08-17 00:00:00,187500.0,189000.0,187000.0,187500.0,92821.0,0.0
2005-08-18 00:00:00,187500.0,189000.0,186000.0,187000.0,130138.0,-0.0026666666666667
2005-08-19 00:00:00,185000.0,187500.0,185000.0,185500.0,83228.0,-0.0080213903743315
2005-08-22 00:00:00,187500.0,192000.0,187000.0,192000.0,95203.0,0.0350404312668464
2005-08-23 00:00:00,193000.0,193000.0,187000.0,191000.0,121170.0,-0.0052083333333333
2005-08-24 00:00:00,190500.0,190500.0,186000.0,186500.0,163059.0,-0.0235602094240837
2005-08-25 00:00:00,186000.0,193500.0,184500.0,191000.0,136773.0,0.0241286863270777
2005-08-26 00:00:00,193000.0,193000.0,189000.0,191500.0,109146.0,0.0026178010471205
2005-08-29 00:00:00,187500.0,189500.0,186000.0,188000.0,74259.0,-0.0182767624020887
2005-08-30 00:00:00,189000.0,190000.0,186500.0,187500.0,108311.0,-0.002659574468085
2005-08-31 00:00:00,186500.0,190500.0,186500.0,189000.0,79277.0,0.008
2005-09-01 00:00:00,190000.0,193000.0,189000.0,192000.0,145182.0,0.0158730158730158
2005-09-02 00:00:00,193000.0,195500.0,192500.0,193000.0,121370.0,0.0052083333333332
2005-09-05 00:00:00,193500.0,197000.0,190500.0,194000.0,92116.0,0.005181347150259
2005-09-06 00:00:00,195000.0,200000.0,194000.0,197000.0,220865.0,0.0154639175257731
2005-09-07 00:00:00,198500.0,202500.0,198500.0,201000.0,196904.0,0.0203045685279188
2005-09-08 00:00:00,202500.0,202500.0,199000.0,201000.0,317379.0,0.0
2005-09-09 00:00:00,201500.0,202500.0,200000.0,202000.0,169858.0,0.0049751243781095
2005-09-12 00:00:00,202000.0,210500.0,202000.0,207000.0,308983.0,0.0247524752475247
2005-09-13 00:00:00,207500.0,217500.0,205000.0,212500.0,259612.0,0.0265700483091786
2005-09-14 00:00:00,209000.0,210500.0,207500.0,209000.0,139212.0,-0.0164705882352941
2005-09-15 00:00:00,207000.0,211000.0,207000.0,210000.0,164369.0,0.0047846889952152
2005-09-16 00:00:00,210500.0,214500.0,210500.0,213000.0,126372.0,0.0142857142857142
2005-09-20 00:00:00,214000.0,218000.0,210000.0,216500.0,164629.0,0.0164319248826289
2005-09-21 00:00:00,215500.0,216500.0,210500.0,215500.0,155937.0,-0.0046189376443418
2005-09-22 00:00:00,211000.0,214500.0,209500.0,211000.0,134074.0,-0.0208816705336426
2005-09-23 00:00:00,208500.0,209000.0,202500.0,202500.0,169418.0,-0.0402843601895734
2005-09-26 00:00:00,203000.0,207000.0,201500.0,206500.0,172038.0,0.019753086419753
2005-09-27 00:00:00,206500.0,207000.0,203000.0,206500.0,100995.0,0.0
2005-09-28 00:00:00,208000.0,208000.0,204000.0,206500.0,137736.0,0.0
2005-09-29 00:00:00,205500.0,207000.0,204000.0,206500.0,96796.0,0.0
2005-09-30 00:00:00,206500.0,206500.0,202500.0,202500.0,163929.0,-0.0193704600484261
2005-10-04 00:00:00,204000.0,207000.0,203000.0,207000.0,182304.0,0.0222222222222221
2005-10-05 00:00:00,205000.0,207000.0,200500.0,204500.0,168412.0,-0.0120772946859903
2005-10-06 00:00:00,201500.0,203000.0,199000.0,199500.0,158599.0,-0.0244498777506112
2005-10-07 00:00:00,199500.0,205500.0,199000.0,202000.0,178388.0,0.0125313283208019
2005-10-10 00:00:00,202000.0,207500.0,202000.0,207000.0,125214.0,0.0247524752475247
2005-10-11 00:00:00,206000.0,209500.0,203000.0,209500.0,104912.0,0.0120772946859903
2005-10-12 00:00:00,209500.0,209500.0,202500.0,203000.0,161356.0,-0.0310262529832935
2005-10-13 00:00:00,201500.0,203500.0,199000.0,199000.0,207078.0,-0.0197044334975369
2005-10-14 00:00:00,201500.0,203000.0,197500.0,202500.0,130204.0,0.0175879396984923
2005-10-17 00:00:00,202500.0,204500.0,202000.0,204000.0,92916.0,0.0074074074074073
2005-10-18 00:00:00,204500.0,207500.0,204000.0,205500.0,119675.0,0.0073529411764705
2005-10-19 00:00:00,201500.0,201500.0,196000.0,198000.0,173380.0,-0.0364963503649634
2005-10-20 00:00:00,198000.0,200500.0,195500.0,197000.0,142458.0,-0.005050505050505
2005-10-21 00:00:00,195500.0,202500.0,194500.0,201500.0,151489.0,0.0228426395939085
2005-10-24 00:00:00,201500.0,201500.0,196000.0,198000.0,131390.0,-0.0173697270471464
2005-10-25 00:00:00,199000.0,199500.0,191000.0,191000.0,286105.0,-0.0353535353535353
2005-10-26 00:00:00,191000.0,193000.0,184000.0,186000.0,351237.0,-0.0261780104712041
2005-10-27 00:00:00,186000.0,188000.0,182000.0,184000.0,252197.0,-0.010752688172043
2005-10-28 00:00:00,182000.0,183500.0,180500.0,182500.0,271922.0,-0.0081521739130434
2005-10-31 00:00:00,184000.0,188500.0,182000.0,187500.0,208784.0,0.0273972602739727
2005-11-01 00:00:00,187500.0,189500.0,185500.0,188000.0,262510.0,0.0026666666666665
2005-11-02 00:00:00,188000.0,190500.0,188000.0,190000.0,131610.0,0.0106382978723404
2005-11-03 00:00:00,191000.0,194000.0,188500.0,193000.0,173005.0,0.0157894736842105
2005-11-04 00:00:00,191500.0,194500.0,187000.0,190000.0,236013.0,-0.0155440414507772
2005-11-07 00:00:00,188500.0,190000.0,185000.0,187000.0,206637.0,-0.0157894736842105
2005-11-08 00:00:00,186000.0,190000.0,185500.0,188500.0,203838.0,0.0080213903743315
2005-11-09 00:00:00,186000.0,189500.0,181500.0,183500.0,376955.0,-0.026525198938992
2005-11-10 00:00:00,185500.0,187500.0,185000.0,187500.0,273612.0,0.0217983651226159
2005-11-11 00:00:00,189000.0,191500.0,187500.0,191000.0,247104.0,0.0186666666666666
2005-11-14 00:00:00,190500.0,191500.0,188000.0,189000.0,112648.0,-0.0104712041884816
2005-11-15 00:00:00,188500.0,191000.0,186000.0,189000.0,124139.0,0.0
2005-11-16 00:00:00,187000.0,191500.0,186000.0,189500.0,108701.0,0.0026455026455025
2005-11-17 00:00:00,188000.0,191000.0,187500.0,190500.0,125287.0,0.0052770448548813
2005-11-18 00:00:00,192000.0,192000.0,187500.0,188500.0,136022.0,-0.0104986876640419
2005-11-21 00:00:00,188000.0,190500.0,187000.0,190000.0,109500.0,0.0079575596816976
2005-11-22 00:00:00,188500.0,189500.0,186500.0,186500.0,123124.0,-0.0184210526315788
2005-11-23 00:00:00,187500.0,191500.0,186500.0,190000.0,175239.0,0.0187667560321715
2005-11-24 00:00:00,190000.0,190500.0,186500.0,187000.0,235209.0,-0.0157894736842105
2005-11-25 00:00:00,187000.0,188500.0,186500.0,187000.0,169120.0,0.0
2005-11-28 00:00:00,188000.0,189500.0,187500.0,189500.0,93717.0,0.0133689839572193
2005-11-29 00:00:00,190000.0,192000.0,188000.0,190500.0,154701.0,0.0052770448548813
2005-11-30 00:00:00,190000.0,194500.0,189500.0,194500.0,250687.0,0.0209973753280841
2005-12-01 00:00:00,196000.0,199500.0,195500.0,199500.0,247740.0,0.025706940874036
2005-12-02 00:00:00,199500.0,200500.0,196500.0,197500.0,176333.0,-0.0100250626566416
2005-12-05 00:00:00,192500.0,193000.0,191000.0,192500.0,1564685.0,-0.0253164556962025
2005-12-06 00:00:00,192500.0,193000.0,191500.0,192000.0,157321.0,-0.0025974025974025
2005-12-07 00:00:00,191500.0,191500.0,187500.0,189000.0,175893.0,-0.015625
2005-12-08 00:00:00,186000.0,188500.0,185000.0,188000.0,375239.0,-0.0052910052910053
2005-12-09 00:00:00,186500.0,188000.0,184000.0,185000.0,357993.0,-0.0159574468085106
2005-12-12 00:00:00,185000.0,188500.0,185000.0,187000.0,234303.0,0.0108108108108107
2005-12-13 00:00:00,186500.0,191000.0,186000.0,188500.0,194841.0,0.0080213903743315
2005-12-14 00:00:00,190000.0,190500.0,186000.0,188500.0,246578.0,0.0
2005-12-15 00:00:00,188000.0,188500.0,185000.0,187000.0,257609.0,-0.0079575596816976
2005-12-16 00:00:00,186000.0,186000.0,184000.0,185500.0,159824.0,-0.0080213903743315
2005-12-19 00:00:00,184000.0,188000.0,184000.0,187000.0,174075.0,0.0080862533692722
2005-12-20 00:00:00,186000.0,187000.0,184500.0,186000.0,200879.0,-0.0053475935828877
2005-12-21 00:00:00,181500.0,183500.0,180000.0,182500.0,1823520.0,-0.0188172043010752
2005-12-22 00:00:00,183500.0,184000.0,179000.0,182000.0,322920.0,-0.0027397260273972
2005-12-23 00:00:00,181000.0,183000.0,180000.0,183000.0,158535.0,0.0054945054945054
2005-12-26 00:00:00,184500.0,193000.0,184500.0,193000.0,377065.0,0.0546448087431694
2005-12-27 00:00:00,192500.0,193500.0,189500.0,192500.0,280522.0,-0.0025906735751295
2005-12-28 00:00:00,186500.0,186500.0,183000.0,185500.0,238927.0,-0.0363636363636363
2005-12-29 00:00:00,184000.0,185000.0,180000.0,181000.0,369445.0,-0.0242587601078166
2006-01-02 00:00:00,180500.0,181500.0,179000.0,180000.0,204627.0,-0.0055248618784529
2006-01-03 00:00:00,179500.0,180000.0,176000.0,177000.0,361744.0,-0.0166666666666667
2006-01-04 00:00:00,178500.0,182500.0,178000.0,182500.0,432121.0,0.0310734463276836
2006-01-05 00:00:00,183000.0,183500.0,181000.0,182000.0,165900.0,-0.0027397260273972
2006-01-06 00:00:00,181500.0,182500.0,178500.0,180000.0,233605.0,-0.0109890109890109
2006-01-09 00:00:00,181500.0,183000.0,180500.0,181500.0,184639.0,0.0083333333333333
2006-01-10 00:00:00,181500.0,183000.0,180500.0,181000.0,184727.0,-0.0027548209366391
2006-01-11 00:00:00,180500.0,185000.0,180000.0,183500.0,187442.0,0.0138121546961325
2006-01-12 00:00:00,182500.0,186500.0,182500.0,183500.0,240412.0,0.0
2006-01-13 00:00:00,184000.0,184500.0,181500.0,184500.0,135334.0,0.005449591280654
2006-01-16 00:00:00,185500.0,186000.0,182500.0,184000.0,151291.0,-0.002710027100271
2006-01-17 00:00:00,183500.0,184500.0,182000.0,184000.0,146083.0,0.0
2006-01-18 00:00:00,184000.0,184500.0,181500.0,183500.0,223689.0,-0.0027173913043477
2006-01-19 00:00:00,184000.0,184500.0,182000.0,184500.0,133184.0,0.005449591280654
2006-01-20 00:00:00,183000.0,184000.0,181500.0,184000.0,196694.0,-0.002710027100271
2006-01-23 00:00:00,183500.0,184000.0,179500.0,181000.0,259720.0,-0.0163043478260869
2006-01-24 00:00:00,183000.0,185000.0,180500.0,183500.0,296517.0,0.0138121546961325
2006-01-25 00:00:00,186500.0,187500.0,182000.0,184500.0,218267.0,0.005449591280654
2006-01-26 00:00:00,183500.0,190000.0,183000.0,187000.0,272190.0,0.0135501355013549
2006-01-27 00:00:00,189500.0,191500.0,187500.0,191000.0,235268.0,0.0213903743315508
2006-01-31 00:00:00,190500.0,192000.0,187500.0,192000.0,189363.0,0.0052356020942407
2006-02-01 00:00:00,190500.0,192000.0,189500.0,192000.0,155116.0,0.0
2006-02-02 00:00:00,191500.0,200500.0,191500.0,197500.0,622553.0,0.0286458333333332
2006-02-03 00:00:00,197500.0,201000.0,195500.0,200000.0,533535.0,0.0126582278481013
2006-02-06 00:00:00,201500.0,202500.0,200000.0,202000.0,332526.0,0.01
2006-02-07 00:00:00,200500.0,202000.0,197000.0,200500.0,162313.0,-0.0074257425742574
2006-02-08 00:00:00,199000.0,201000.0,194500.0,197500.0,135797.0,-0.0149625935162094
2006-02-09 00:00:00,197500.0,197500.0,194500.0,196000.0,119456.0,-0.0075949367088608
2006-02-10 00:00:00,196000.0,199000.0,193000.0,196000.0,122672.0,0.0
2006-02-13 00:00:00,199000.0,199000.0,194000.0,195000.0,125771.0,-0.0051020408163264
2006-02-14 00:00:00,195500.0,200000.0,193500.0,198500.0,144584.0,0.0179487179487178
2006-02-15 00:00:00,198500.0,200500.0,196500.0,199500.0,237133.0,0.0050377833753147
2006-02-16 00:00:00,199500.0,202500.0,198500.0,199500.0,219961.0,0.0
2006-02-17 00:00:00,201000.0,201000.0,198000.0,200000.0,136004.0,0.0025062656641603
2006-02-20 00:00:00,200500.0,202500.0,197500.0,198500.0,138530.0,-0.0074999999999999
2006-02-21 00:00:00,199500.0,200000.0,195500.0,199500.0,155777.0,0.0050377833753147
2006-02-22 00:00:00,199500.0,199500.0,195500.0,198000.0,166757.0,-0.0075187969924812
2006-02-23 00:00:00,198500.0,201500.0,198000.0,201500.0,180634.0,0.0176767676767677
2006-02-24 00:00:00,202000.0,202500.0,200000.0,202500.0,110712.0,0.0049627791563275
2006-02-27 00:00:00,201000.0,203500.0,199500.0,203500.0,87601.0,0.0049382716049382
2006-02-28 00:00:00,204500.0,204500.0,200000.0,202500.0,134063.0,-0.0049140049140049
2006-03-02 00:00:00,200500.0,203000.0,200000.0,203000.0,70979.0,0.0024691358024691
2006-03-03 00:00:00,202500.0,203000.0,195000.0,197500.0,169127.0,-0.0270935960591133
2006-03-06 00:00:00,198500.0,200500.0,196500.0,199000.0,154317.0,0.0075949367088608
2006-03-07 00:00:00,198000.0,199500.0,195000.0,197500.0,103847.0,-0.0075376884422109
2006-03-08 00:00:00,195000.0,200500.0,194500.0,196500.0,159058.0,-0.0050632911392405
2006-03-09 00:00:00,199500.0,199500.0,195500.0,195500.0,151846.0,-0.005089058524173
2006-03-10 00:00:00,199000.0,199000.0,195500.0,196500.0,86823.0,0.0051150895140665
2006-03-13 00:00:00,196500.0,198000.0,195000.0,196000.0,108975.0,-0.0025445292620864
2006-03-14 00:00:00,196500.0,196500.0,192500.0,194500.0,108363.0,-0.0076530612244898
2006-03-15 00:00:00,193500.0,197500.0,193000.0,194000.0,149114.0,-0.0025706940874036
2006-03-16 00:00:00,195000.0,195500.0,193000.0,194000.0,92597.0,0.0
2006-03-17 00:00:00,194500.0,196500.0,192000.0,196500.0,85327.0,0.0128865979381442
2006-03-20 00:00:00,195500.0,197000.0,194500.0,197000.0,73852.0,0.0025445292620864
2006-03-21 00:00:00,196500.0,197000.0,192500.0,192500.0,186850.0,-0.0228426395939086
2006-03-22 00:00:00,191500.0,192000.0,187500.0,189000.0,162560.0,-0.0181818181818181
2006-03-23 00:00:00,190500.0,192000.0,188500.0,190000.0,134504.0,0.0052910052910053
2006-03-24 00:00:00,188500.0,191500.0,188500.0,189000.0,74310.0,-0.0052631578947368
2006-03-27 00:00:00,190500.0,192500.0,190000.0,190500.0,72156.0,0.0079365079365079
2006-03-28 00:00:00,190500.0,192500.0,189500.0,191500.0,71902.0,0.0052493438320209
2006-03-29 00:00:00,191500.0,194500.0,189500.0,193000.0,91919.0,0.0078328981723236
2006-03-30 00:00:00,191500.0,195000.0,191500.0,192000.0,86323.0,-0.005181347150259
2006-03-31 00:00:00,194500.0,195500.0,192500.0,192500.0,112896.0,0.0026041666666667
2006-04-03 00:00:00,192500.0,195000.0,192500.0,193500.0,115405.0,0.0051948051948051
2006-04-04 00:00:00,193500.0,193500.0,191500.0,192500.0,105870.0,-0.0051679586563307
2006-04-05 00:00:00,192000.0,193000.0,190000.0,191500.0,106065.0,-0.0051948051948051
2006-04-06 00:00:00,192500.0,196000.0,191000.0,192000.0,197285.0,0.0026109660574411
2006-04-07 00:00:00,191500.0,191500.0,188500.0,191000.0,878738.0,-0.0052083333333333
2006-04-10 00:00:00,190500.0,193500.0,190000.0,192500.0,127105.0,0.0078534031413612
2006-04-11 00:00:00,192500.0,193000.0,190500.0,192500.0,86016.0,0.0
2006-04-12 00:00:00,192000.0,192000.0,189500.0,190000.0,111813.0,-0.0129870129870129
2006-04-13 00:00:00,191000.0,193000.0,189500.0,192000.0,110629.0,0.0105263157894737
2006-04-14 00:00:00,191500.0,197500.0,191500.0,196000.0,212932.0,0.0208333333333332
2006-04-17 00:00:00,197000.0,204500.0,196500.0,202000.0,445549.0,0.0306122448979591
2006-04-18 00:00:00,204500.0,210000.0,203500.0,209500.0,572322.0,0.0371287128712871
2006-04-19 00:00:00,210000.0,211000.0,206000.0,209000.0,253103.0,-0.0023866348448687
2006-04-20 00:00:00,208500.0,210500.0,204000.0,209000.0,187341.0,0.0
2006-04-21 00:00:00,210500.0,220000.0,210500.0,216000.0,493257.0,0.0334928229665072
2006-04-24 00:00:00,216000.0,220500.0,214000.0,218000.0,283938.0,0.0092592592592593
2006-04-25 00:00:00,218000.0,219000.0,214500.0,218000.0,207639.0,0.0
2006-04-26 00:00:00,218000.0,218500.0,214500.0,217500.0,202116.0,-0.0022935779816514
2006-04-27 00:00:00,217500.0,223500.0,216500.0,222500.0,271476.0,0.0229885057471264
2006-04-28 00:00:00,222000.0,225000.0,216000.0,221500.0,289681.0,-0.0044943820224718
2006-05-02 00:00:00,221500.0,237000.0,220500.0,231500.0,366364.0,0.0451467268623024
2006-05-03 00:00:00,230000.0,231500.0,226500.0,226500.0,267883.0,-0.0215982721382289
2006-05-04 00:00:00,227000.0,231000.0,225000.0,231000.0,173329.0,0.0198675496688742
2006-05-08 00:00:00,232000.0,237500.0,231000.0,233000.0,170309.0,0.0086580086580085
2006-05-09 00:00:00,231500.0,231500.0,227000.0,228000.0,133215.0,-0.0214592274678111
2006-05-10 00:00:00,227000.0,230500.0,223000.0,230500.0,118790.0,0.0109649122807018
2006-05-11 00:00:00,228000.0,235500.0,227500.0,235000.0,156806.0,0.0195227765726682
2006-05-12 00:00:00,230500.0,233000.0,228000.0,231500.0,212432.0,-0.0148936170212765
2006-05-15 00:00:00,229500.0,229500.0,224000.0,225000.0,142423.0,-0.0280777537796976
2006-05-16 00:00:00,227000.0,227000.0,220000.0,220000.0,169688.0,-0.0222222222222222
2006-05-17 00:00:00,220500.0,227000.0,220000.0,225000.0,134564.0,0.0227272727272727
2006-05-18 00:00:00,217000.0,222500.0,216500.0,222500.0,202035.0,-0.011111111111111
2006-05-19 00:00:00,220000.0,222000.0,216500.0,219500.0,143084.0,-0.0134831460674157
2006-05-22 00:00:00,220000.0,220000.0,216500.0,218000.0,98351.0,-0.0068337129840546
2006-05-23 00:00:00,218000.0,219500.0,216500.0,218500.0,210888.0,0.0022935779816513
2006-05-24 00:00:00,218000.0,218000.0,210500.0,217500.0,205898.0,-0.0045766590389015
2006-05-25 00:00:00,214000.0,214500.0,207500.0,207500.0,194746.0,-0.0459770114942529
2006-05-26 00:00:00,212500.0,218000.0,212000.0,218000.0,161690.0,0.0506024096385542
2006-05-29 00:00:00,223500.0,227000.0,220000.0,225000.0,202833.0,0.0321100917431191
2006-05-30 00:00:00,225000.0,229000.0,224500.0,225500.0,187843.0,0.0022222222222221
2006-06-01 00:00:00,224500.0,232500.0,223000.0,230000.0,307183.0,0.0199556541019956
2006-06-02 00:00:00,230000.0,234000.0,228000.0,230000.0,228826.0,0.0
2006-06-05 00:00:00,233000.0,233000.0,225500.0,225500.0,180818.0,-0.0195652173913043
2006-06-07 00:00:00,217000.0,222000.0,217000.0,220500.0,216982.0,-0.0221729490022173
2006-06-08 00:00:00,219000.0,223000.0,211500.0,212000.0,309119.0,-0.0385487528344671
2006-06-09 00:00:00,212000.0,217500.0,212000.0,216500.0,176542.0,0.0212264150943395
2006-06-12 00:00:00,213000.0,217500.0,213000.0,216500.0,168010.0,0.0
2006-06-13 00:00:00,213000.0,215500.0,211000.0,213000.0,164256.0,-0.0161662817551963
2006-06-14 00:00:00,212000.0,219500.0,211500.0,215000.0,250009.0,0.0093896713615022
2006-06-15 00:00:00,215000.0,215000.0,208500.0,208500.0,306890.0,-0.0302325581395348
2006-06-16 00:00:00,211000.0,215000.0,207500.0,212000.0,247430.0,0.0167865707434051
2006-06-19 00:00:00,210000.0,213000.0,209000.0,212000.0,112954.0,0.0
2006-06-20 00:00:00,213500.0,213500.0,202000.0,203500.0,232823.0,-0.0400943396226415
2006-06-21 00:00:00,203000.0,204000.0,198500.0,201000.0,138313.0,-0.0122850122850123
2006-06-22 00:00:00,202000.0,202500.0,194000.0,199000.0,352793.0,-0.0099502487562188
2006-06-23 00:00:00,197000.0,197000.0,193000.0,194500.0,120293.0,-0.0226130653266332
2006-06-26 00:00:00,195000.0,201500.0,193500.0,201000.0,126921.0,0.0334190231362467
2006-06-27 00:00:00,200500.0,201000.0,198500.0,200000.0,98358.0,-0.0049751243781094
2006-06-28 00:00:00,198000.0,202000.0,196500.0,199500.0,219202.0,-0.0024999999999999
2006-06-29 00:00:00,198500.0,204000.0,197500.0,204000.0,159188.0,0.0225563909774435
2006-06-30 00:00:00,206000.0,206500.0,202000.0,204000.0,184669.0,0.0
2006-07-03 00:00:00,203000.0,203000.0,198500.0,200000.0,152116.0,-0.0196078431372549
2006-07-04 00:00:00,201000.0,204000.0,199000.0,200000.0,136859.0,0.0
2006-07-05 00:00:00,198500.0,200000.0,196500.0,198000.0,107614.0,-0.01
2006-07-06 00:00:00,197000.0,198500.0,193500.0,196500.0,174441.0,-0.0075757575757575
2006-07-07 00:00:00,197500.0,197500.0,192500.0,194000.0,161453.0,-0.0127226463104325
2006-07-10 00:00:00,192500.0,203500.0,191000.0,202000.0,211095.0,0.0412371134020619
2006-07-11 00:00:00,201000.0,202500.0,199500.0,201000.0,113090.0,-0.0049504950495049
2006-07-12 00:00:00,201000.0,201500.0,196500.0,198000.0,242655.0,-0.0149253731343284
2006-07-13 00:00:00,195000.0,198000.0,192000.0,194500.0,151206.0,-0.0176767676767676
2006-07-14 00:00:00,192000.0,193000.0,190000.0,191500.0,149000.0,-0.0154241645244216
2006-07-18 00:00:00,190000.0,197000.0,188500.0,194000.0,219494.0,0.0130548302872062
2006-07-19 00:00:00,194000.0,198500.0,192500.0,196500.0,123507.0,0.0128865979381442
2006-07-20 00:00:00,199500.0,200500.0,197500.0,200000.0,108783.0,0.0178117048346055
2006-07-21 00:00:00,198500.0,199000.0,195000.0,195000.0,107979.0,-0.025
2006-07-24 00:00:00,193000.0,197500.0,192500.0,196500.0,107622.0,0.0076923076923076
2006-07-25 00:00:00,197500.0,199500.0,195500.0,197500.0,119950.0,0.0050890585241729
2006-07-26 00:00:00,197500.0,198000.0,194000.0,194000.0,111789.0,-0.0177215189873417
2006-07-27 00:00:00,196000.0,205000.0,195500.0,204000.0,271385.0,0.0515463917525773
2006-07-28 00:00:00,202000.0,204500.0,200500.0,202500.0,119162.0,-0.0073529411764705
2006-07-31 00:00:00,204500.0,205000.0,198000.0,198500.0,180054.0,-0.019753086419753
2006-08-01 00:00:00,201000.0,202500.0,195000.0,195000.0,212308.0,-0.017632241813602
2006-08-02 00:00:00,185000.0,187000.0,181500.0,184000.0,884589.0,-0.0564102564102564
2006-08-03 00:00:00,184000.0,185000.0,179000.0,181000.0,506801.0,-0.0163043478260869
2006-08-04 00:00:00,182000.0,184000.0,182000.0,182500.0,321979.0,0.0082872928176795
2006-08-07 00:00:00,184500.0,188500.0,184000.0,186500.0,313806.0,0.0219178082191779
2006-08-08 00:00:00,186500.0,189500.0,186500.0,189500.0,182399.0,0.0160857908847185
2006-08-09 00:00:00,189500.0,190000.0,187000.0,187500.0,148179.0,-0.0105540897097625
2006-08-10 00:00:00,188500.0,190000.0,187500.0,188000.0,210497.0,0.0026666666666665
2006-08-11 00:00:00,188000.0,190500.0,183500.0,184000.0,181414.0,-0.0212765957446808
2006-08-14 00:00:00,184500.0,189500.0,184500.0,187500.0,209243.0,0.0190217391304348
2006-08-16 00:00:00,186500.0,192500.0,186500.0,192000.0,217043.0,0.024
2006-08-17 00:00:00,191000.0,195500.0,190500.0,193000.0,255223.0,0.0052083333333332
2006-08-18 00:00:00,193000.0,195500.0,192500.0,195000.0,173455.0,0.0103626943005181
2006-08-21 00:00:00,195500.0,195500.0,189500.0,190000.0,125021.0,-0.0256410256410256
2006-08-22 00:00:00,190000.0,193000.0,190000.0,191500.0,125671.0,0.0078947368421051
2006-08-23 00:00:00,189500.0,191500.0,185500.0,186500.0,192457.0,-0.0261096605744125
2006-08-24 00:00:00,188000.0,189000.0,186500.0,186500.0,88024.0,0.0
2006-08-25 00:00:00,186500.0,189500.0,186500.0,189500.0,147835.0,0.0160857908847185
2006-08-28 00:00:00,189000.0,189500.0,187000.0,187500.0,79708.0,-0.0105540897097625
2006-08-29 00:00:00,188000.0,190500.0,187500.0,189500.0,83153.0,0.0106666666666666
2006-08-30 00:00:00,190500.0,190500.0,185000.0,186000.0,298045.0,-0.0184696569920844
2006-08-31 00:00:00,188000.0,189500.0,187000.0,187000.0,201755.0,0.0053763440860215
2006-09-01 00:00:00,189000.0,192000.0,189000.0,191000.0,148361.0,0.0213903743315508
2006-09-04 00:00:00,192500.0,195000.0,191500.0,194000.0,128683.0,0.0157068062827225
2006-09-05 00:00:00,194500.0,195500.0,194000.0,194500.0,74024.0,0.0025773195876288
2006-09-06 00:00:00,194500.0,194500.0,191000.0,194000.0,163009.0,-0.0025706940874036
2006-09-07 00:00:00,193500.0,197000.0,192000.0,196500.0,435683.0,0.0128865979381442
2006-09-08 00:00:00,195000.0,197000.0,194500.0,197000.0,252167.0,0.0025445292620864
2006-09-11 00:00:00,196500.0,196500.0,191500.0,192500.0,214315.0,-0.0228426395939086
2006-09-12 00:00:00,192500.0,194000.0,192500.0,194000.0,167765.0,0.0077922077922076
2006-09-13 00:00:00,195500.0,196500.0,194000.0,194500.0,104037.0,0.0025773195876288
2006-09-14 00:00:00,194500.0,197000.0,194500.0,197000.0,278262.0,0.012853470437018
2006-09-15 00:00:00,197000.0,197000.0,194000.0,197000.0,244636.0,0.0
2006-09-18 00:00:00,197000.0,197000.0,194500.0,196500.0,230691.0,-0.0025380710659898
2006-09-19 00:00:00,197000.0,197000.0,195000.0,196000.0,177094.0,-0.0025445292620864
2006-09-20 00:00:00,196000.0,197000.0,196000.0,196500.0,146659.0,0.0025510204081633
2006-09-21 00:00:00,197000.0,200000.0,197000.0,197000.0,182996.0,0.0025445292620864
2006-09-22 00:00:00,197500.0,203500.0,197500.0,201000.0,351564.0,0.0203045685279188
2006-09-25 00:00:00,203000.0,205000.0,200000.0,203000.0,267359.0,0.0099502487562188
2006-09-26 00:00:00,205500.0,205500.0,203000.0,204500.0,225492.0,0.0073891625615762
2006-09-27 00:00:00,204500.0,205500.0,199500.0,203000.0,514095.0,-0.0073349633251833
2006-09-28 00:00:00,202000.0,203000.0,199500.0,202000.0,219761.0,-0.0049261083743842
2006-09-29 00:00:00,200500.0,202000.0,199000.0,201500.0,107992.0,-0.0024752475247524
2006-10-02 00:00:00,198500.0,203000.0,198500.0,201000.0,120672.0,-0.0024813895781637
2006-10-04 00:00:00,200000.0,200500.0,197000.0,198000.0,136235.0,-0.0149253731343284
2006-10-09 00:00:00,198000.0,200500.0,194500.0,196500.0,240395.0,-0.0075757575757575
2006-10-10 00:00:00,199000.0,199000.0,196000.0,198000.0,113569.0,0.0076335877862594
2006-10-11 00:00:00,197000.0,199000.0,195000.0,196000.0,156666.0,-0.01010101010101
2006-10-12 00:00:00,196000.0,198000.0,194500.0,195000.0,245958.0,-0.0051020408163264
2006-10-13 00:00:00,197500.0,199000.0,196000.0,197000.0,167653.0,0.0102564102564102
2006-10-16 00:00:00,199000.0,200000.0,198500.0,199500.0,129837.0,0.0126903553299493
2006-10-17 00:00:00,200000.0,201000.0,199000.0,200500.0,84835.0,0.0050125313283209
2006-10-18 00:00:00,200500.0,202500.0,199000.0,202000.0,200080.0,0.0074812967581048
2006-10-19 00:00:00,202000.0,203500.0,201000.0,203500.0,104946.0,0.0074257425742574
2006-10-20 00:00:00,204000.0,205500.0,202500.0,205000.0,195574.0,0.0073710073710073
2006-10-23 00:00:00,203000.0,205500.0,202500.0,204500.0,76588.0,-0.0024390243902439
2006-10-24 00:00:00,204500.0,205000.0,202000.0,203000.0,95007.0,-0.0073349633251833
2006-10-25 00:00:00,204000.0,204500.0,202000.0,203500.0,91103.0,0.0024630541871921
2006-10-26 00:00:00,204500.0,209000.0,203500.0,205500.0,298485.0,0.0098280098280099
2006-10-27 00:00:00,206500.0,211000.0,206000.0,211000.0,309917.0,0.0267639902676399
2006-10-30 00:00:00,209000.0,209500.0,205500.0,207500.0,179375.0,-0.0165876777251184
2006-10-31 00:00:00,207500.0,207500.0,204500.0,204500.0,138940.0,-0.0144578313253012
2006-11-01 00:00:00,206500.0,214000.0,205000.0,213500.0,468096.0,0.0440097799511003
2006-11-02 00:00:00,212500.0,216500.0,212000.0,216000.0,262626.0,0.0117096018735363
2006-11-03 00:00:00,214500.0,217000.0,213000.0,214000.0,124634.0,-0.0092592592592593
2006-11-06 00:00:00,214000.0,216000.0,212500.0,215000.0,119295.0,0.0046728971962617
2006-11-07 00:00:00,215500.0,220000.0,214500.0,218000.0,206322.0,0.013953488372093
2006-11-08 00:00:00,217000.0,218000.0,214500.0,214500.0,95546.0,-0.0160550458715595
2006-11-09 00:00:00,214500.0,219000.0,214000.0,219000.0,120696.0,0.020979020979021
2006-11-10 00:00:00,216000.0,219500.0,216000.0,218500.0,81558.0,-0.002283105022831
2006-11-13 00:00:00,216500.0,217000.0,214500.0,215000.0,84130.0,-0.0160183066361555
2006-11-14 00:00:00,215000.0,216500.0,213500.0,214000.0,88959.0,-0.0046511627906976
2006-11-15 00:00:00,214500.0,217500.0,213500.0,215000.0,104220.0,0.0046728971962617
2006-11-16 00:00:00,216500.0,222000.0,216000.0,222000.0,230420.0,0.0325581395348837
2006-11-17 00:00:00,221500.0,229000.0,220000.0,225000.0,262404.0,0.0135135135135135
2006-11-20 00:00:00,224500.0,224500.0,219500.0,220000.0,157102.0,-0.0222222222222222
2006-11-21 00:00:00,221500.0,224500.0,219500.0,223000.0,105526.0,0.0136363636363636
2006-11-22 00:00:00,221000.0,226500.0,220000.0,224000.0,172617.0,0.0044843049327354
2006-11-23 00:00:00,222000.0,224000.0,221500.0,223000.0,172465.0,-0.0044642857142856
2006-11-24 00:00:00,224000.0,224000.0,218000.0,221000.0,140431.0,-0.0089686098654708
2006-11-27 00:00:00,219500.0,223000.0,219000.0,222500.0,92375.0,0.006787330316742
2006-11-28 00:00:00,217500.0,221500.0,217500.0,219000.0,111757.0,-0.0157303370786516
2006-11-29 00:00:00,219000.0,221000.0,216500.0,218500.0,143869.0,-0.002283105022831
2006-11-30 00:00:00,218500.0,219500.0,215000.0,216000.0,188995.0,-0.0114416475972539
2006-12-01 00:00:00,216000.0,217500.0,211500.0,214500.0,223950.0,-0.0069444444444444
2006-12-04 00:00:00,212000.0,215000.0,212000.0,212500.0,80259.0,-0.0093240093240093
2006-12-05 00:00:00,213500.0,215000.0,212500.0,213500.0,120608.0,0.0047058823529411
2006-12-06 00:00:00,215000.0,219000.0,214500.0,219000.0,211826.0,0.0257611241217798
2006-12-07 00:00:00,219000.0,224000.0,217000.0,223000.0,228563.0,0.0182648401826484
2006-12-08 00:00:00,222500.0,222500.0,218000.0,220000.0,121283.0,-0.0134529147982063
2006-12-11 00:00:00,220000.0,220000.0,217000.0,218000.0,80922.0,-0.009090909090909
2006-12-12 00:00:00,216000.0,220000.0,216000.0,217500.0,82446.0,-0.0022935779816514
2006-12-13 00:00:00,217000.0,217500.0,215000.0,215500.0,89735.0,-0.0091954022988506
2006-12-14 00:00:00,215000.0,224000.0,214000.0,224000.0,315492.0,0.0394431554524361
2006-12-15 00:00:00,223000.0,223000.0,220000.0,221500.0,116246.0,-0.0111607142857143
2006-12-18 00:00:00,222000.0,231000.0,221500.0,231000.0,215511.0,0.0428893905191873
2006-12-19 00:00:00,228000.0,230000.0,227500.0,230000.0,154917.0,-0.0043290043290042
2006-12-20 00:00:00,227000.0,235000.0,227000.0,233000.0,226299.0,0.0130434782608694
2006-12-21 00:00:00,231000.0,231000.0,226000.0,226000.0,260950.0,-0.0300429184549356
2006-12-22 00:00:00,225500.0,228000.0,224500.0,226500.0,189093.0,0.002212389380531
2006-12-26 00:00:00,225000.0,227000.0,223000.0,227000.0,258365.0,0.0022075055187638
2006-12-27 00:00:00,224000.0,224000.0,217500.0,221000.0,147602.0,-0.0264317180616739
2006-12-28 00:00:00,224000.0,224000.0,220500.0,222500.0,68093.0,0.006787330316742
2007-01-02 00:00:00,219000.0,223000.0,219000.0,222000.0,97786.0,-0.0022471910112359
2007-01-03 00:00:00,222000.0,223000.0,218000.0,218000.0,105863.0,-0.018018018018018
2007-01-04 00:00:00,217500.0,221000.0,215000.0,220500.0,151616.0,0.0114678899082569
2007-01-05 00:00:00,218000.0,222500.0,216000.0,222500.0,148605.0,0.0090702947845804
2007-01-08 00:00:00,223000.0,225500.0,220500.0,223000.0,176020.0,0.002247191011236
2007-01-09 00:00:00,222000.0,222500.0,218000.0,219000.0,137777.0,-0.0179372197309417
2007-01-10 00:00:00,216500.0,217000.0,210500.0,211000.0,234505.0,-0.0365296803652968
2007-01-11 00:00:00,211000.0,215000.0,211000.0,214000.0,147165.0,0.014218009478673
2007-01-12 00:00:00,216000.0,216000.0,212000.0,212500.0,85256.0,-0.0070093457943924
2007-01-15 00:00:00,214500.0,214500.0,208500.0,211000.0,264486.0,-0.0070588235294117
2007-01-16 00:00:00,210000.0,212500.0,208000.0,212000.0,120516.0,0.0047393364928909
2007-01-17 00:00:00,212500.0,212500.0,210000.0,211500.0,96442.0,-0.0023584905660377
2007-01-18 00:00:00,212000.0,217000.0,211500.0,215000.0,134225.0,0.0165484633569739
2007-01-19 00:00:00,215000.0,216500.0,213000.0,215000.0,82502.0,0.0
2007-01-22 00:00:00,215500.0,216000.0,211500.0,216000.0,143079.0,0.0046511627906977
2007-01-23 00:00:00,213000.0,214000.0,207000.0,208000.0,354033.0,-0.037037037037037
2007-01-24 00:00:00,206000.0,206000.0,201000.0,204000.0,477279.0,-0.0192307692307692
2007-01-25 00:00:00,202000.0,202500.0,196500.0,197500.0,463109.0,-0.0318627450980392
2007-01-26 00:00:00,196000.0,197500.0,195500.0,197000.0,127626.0,-0.0025316455696202
2007-01-29 00:00:00,196000.0,197500.0,195500.0,196500.0,135651.0,-0.0025380710659898
2007-01-30 00:00:00,197500.0,200500.0,197000.0,199000.0,145797.0,0.0127226463104326
2007-01-31 00:00:00,201000.0,202500.0,199500.0,200000.0,174606.0,0.0050251256281406
2007-02-01 00:00:00,200500.0,204000.0,200500.0,202500.0,261356.0,0.0124999999999999
2007-02-02 00:00:00,200500.0,205000.0,200000.0,204500.0,183186.0,0.0098765432098766
2007-02-05 00:00:00,202000.0,205500.0,201500.0,205500.0,216445.0,0.0048899755501221
2007-02-06 00:00:00,202500.0,203500.0,201000.0,201500.0,210335.0,-0.0194647201946471
2007-02-07 00:00:00,202000.0,202500.0,197500.0,200000.0,294596.0,-0.0074441687344912
2007-02-08 00:00:00,199500.0,202000.0,199000.0,201000.0,206851.0,0.0049999999999998
2007-02-09 00:00:00,199500.0,200500.0,196500.0,198000.0,299121.0,-0.0149253731343284
2007-02-12 00:00:00,197500.0,197500.0,195500.0,197500.0,183071.0,-0.0025252525252524
2007-02-13 00:00:00,197000.0,198500.0,196000.0,197500.0,134520.0,0.0
2007-02-14 00:00:00,199000.0,201500.0,198000.0,201500.0,216546.0,0.0202531645569621
2007-02-15 00:00:00,201500.0,203500.0,199000.0,203000.0,183678.0,0.0074441687344912
2007-02-16 00:00:00,202000.0,202000.0,199500.0,202000.0,211567.0,-0.0049261083743842
2007-02-20 00:00:00,200500.0,201500.0,199000.0,201500.0,160403.0,-0.0024752475247524
2007-02-21 00:00:00,201500.0,201500.0,199000.0,200500.0,215782.0,-0.0049627791563275
2007-02-22 00:00:00,200000.0,200500.0,198000.0,199500.0,316095.0,-0.0049875311720698
2007-02-23 00:00:00,199000.0,199500.0,194500.0,195000.0,473738.0,-0.0225563909774436
2007-02-26 00:00:00,194500.0,195000.0,191500.0,193500.0,293110.0,-0.0076923076923076
2007-02-27 00:00:00,194500.0,198000.0,194500.0,196500.0,226980.0,0.0155038759689922
2007-02-28 00:00:00,191500.0,196500.0,191000.0,196500.0,331716.0,0.0
2007-03-02 00:00:00,195500.0,195500.0,192500.0,194500.0,245333.0,-0.010178117048346
2007-03-05 00:00:00,192500.0,194000.0,191500.0,191500.0,150522.0,-0.0154241645244216
2007-03-06 00:00:00,192500.0,194000.0,191000.0,193000.0,182435.0,0.0078328981723236
2007-03-07 00:00:00,195000.0,196000.0,191500.0,192000.0,188709.0,-0.005181347150259
2007-03-08 00:00:00,192500.0,193000.0,191000.0,192000.0,207745.0,0.0
2007-03-09 00:00:00,194000.0,196000.0,192500.0,193500.0,198886.0,0.0078125
2007-03-12 00:00:00,194000.0,194500.0,192500.0,194500.0,119752.0,0.0051679586563306
2007-03-13 00:00:00,195500.0,197500.0,195000.0,195500.0,163650.0,0.0051413881748072
2007-03-14 00:00:00,194000.0,196500.0,193500.0,195500.0,153001.0,0.0
2007-03-15 00:00:00,197000.0,198500.0,195500.0,195500.0,160590.0,0.0
2007-03-16 00:00:00,197500.0,198000.0,195000.0,196500.0,169311.0,0.0051150895140665
2007-03-19 00:00:00,198000.0,198000.0,194500.0,195500.0,319332.0,-0.005089058524173
2007-03-20 00:00:00,196500.0,197000.0,194000.0,195500.0,226179.0,0.0
2007-03-21 00:00:00,195500.0,196000.0,193500.0,195500.0,218917.0,0.0
2007-03-22 00:00:00,196000.0,197000.0,194000.0,195500.0,317826.0,0.0
2007-03-23 00:00:00,195000.0,195000.0,190500.0,190500.0,324073.0,-0.0255754475703324
2007-03-26 00:00:00,191500.0,192500.0,191000.0,192000.0,139340.0,0.0078740157480314
2007-03-27 00:00:00,192500.0,194500.0,192000.0,193500.0,148189.0,0.0078125
2007-03-28 00:00:00,193500.0,194000.0,190000.0,191500.0,172610.0,-0.0103359173126614
2007-03-29 00:00:00,191000.0,193000.0,190000.0,192000.0,185786.0,0.0026109660574411
2007-03-30 00:00:00,192000.0,193000.0,190500.0,191500.0,166380.0,-0.0026041666666666
2007-04-02 00:00:00,192000.0,193000.0,191000.0,192000.0,157954.0,0.0026109660574411
2007-04-03 00:00:00,192000.0,192500.0,189000.0,190500.0,244748.0,-0.0078125
2007-04-04 00:00:00,190500.0,191000.0,188000.0,191000.0,304107.0,0.0026246719160105
2007-04-05 00:00:00,190000.0,191500.0,189500.0,190500.0,179839.0,-0.0026178010471203
2007-04-06 00:00:00,190500.0,192000.0,190000.0,191000.0,171048.0,0.0026246719160105
2007-04-09 00:00:00,191000.0,192500.0,188000.0,189500.0,283304.0,-0.0078534031413612
2007-04-10 00:00:00,190000.0,191000.0,189500.0,190500.0,173475.0,0.0052770448548813
2007-04-11 00:00:00,191500.0,193500.0,191000.0,193000.0,200555.0,0.0131233595800523
2007-04-12 00:00:00,193500.0,197000.0,192500.0,196500.0,337303.0,0.0181347150259068
2007-04-13 00:00:00,196500.0,197500.0,194500.0,195500.0,161680.0,-0.005089058524173
2007-04-16 00:00:00,195500.0,196500.0,194000.0,195000.0,140340.0,-0.0025575447570332
2007-04-17 00:00:00,195000.0,195000.0,191500.0,193500.0,257693.0,-0.0076923076923076
2007-04-18 00:00:00,193500.0,194000.0,192000.0,192000.0,153123.0,-0.0077519379844961
2007-04-19 00:00:00,192500.0,194000.0,190500.0,192500.0,172123.0,0.0026041666666667
2007-04-20 00:00:00,193000.0,193500.0,189500.0,192000.0,314933.0,-0.0025974025974025
2007-04-23 00:00:00,191000.0,192000.0,190000.0,192000.0,177285.0,0.0
2007-04-24 00:00:00,190500.0,192000.0,189000.0,190500.0,242974.0,-0.0078125
2007-04-25 00:00:00,189000.0,190000.0,187500.0,188500.0,224788.0,-0.0104986876640419
2007-04-26 00:00:00,188500.0,194000.0,188000.0,191500.0,354580.0,0.0159151193633952
2007-04-27 00:00:00,192500.0,199000.0,192500.0,197000.0,478080.0,0.0287206266318538
2007-04-30 00:00:00,197000.0,199000.0,195500.0,196500.0,170526.0,-0.0025380710659898
2007-05-02 00:00:00,198500.0,202000.0,198500.0,200500.0,304534.0,0.020356234096692
2007-05-03 00:00:00,203500.0,204000.0,202500.0,203000.0,196563.0,0.0124688279301745
2007-05-04 00:00:00,203000.0,206500.0,202500.0,204500.0,230101.0,0.0073891625615762
2007-05-07 00:00:00,206500.0,213500.0,206500.0,210000.0,446312.0,0.0268948655256724
2007-05-08 00:00:00,208500.0,216000.0,208500.0,210500.0,261510.0,0.0023809523809523
2007-05-09 00:00:00,208500.0,212500.0,208500.0,210500.0,97243.0,0.0
2007-05-10 00:00:00,210000.0,212000.0,206000.0,207500.0,244037.0,-0.0142517814726841
2007-05-11 00:00:00,208000.0,208500.0,203500.0,206000.0,202918.0,-0.0072289156626506
2007-05-14 00:00:00,206500.0,212000.0,206500.0,209000.0,259567.0,0.0145631067961164
2007-05-15 00:00:00,208500.0,215500.0,208000.0,214000.0,292402.0,0.0239234449760765
2007-05-16 00:00:00,213000.0,218000.0,213000.0,215000.0,261891.0,0.0046728971962617
2007-05-17 00:00:00,215500.0,215500.0,211500.0,214000.0,143241.0,-0.0046511627906976
2007-05-18 00:00:00,213000.0,215500.0,211500.0,215000.0,116164.0,0.0046728971962617
2007-05-21 00:00:00,212500.0,217500.0,209500.0,212000.0,207431.0,-0.0139534883720929
2007-05-22 00:00:00,209500.0,212000.0,205000.0,208000.0,292954.0,-0.0188679245283018
2007-05-23 00:00:00,208000.0,211000.0,207500.0,208500.0,144638.0,0.0024038461538462
2007-05-25 00:00:00,210000.0,210000.0,204500.0,207500.0,125009.0,-0.0047961630695443
2007-05-28 00:00:00,205500.0,207500.0,204500.0,206500.0,78916.0,-0.0048192771084337
2007-05-29 00:00:00,204500.0,207000.0,204000.0,205000.0,117125.0,-0.0072639225181597
2007-05-30 00:00:00,205000.0,205500.0,201500.0,202500.0,171528.0,-0.0121951219512195
2007-05-31 00:00:00,203000.0,205000.0,199500.0,202000.0,299756.0,-0.0024691358024691
2007-06-01 00:00:00,202500.0,207000.0,200500.0,206500.0,362772.0,0.0222772277227722
2007-06-04 00:00:00,204500.0,206000.0,203000.0,205500.0,203578.0,-0.0048426150121065
2007-06-05 00:00:00,204000.0,206500.0,202500.0,204000.0,210307.0,-0.0072992700729926
2007-06-07 00:00:00,203500.0,205000.0,202000.0,203500.0,149642.0,-0.0024509803921568
2007-06-08 00:00:00,202000.0,203500.0,201000.0,203000.0,138220.0,-0.0024570024570024
2007-06-11 00:00:00,202500.0,203000.0,201000.0,201500.0,174722.0,-0.0073891625615764
2007-06-12 00:00:00,201000.0,204000.0,201000.0,201500.0,112663.0,0.0
2007-06-13 00:00:00,201000.0,202000.0,199500.0,200000.0,327362.0,-0.0074441687344912
2007-06-14 00:00:00,201000.0,203000.0,200500.0,203000.0,233842.0,0.0149999999999999
2007-06-15 00:00:00,203000.0,211500.0,202500.0,208000.0,458735.0,0.0246305418719212
2007-06-18 00:00:00,211000.0,215000.0,211000.0,212000.0,297308.0,0.0192307692307691
2007-06-19 00:00:00,212000.0,214500.0,210000.0,211000.0,183807.0,-0.0047169811320755
2007-06-20 00:00:00,210000.0,214500.0,208000.0,211500.0,225385.0,0.0023696682464455
2007-06-21 00:00:00,210500.0,214000.0,208500.0,212000.0,167674.0,0.0023640661938533
2007-06-22 00:00:00,210000.0,212000.0,208000.0,210500.0,181684.0,-0.0070754716981131
2007-06-25 00:00:00,209500.0,214500.0,208000.0,210000.0,217314.0,-0.002375296912114
2007-06-26 00:00:00,210000.0,213000.0,210000.0,211500.0,151970.0,0.0071428571428571
2007-06-27 00:00:00,211000.0,213500.0,210000.0,211500.0,211080.0,0.0
2007-06-28 00:00:00,212000.0,212500.0,210500.0,212000.0,95890.0,0.0023640661938533
2007-06-29 00:00:00,211500.0,214000.0,211500.0,213000.0,147363.0,0.0047169811320755
2007-07-02 00:00:00,212000.0,212500.0,207500.0,209000.0,197995.0,-0.0187793427230047
2007-07-03 00:00:00,210000.0,210000.0,205500.0,207500.0,182826.0,-0.0071770334928229
2007-07-04 00:00:00,206500.0,207500.0,204000.0,206000.0,232242.0,-0.0072289156626506
2007-07-05 00:00:00,205000.0,207000.0,204000.0,205500.0,152448.0,-0.0024271844660194
2007-07-06 00:00:00,204000.0,205500.0,199000.0,200000.0,553188.0,-0.0267639902676398
2007-07-09 00:00:00,201000.0,203000.0,200500.0,201500.0,300216.0,0.0075
2007-07-10 00:00:00,203500.0,211500.0,203000.0,210000.0,593452.0,0.0421836228287841
2007-07-11 00:00:00,210000.0,214500.0,207500.0,211500.0,194928.0,0.0071428571428571
2007-07-12 00:00:00,210500.0,213000.0,209500.0,209500.0,126989.0,-0.0094562647754137
2007-07-13 00:00:00,209500.0,217500.0,209500.0,215000.0,283268.0,0.026252983293556
2007-07-16 00:00:00,217000.0,223000.0,215500.0,219000.0,289807.0,0.0186046511627906
2007-07-18 00:00:00,217500.0,218500.0,214000.0,218000.0,172089.0,-0.0045662100456621
2007-07-19 00:00:00,219500.0,221500.0,216500.0,221000.0,158854.0,0.0137614678899082
2007-07-20 00:00:00,219500.0,220500.0,216500.0,219000.0,130704.0,-0.009049773755656
2007-07-23 00:00:00,220000.0,221000.0,216000.0,219500.0,208613.0,0.0022831050228311
2007-07-24 00:00:00,214500.0,215500.0,211500.0,214500.0,290025.0,-0.0227790432801822
2007-07-25 00:00:00,213500.0,217000.0,211500.0,215500.0,184561.0,0.0046620046620047
2007-07-26 00:00:00,214500.0,218500.0,213000.0,217000.0,231632.0,0.0069605568445476
2007-07-27 00:00:00,216000.0,216000.0,208000.0,209000.0,236224.0,-0.0368663594470045
2007-07-30 00:00:00,210500.0,210500.0,204500.0,207500.0,200896.0,-0.0071770334928229
2007-07-31 00:00:00,206500.0,206500.0,204000.0,205000.0,205735.0,-0.0120481927710843
2007-08-01 00:00:00,204000.0,205500.0,199500.0,202000.0,300376.0,-0.0146341463414634
2007-08-02 00:00:00,201500.0,204500.0,199500.0,201500.0,186675.0,-0.0024752475247524
2007-08-03 00:00:00,202000.0,207000.0,202000.0,204000.0,200710.0,0.0124069478908188
2007-08-06 00:00:00,202000.0,203500.0,199500.0,202000.0,210645.0,-0.0098039215686274
2007-08-07 00:00:00,205000.0,205500.0,202000.0,202500.0,113816.0,0.0024752475247524
2007-08-08 00:00:00,202500.0,207000.0,202500.0,205000.0,159360.0,0.0123456790123457
2007-08-09 00:00:00,204000.0,207500.0,203000.0,205000.0,173849.0,0.0
2007-08-10 00:00:00,201500.0,203000.0,194500.0,196500.0,306016.0,-0.0414634146341463
2007-08-13 00:00:00,197500.0,202000.0,196500.0,201000.0,147218.0,0.0229007633587785
2007-08-14 00:00:00,198500.0,202000.0,198500.0,200000.0,118805.0,-0.0049751243781094
2007-08-16 00:00:00,197000.0,198000.0,192000.0,195000.0,394603.0,-0.025
2007-08-17 00:00:00,198000.0,198000.0,190500.0,192000.0,260981.0,-0.0153846153846153
2007-08-20 00:00:00,194000.0,199000.0,193000.0,197000.0,227328.0,0.0260416666666667
2007-08-21 00:00:00,196000.0,204000.0,195000.0,200500.0,221963.0,0.0177664974619289
2007-08-22 00:00:00,200500.0,204000.0,199000.0,203000.0,133913.0,0.0124688279301745
2007-08-23 00:00:00,203500.0,207500.0,203500.0,206000.0,280371.0,0.0147783251231528
2007-08-24 00:00:00,203500.0,205000.0,202000.0,204500.0,169637.0,-0.0072815533980582
2007-08-27 00:00:00,205000.0,207500.0,201000.0,203500.0,99827.0,-0.0048899755501222
2007-08-28 00:00:00,204000.0,205000.0,201500.0,204500.0,87640.0,0.0049140049140048
2007-08-29 00:00:00,201500.0,205000.0,199000.0,202500.0,157662.0,-0.0097799511002445
2007-08-30 00:00:00,204000.0,205500.0,201500.0,203500.0,171428.0,0.0049382716049382
2007-08-31 00:00:00,203000.0,207500.0,203000.0,206500.0,185448.0,0.0147420147420147
2007-09-03 00:00:00,205000.0,208000.0,203500.0,208000.0,99591.0,0.0072639225181598
2007-09-04 00:00:00,206500.0,211500.0,206500.0,210000.0,147089.0,0.0096153846153845
2007-09-05 00:00:00,208000.0,210000.0,204000.0,207500.0,168381.0,-0.0119047619047618
2007-09-06 00:00:00,205500.0,210000.0,205500.0,210000.0,136949.0,0.0120481927710842
2007-09-07 00:00:00,208000.0,212000.0,207500.0,210000.0,101482.0,0.0
2007-09-10 00:00:00,209000.0,210000.0,205500.0,207000.0,108096.0,-0.0142857142857142
2007-09-11 00:00:00,207000.0,210500.0,205500.0,208000.0,81855.0,0.0048309178743961
2007-09-12 00:00:00,208500.0,210500.0,207500.0,208000.0,152759.0,0.0
2007-09-13 00:00:00,208000.0,211500.0,206000.0,210500.0,170260.0,0.0120192307692308
2007-09-14 00:00:00,209500.0,213000.0,209500.0,212000.0,117024.0,0.0071258907363419
2007-09-17 00:00:00,211500.0,212500.0,209000.0,211500.0,74283.0,-0.0023584905660377
2007-09-18 00:00:00,211500.0,212500.0,206000.0,206000.0,198944.0,-0.0260047281323877
2007-09-19 00:00:00,207000.0,212500.0,207000.0,209500.0,267373.0,0.016990291262136
2007-09-20 00:00:00,212000.0,213000.0,208000.0,208000.0,190246.0,-0.0071599045346062
2007-09-21 00:00:00,210000.0,210500.0,207500.0,207500.0,158660.0,-0.0024038461538461
2007-09-27 00:00:00,206500.0,210500.0,206500.0,209000.0,230216.0,0.0072289156626506
2007-09-28 00:00:00,211000.0,211000.0,208000.0,210000.0,90816.0,0.0047846889952152
2007-10-01 00:00:00,209000.0,213500.0,209000.0,210500.0,99052.0,0.0023809523809523
2007-10-02 00:00:00,211000.0,217500.0,210500.0,216500.0,440250.0,0.0285035629453682
2007-10-04 00:00:00,217000.0,221500.0,216000.0,218500.0,402557.0,0.0092378752886836
2007-10-05 00:00:00,217500.0,217500.0,213000.0,216000.0,95767.0,-0.0114416475972539
2007-10-08 00:00:00,215500.0,219000.0,213500.0,216500.0,180707.0,0.0023148148148148
2007-10-09 00:00:00,216500.0,224500.0,216000.0,221000.0,219671.0,0.0207852193995381
2007-10-10 00:00:00,218500.0,243000.0,218000.0,240000.0,566749.0,0.0859728506787329
2007-10-11 00:00:00,237000.0,239500.0,231500.0,238000.0,386588.0,-0.0083333333333333
2007-10-12 00:00:00,237500.0,237500.0,224500.0,230500.0,273702.0,-0.0315126050420168
2007-10-15 00:00:00,232500.0,232500.0,221000.0,228500.0,326810.0,-0.0086767895878524
2007-10-16 00:00:00,223500.0,225000.0,217500.0,221500.0,379655.0,-0.0306345733041575
2007-10-17 00:00:00,223000.0,224000.0,212500.0,217500.0,272394.0,-0.0180586907449209
2007-10-18 00:00:00,217000.0,218000.0,211500.0,216000.0,153091.0,-0.0068965517241379
2007-10-19 00:00:00,219500.0,220000.0,213500.0,214500.0,143553.0,-0.0069444444444444
2007-10-22 00:00:00,210000.0,214500.0,206000.0,213000.0,147047.0,-0.0069930069930069
2007-10-23 00:00:00,213500.0,214000.0,209000.0,212500.0,122682.0,-0.0023474178403756
2007-10-24 00:00:00,211500.0,215000.0,207500.0,212000.0,171056.0,-0.0023529411764705
2007-10-25 00:00:00,212000.0,216000.0,206500.0,209000.0,264502.0,-0.0141509433962264
2007-10-26 00:00:00,207500.0,210000.0,204500.0,210000.0,270314.0,0.0047846889952152
2007-10-29 00:00:00,208000.0,209500.0,206000.0,209000.0,170866.0,-0.0047619047619047
2007-10-30 00:00:00,207000.0,212500.0,207000.0,210500.0,198327.0,0.0071770334928229
2007-10-31 00:00:00,210500.0,212500.0,210000.0,211500.0,119943.0,0.0047505938242279
2007-11-01 00:00:00,211500.0,214000.0,210500.0,212500.0,418427.0,0.0047281323877068
2007-11-02 00:00:00,212000.0,213500.0,206500.0,206500.0,115194.0,-0.028235294117647
2007-11-05 00:00:00,206500.0,208000.0,202000.0,204500.0,243314.0,-0.009685230024213
2007-11-06 00:00:00,204500.0,209000.0,204000.0,207500.0,113814.0,0.0146699266503667
2007-11-07 00:00:00,209000.0,224500.0,209000.0,216500.0,604048.0,0.0433734939759036
2007-11-08 00:00:00,216500.0,231000.0,211000.0,229500.0,757428.0,0.0600461893764434
2007-11-09 00:00:00,233000.0,244500.0,233000.0,239000.0,1239679.0,0.0413943355119825
2007-11-12 00:00:00,239500.0,257000.0,232000.0,234000.0,815002.0,-0.0209205020920502
2007-11-13 00:00:00,238000.0,247000.0,231500.0,239000.0,480068.0,0.0213675213675212
2007-11-14 00:00:00,242000.0,271000.0,232500.0,256000.0,981505.0,0.0711297071129706
2007-11-15 00:00:00,251000.0,260000.0,241000.0,248000.0,602031.0,-0.03125
2007-11-16 00:00:00,242000.0,248000.0,235000.0,240000.0,416547.0,-0.032258064516129
2007-11-19 00:00:00,236000.0,242500.0,231500.0,236500.0,266306.0,-0.0145833333333332
2007-11-20 00:00:00,232000.0,238000.0,230000.0,234000.0,257950.0,-0.0105708245243129
2007-11-21 00:00:00,232000.0,235500.0,227000.0,228500.0,402465.0,-0.0235042735042735
2007-11-22 00:00:00,228500.0,248500.0,228500.0,241000.0,641779.0,0.0547045951859956
2007-11-23 00:00:00,244000.0,255500.0,238500.0,243000.0,652563.0,0.0082987551867219
2007-11-26 00:00:00,246000.0,248500.0,239000.0,246000.0,294769.0,0.0123456790123457
2007-11-27 00:00:00,246000.0,247000.0,235000.0,241000.0,326414.0,-0.0203252032520325
2007-11-28 00:00:00,246000.0,249500.0,238000.0,239000.0,234777.0,-0.0082987551867219
2007-11-29 00:00:00,243000.0,249500.0,242500.0,246500.0,308303.0,0.0313807531380754
2007-11-30 00:00:00,246500.0,252000.0,245000.0,247500.0,256768.0,0.0040567951318457
2007-12-03 00:00:00,251000.0,253500.0,245000.0,250000.0,159527.0,0.0101010101010101
2007-12-04 00:00:00,251500.0,266500.0,251000.0,262000.0,409346.0,0.048
2007-12-05 00:00:00,260000.0,275000.0,259000.0,270000.0,555223.0,0.0305343511450382
2007-12-06 00:00:00,270500.0,272000.0,261500.0,266000.0,379325.0,-0.0148148148148148
2007-12-07 00:00:00,266000.0,266000.0,253000.0,253000.0,353006.0,-0.0488721804511278
2007-12-10 00:00:00,251000.0,262500.0,246000.0,255500.0,288768.0,0.0098814229249011
2007-12-11 00:00:00,258500.0,268000.0,255500.0,266000.0,267370.0,0.0410958904109588
2007-12-12 00:00:00,261500.0,278500.0,259000.0,273000.0,475545.0,0.0263157894736842
2007-12-13 00:00:00,271000.0,271500.0,265500.0,270000.0,492158.0,-0.0109890109890109
2007-12-14 00:00:00,266000.0,268000.0,259500.0,266000.0,201295.0,-0.0148148148148148
2007-12-17 00:00:00,259000.0,267000.0,256000.0,261500.0,224136.0,-0.0169172932330826
2007-12-18 00:00:00,258000.0,262000.0,256000.0,257500.0,282005.0,-0.0152963671128106
2007-12-20 00:00:00,259000.0,266500.0,258000.0,263000.0,217171.0,0.0213592233009709
2007-12-21 00:00:00,263500.0,274000.0,261000.0,274000.0,248370.0,0.0418250950570342
2007-12-24 00:00:00,276000.0,276500.0,263000.0,263500.0,360163.0,-0.0383211678832117
2007-12-26 00:00:00,263000.0,263500.0,253000.0,257000.0,332130.0,-0.0246679316888045
2007-12-27 00:00:00,259000.0,259000.0,249000.0,251000.0,384493.0,-0.0233463035019455
2007-12-28 00:00:00,250000.0,254000.0,249000.0,249000.0,203482.0,-0.0079681274900398
2008-01-02 00:00:00,246000.0,246000.0,228000.0,228000.0,752158.0,-0.0843373493975904
2008-01-03 00:00:00,227500.0,233500.0,227500.0,228500.0,267364.0,0.0021929824561404
2008-01-04 00:00:00,231500.0,236000.0,228000.0,232000.0,297095.0,0.0153172866520787
2008-01-07 00:00:00,225500.0,229000.0,222000.0,224000.0,258203.0,-0.0344827586206896
2008-01-08 00:00:00,224000.0,224500.0,219500.0,220500.0,193980.0,-0.015625
2008-01-09 00:00:00,218000.0,220000.0,215500.0,220000.0,231518.0,-0.0022675736961451
2008-01-10 00:00:00,220000.0,227000.0,216500.0,220500.0,423432.0,0.0022727272727272
2008-01-11 00:00:00,222500.0,222500.0,214500.0,215500.0,251050.0,-0.0226757369614512
2008-01-14 00:00:00,216000.0,224000.0,215500.0,219500.0,231099.0,0.0185614849187936
2008-01-15 00:00:00,220000.0,223000.0,217000.0,221000.0,148453.0,0.0068337129840547
2008-01-16 00:00:00,219000.0,219000.0,213500.0,214500.0,189363.0,-0.0294117647058823
2008-01-17 00:00:00,216000.0,222000.0,212500.0,218000.0,196617.0,0.0163170163170163
2008-01-18 00:00:00,211500.0,219000.0,210000.0,216500.0,338630.0,-0.0068807339449541
2008-01-21 00:00:00,214000.0,214000.0,207500.0,209500.0,458800.0,-0.0323325635103926
2008-01-22 00:00:00,205000.0,207000.0,201500.0,203500.0,284989.0,-0.0286396181384248
2008-01-23 00:00:00,208000.0,208000.0,201500.0,206500.0,227770.0,0.0147420147420147
2008-01-24 00:00:00,206000.0,207000.0,201500.0,202000.0,308888.0,-0.0217917675544794
2008-01-25 00:00:00,204500.0,207500.0,202500.0,205500.0,211838.0,0.0173267326732673
2008-01-28 00:00:00,204000.0,209000.0,203000.0,205000.0,179867.0,-0.0024330900243308
2008-01-29 00:00:00,207000.0,216500.0,205000.0,215000.0,559828.0,0.048780487804878
2008-01-30 00:00:00,214000.0,220500.0,211000.0,216500.0,425372.0,0.0069767441860464
2008-01-31 00:00:00,212000.0,213000.0,207500.0,213000.0,473671.0,-0.0161662817551963
2008-02-01 00:00:00,213000.0,214000.0,203500.0,208000.0,381811.0,-0.0234741784037558
2008-02-04 00:00:00,210500.0,214000.0,206500.0,207000.0,251664.0,-0.0048076923076922
2008-02-05 00:00:00,207000.0,209500.0,202500.0,204500.0,288154.0,-0.0120772946859903
2008-02-11 00:00:00,200500.0,201500.0,194000.0,194000.0,559746.0,-0.0513447432762835
2008-02-12 00:00:00,195500.0,196500.0,191500.0,192000.0,310456.0,-0.0103092783505154
2008-02-13 00:00:00,192500.0,193000.0,188500.0,189000.0,500503.0,-0.015625
2008-02-14 00:00:00,190500.0,192500.0,188500.0,191500.0,643442.0,0.0132275132275132
2008-02-15 00:00:00,192000.0,197500.0,191500.0,194000.0,506825.0,0.0130548302872062
2008-02-18 00:00:00,196500.0,197000.0,190000.0,192000.0,323943.0,-0.0103092783505154
2008-02-19 00:00:00,195000.0,195000.0,192500.0,193000.0,182201.0,0.0052083333333332
2008-02-20 00:00:00,195000.0,196500.0,192000.0,194000.0,272744.0,0.005181347150259
2008-02-21 00:00:00,200000.0,203500.0,197000.0,202000.0,1575323.0,0.0412371134020619
2008-02-22 00:00:00,201500.0,204500.0,199500.0,203000.0,308669.0,0.0049504950495049
2008-02-25 00:00:00,203000.0,206500.0,201500.0,203000.0,268018.0,0.0
2008-02-26 00:00:00,203000.0,204500.0,195500.0,195500.0,388598.0,-0.0369458128078817
2008-02-27 00:00:00,196000.0,198500.0,193500.0,195500.0,280253.0,0.0
2008-02-28 00:00:00,196000.0,197000.0,191500.0,194500.0,313781.0,-0.0051150895140664
2008-02-29 00:00:00,192000.0,193000.0,190500.0,192500.0,241849.0,-0.0102827763496143
2008-03-03 00:00:00,191000.0,191500.0,187500.0,189000.0,328875.0,-0.0181818181818181
2008-03-04 00:00:00,188500.0,189500.0,185500.0,188000.0,236144.0,-0.0052910052910053
2008-03-05 00:00:00,187000.0,189500.0,186500.0,188000.0,193415.0,0.0
2008-03-06 00:00:00,187500.0,188000.0,184500.0,186000.0,275081.0,-0.0106382978723403
2008-03-07 00:00:00,184000.0,184000.0,178500.0,178500.0,412906.0,-0.0403225806451612
2008-03-10 00:00:00,179500.0,184000.0,178000.0,180000.0,324836.0,0.0084033613445377
2008-03-11 00:00:00,179000.0,183000.0,179000.0,183000.0,176125.0,0.0166666666666666
2008-03-12 00:00:00,187000.0,187500.0,183000.0,186000.0,205343.0,0.0163934426229508
2008-03-13 00:00:00,184500.0,186000.0,180500.0,180500.0,238128.0,-0.0295698924731182
2008-03-14 00:00:00,183500.0,184500.0,178000.0,182000.0,235350.0,0.0083102493074791
2008-03-17 00:00:00,183500.0,186500.0,181000.0,184500.0,295898.0,0.0137362637362636
2008-03-18 00:00:00,186500.0,186500.0,181500.0,186000.0,238495.0,0.0081300813008129
2008-03-19 00:00:00,188500.0,189000.0,180500.0,183000.0,387154.0,-0.0161290322580645
2008-03-20 00:00:00,182500.0,183000.0,178500.0,182500.0,384124.0,-0.0027322404371584
2008-03-21 00:00:00,183000.0,183500.0,178500.0,180500.0,307096.0,-0.0109589041095889
2008-03-24 00:00:00,179000.0,181500.0,179000.0,181000.0,166784.0,0.002770083102493
2008-03-25 00:00:00,182000.0,184000.0,181500.0,183000.0,220272.0,0.011049723756906
2008-03-26 00:00:00,183000.0,188000.0,182500.0,187000.0,278189.0,0.0218579234972677
2008-03-27 00:00:00,188500.0,189000.0,182500.0,184500.0,214299.0,-0.0133689839572193
2008-03-28 00:00:00,184500.0,188000.0,184000.0,187000.0,225149.0,0.0135501355013549
2008-03-31 00:00:00,186000.0,189500.0,183000.0,186500.0,290343.0,-0.0026737967914438
2008-04-01 00:00:00,186000.0,188000.0,182500.0,184000.0,377197.0,-0.0134048257372654
2008-04-02 00:00:00,185000.0,185500.0,179000.0,182000.0,614059.0,-0.0108695652173913
2008-04-03 00:00:00,182000.0,185000.0,181000.0,183000.0,284251.0,0.0054945054945054
2008-04-04 00:00:00,184500.0,186000.0,183000.0,184000.0,204511.0,0.0054644808743169
2008-04-07 00:00:00,185500.0,192000.0,184000.0,190000.0,534799.0,0.0326086956521738
2008-04-08 00:00:00,192000.0,194500.0,190000.0,191000.0,323673.0,0.0052631578947368
2008-04-10 00:00:00,190000.0,191000.0,187000.0,191000.0,253810.0,0.0
2008-04-11 00:00:00,190000.0,191000.0,186500.0,191000.0,226630.0,0.0
2008-04-14 00:00:00,188000.0,188500.0,186000.0,188500.0,300757.0,-0.013089005235602
2008-04-15 00:00:00,190500.0,197500.0,189500.0,196500.0,828514.0,0.0424403183023873
2008-04-16 00:00:00,196500.0,197500.0,195000.0,196000.0,374601.0,-0.0025445292620864
2008-04-17 00:00:00,197000.0,197500.0,194000.0,195500.0,340035.0,-0.0025510204081632
2008-04-18 00:00:00,194000.0,194500.0,187500.0,193500.0,363495.0,-0.0102301790281329
2008-04-21 00:00:00,195000.0,197000.0,191000.0,194000.0,279529.0,0.0025839793281654
2008-04-22 00:00:00,195000.0,197000.0,193500.0,193500.0,116900.0,-0.0025773195876288
2008-04-23 00:00:00,192000.0,194000.0,190500.0,193500.0,170378.0,0.0
2008-04-24 00:00:00,195000.0,197500.0,191000.0,194000.0,260907.0,0.0025839793281654
2008-04-25 00:00:00,195500.0,203000.0,195000.0,202000.0,414666.0,0.0412371134020619
2008-04-28 00:00:00,196500.0,201500.0,196500.0,200000.0,166399.0,-0.0099009900990099
2008-04-29 00:00:00,198500.0,201500.0,197000.0,199000.0,143471.0,-0.005
2008-04-30 00:00:00,200000.0,208000.0,199500.0,203000.0,470362.0,0.0201005025125629
2008-05-02 00:00:00,205000.0,209000.0,205000.0,207000.0,245649.0,0.0197044334975369
2008-05-06 00:00:00,207500.0,211000.0,203500.0,208500.0,242211.0,0.0072463768115942
2008-05-07 00:00:00,206000.0,211000.0,206000.0,209000.0,181877.0,0.0023980815347721
2008-05-08 00:00:00,206000.0,213000.0,206000.0,209500.0,244867.0,0.0023923444976077
2008-05-09 00:00:00,213000.0,213000.0,205500.0,208000.0,244938.0,-0.0071599045346062
2008-05-13 00:00:00,208500.0,213000.0,208500.0,212000.0,307149.0,0.0192307692307691
2008-05-14 00:00:00,213000.0,218000.0,211000.0,211500.0,397479.0,-0.0023584905660377
2008-05-15 00:00:00,212000.0,214000.0,209000.0,210500.0,328822.0,-0.0047281323877068
2008-05-16 00:00:00,212500.0,213500.0,208000.0,210000.0,178518.0,-0.002375296912114
2008-05-19 00:00:00,209500.0,212000.0,208000.0,210000.0,172114.0,0.0
2008-05-20 00:00:00,210000.0,210500.0,204000.0,206000.0,238028.0,-0.019047619047619
2008-05-21 00:00:00,204000.0,206000.0,202000.0,205500.0,114195.0,-0.0024271844660194
2008-05-22 00:00:00,206000.0,206000.0,201000.0,205000.0,162325.0,-0.0024330900243308
2008-05-23 00:00:00,203000.0,205000.0,201000.0,203500.0,120552.0,-0.0073170731707317
2008-05-26 00:00:00,205000.0,208500.0,200500.0,201500.0,210213.0,-0.0098280098280097
2008-05-27 00:00:00,201000.0,203000.0,200500.0,203000.0,87655.0,0.0074441687344912
2008-05-28 00:00:00,204000.0,204500.0,200500.0,204500.0,138205.0,0.0073891625615762
2008-05-29 00:00:00,205000.0,207000.0,202500.0,203000.0,186641.0,-0.0073349633251833
2008-05-30 00:00:00,204500.0,204500.0,202000.0,203500.0,117324.0,0.0024630541871921
2008-06-02 00:00:00,204500.0,205000.0,199500.0,201500.0,153655.0,-0.0098280098280097
2008-06-03 00:00:00,202000.0,202000.0,196500.0,198000.0,164653.0,-0.0173697270471464
2008-06-04 00:00:00,198000.0,198000.0,194000.0,197000.0,153932.0,-0.005050505050505
2008-06-05 00:00:00,195000.0,196500.0,192000.0,193500.0,283798.0,-0.0177664974619289
2008-06-09 00:00:00,193000.0,193000.0,188000.0,190000.0,297763.0,-0.0180878552971576
2008-06-10 00:00:00,190500.0,191000.0,186500.0,187500.0,315118.0,-0.0131578947368421
2008-06-11 00:00:00,186500.0,189000.0,179500.0,180000.0,709137.0,-0.04
2008-06-12 00:00:00,181000.0,185500.0,181000.0,184500.0,703489.0,0.0249999999999999
2008-06-13 00:00:00,187000.0,187500.0,183500.0,187000.0,280897.0,0.0135501355013549
2008-06-16 00:00:00,187500.0,190500.0,187000.0,188500.0,221778.0,0.0080213903743315
2008-06-17 00:00:00,191000.0,191500.0,187500.0,190000.0,147563.0,0.0079575596816976
2008-06-18 00:00:00,191000.0,193500.0,189000.0,189500.0,160871.0,-0.0026315789473684
2008-06-19 00:00:00,190000.0,190000.0,185500.0,187500.0,186386.0,-0.0105540897097625
2008-06-20 00:00:00,188500.0,191000.0,188000.0,188000.0,114814.0,0.0026666666666665
2008-06-23 00:00:00,187000.0,191500.0,186500.0,187000.0,164963.0,-0.0053191489361702
2008-06-24 00:00:00,188000.0,190500.0,187000.0,187000.0,154854.0,0.0
2008-06-25 00:00:00,188000.0,193000.0,188000.0,192000.0,258355.0,0.0267379679144386
2008-06-26 00:00:00,191000.0,196000.0,191000.0,192000.0,165736.0,0.0
2008-06-27 00:00:00,191000.0,194500.0,188000.0,191000.0,227487.0,-0.0052083333333333
2008-06-30 00:00:00,191500.0,191500.0,188000.0,190500.0,125400.0,-0.0026178010471203
2008-07-01 00:00:00,190000.0,192500.0,189000.0,190000.0,131605.0,-0.0026246719160104
2008-07-02 00:00:00,192000.0,193000.0,190000.0,191000.0,262072.0,0.0052631578947368
2008-07-03 00:00:00,191500.0,193000.0,188500.0,190000.0,215948.0,-0.0052356020942407
2008-07-04 00:00:00,190500.0,193500.0,188500.0,191500.0,136357.0,0.0078947368421051
2008-07-07 00:00:00,193000.0,197500.0,191000.0,195500.0,276011.0,0.0208877284595301
2008-07-08 00:00:00,196500.0,198000.0,193000.0,195000.0,286556.0,-0.0025575447570332
2008-07-09 00:00:00,195000.0,196000.0,192000.0,194500.0,373906.0,-0.0025641025641025
2008-07-10 00:00:00,194000.0,197000.0,193000.0,195000.0,433030.0,0.0025706940874035
2008-07-11 00:00:00,195000.0,195500.0,189500.0,192000.0,317797.0,-0.0153846153846153
2008-07-14 00:00:00,193000.0,194000.0,188500.0,191000.0,175394.0,-0.0052083333333333
2008-07-15 00:00:00,190500.0,190500.0,185500.0,186500.0,229682.0,-0.0235602094240837
2008-07-16 00:00:00,182500.0,183500.0,179000.0,181500.0,445498.0,-0.0268096514745308
2008-07-17 00:00:00,182000.0,183000.0,176000.0,179500.0,388932.0,-0.0110192837465564
2008-07-18 00:00:00,182000.0,182000.0,176000.0,178000.0,177487.0,-0.0083565459610027
2008-07-21 00:00:00,179500.0,184500.0,179500.0,183000.0,209290.0,0.0280898876404493
2008-07-22 00:00:00,183000.0,186500.0,181000.0,184000.0,167310.0,0.0054644808743169
2008-07-23 00:00:00,186500.0,186500.0,182000.0,184500.0,183601.0,0.0027173913043478
2008-07-24 00:00:00,185500.0,186500.0,181500.0,184000.0,264421.0,-0.002710027100271
2008-07-25 00:00:00,184000.0,187500.0,183000.0,185000.0,241839.0,0.0054347826086955
2008-07-28 00:00:00,185500.0,190000.0,183000.0,189000.0,274199.0,0.0216216216216216
2008-07-29 00:00:00,188500.0,192500.0,187000.0,189500.0,234536.0,0.0026455026455025
2008-07-30 00:00:00,190000.0,193500.0,187500.0,192000.0,135989.0,0.0131926121372032
2008-07-31 00:00:00,192500.0,194500.0,192000.0,193500.0,111206.0,0.0078125
2008-08-01 00:00:00,192500.0,193500.0,190500.0,192500.0,89661.0,-0.0051679586563307
2008-08-04 00:00:00,193000.0,193500.0,190000.0,191500.0,146505.0,-0.0051948051948051
2008-08-05 00:00:00,192000.0,199000.0,191500.0,197000.0,357620.0,0.0287206266318538
2008-08-06 00:00:00,197000.0,206500.0,197000.0,205000.0,351543.0,0.0406091370558374
2008-08-07 00:00:00,205000.0,205000.0,199000.0,203000.0,451070.0,-0.0097560975609756
2008-08-08 00:00:00,195500.0,199000.0,192000.0,199000.0,413082.0,-0.0197044334975369
2008-08-11 00:00:00,199000.0,199000.0,195500.0,196500.0,176301.0,-0.0125628140703517
2008-08-12 00:00:00,194500.0,198000.0,193000.0,194000.0,205040.0,-0.0127226463104325
2008-08-13 00:00:00,194500.0,194500.0,191500.0,194000.0,194861.0,0.0
2008-08-14 00:00:00,192000.0,195500.0,192000.0,193000.0,179508.0,-0.0051546391752577
2008-08-18 00:00:00,192500.0,192500.0,189000.0,189500.0,244639.0,-0.0181347150259066
2008-08-19 00:00:00,188500.0,192000.0,185500.0,188500.0,215097.0,-0.0052770448548812
2008-08-20 00:00:00,188500.0,194500.0,187000.0,191000.0,411924.0,0.0132625994694959
2008-08-21 00:00:00,188500.0,195000.0,187000.0,193000.0,752970.0,0.0104712041884815
2008-08-22 00:00:00,194000.0,196000.0,191500.0,193000.0,501572.0,0.0
2008-08-25 00:00:00,192500.0,199000.0,192000.0,198500.0,444366.0,0.0284974093264249
2008-08-26 00:00:00,198500.0,202500.0,197000.0,201000.0,309675.0,0.0125944584382871
2008-08-27 00:00:00,200000.0,205000.0,199000.0,201500.0,317847.0,0.0024875621890547
2008-08-28 00:00:00,201000.0,201500.0,197500.0,199000.0,178868.0,-0.0124069478908188
2008-08-29 00:00:00,197500.0,201500.0,197500.0,200500.0,206246.0,0.0075376884422111
2008-09-01 00:00:00,202000.0,204500.0,199500.0,202000.0,360918.0,0.0074812967581048
2008-09-02 00:00:00,204000.0,210000.0,202500.0,210000.0,473626.0,0.0396039603960396
2008-09-03 00:00:00,212000.0,212000.0,201500.0,210500.0,348930.0,0.0023809523809523
2008-09-04 00:00:00,210000.0,210000.0,202500.0,206500.0,373707.0,-0.019002375296912
2008-09-05 00:00:00,203000.0,203000.0,200000.0,201000.0,367428.0,-0.0266343825665859
2008-09-08 00:00:00,204000.0,205000.0,197000.0,200000.0,427890.0,-0.0049751243781094
2008-09-09 00:00:00,200000.0,204500.0,198000.0,201500.0,419866.0,0.0075
2008-09-10 00:00:00,202000.0,210000.0,201000.0,207500.0,401974.0,0.0297766749379653
2008-09-11 00:00:00,205000.0,206500.0,201000.0,201000.0,659422.0,-0.0313253012048192
2008-09-12 00:00:00,202000.0,208500.0,201500.0,207000.0,375110.0,0.0298507462686568
2008-09-16 00:00:00,206000.0,208500.0,203000.0,205000.0,402945.0,-0.0096618357487923
2008-09-17 00:00:00,205000.0,205000.0,200000.0,203500.0,521544.0,-0.0073170731707317
2008-09-18 00:00:00,200000.0,203000.0,197000.0,202000.0,352824.0,-0.0073710073710073
2008-09-19 00:00:00,203000.0,205500.0,200000.0,204000.0,441494.0,0.0099009900990099
2008-09-22 00:00:00,204500.0,208000.0,198000.0,201500.0,550142.0,-0.0122549019607842
2008-09-23 00:00:00,204500.0,204500.0,200000.0,201000.0,218399.0,-0.0024813895781637
2008-09-24 00:00:00,201000.0,207000.0,199500.0,203500.0,327259.0,0.0124378109452736
2008-09-25 00:00:00,203500.0,203500.0,196000.0,201500.0,381057.0,-0.0098280098280097
2008-09-26 00:00:00,200500.0,204000.0,198500.0,203500.0,183058.0,0.0099255583126551
2008-09-29 00:00:00,205000.0,210500.0,203000.0,210000.0,392347.0,0.031941031941032
2008-09-30 00:00:00,205000.0,208000.0,201000.0,205500.0,515824.0,-0.0214285714285714
2008-10-01 00:00:00,205000.0,215500.0,202500.0,215500.0,370691.0,0.0486618004866179
2008-10-02 00:00:00,213500.0,220000.0,210500.0,218500.0,522603.0,0.0139211136890951
2008-10-06 00:00:00,214000.0,222000.0,210000.0,217500.0,664102.0,-0.0045766590389015
2008-10-07 00:00:00,217000.0,223500.0,214000.0,216500.0,505860.0,-0.0045977011494252
2008-10-08 00:00:00,210000.0,219000.0,209500.0,215500.0,404186.0,-0.0046189376443418
2008-10-09 00:00:00,218000.0,218000.0,211500.0,218000.0,359452.0,0.0116009280742459
2008-10-10 00:00:00,210000.0,215000.0,207500.0,209000.0,602588.0,-0.0412844036697247
2008-10-13 00:00:00,205500.0,213500.0,205500.0,209000.0,381214.0,0.0
2008-10-14 00:00:00,213000.0,216000.0,209500.0,213000.0,383844.0,0.0191387559808613
2008-10-15 00:00:00,212500.0,216500.0,207000.0,214000.0,405408.0,0.0046948356807512
2008-10-16 00:00:00,209000.0,223500.0,207000.0,217000.0,516593.0,0.0140186915887849
2008-10-17 00:00:00,217500.0,224000.0,213000.0,221000.0,492573.0,0.0184331797235022
2008-10-20 00:00:00,221500.0,230500.0,220000.0,223500.0,366233.0,0.01131221719457
2008-10-21 00:00:00,227000.0,227500.0,216000.0,223000.0,291389.0,-0.0022371364653244
2008-10-22 00:00:00,219500.0,225500.0,219000.0,223000.0,381567.0,0.0
2008-10-23 00:00:00,210000.0,218000.0,210000.0,210500.0,413973.0,-0.0560538116591928
2008-10-24 00:00:00,210500.0,211000.0,202000.0,208500.0,396540.0,-0.0095011876484559
2008-10-27 00:00:00,208000.0,208000.0,185500.0,201000.0,500828.0,-0.0359712230215827
2008-10-28 00:00:00,195500.0,199000.0,187500.0,187500.0,554036.0,-0.0671641791044775
2008-10-29 00:00:00,193000.0,197000.0,188500.0,190500.0,481377.0,0.016
2008-10-30 00:00:00,196500.0,212500.0,193000.0,198000.0,605078.0,0.0393700787401574
2008-10-31 00:00:00,198000.0,212500.0,191500.0,205000.0,463632.0,0.0353535353535352
2008-11-03 00:00:00,205000.0,211000.0,203000.0,205500.0,335716.0,0.0024390243902439
2008-11-04 00:00:00,206000.0,220000.0,205000.0,216000.0,476637.0,0.0510948905109489
2008-11-05 00:00:00,216000.0,222500.0,212000.0,219000.0,268037.0,0.0138888888888888
2008-11-06 00:00:00,210000.0,222000.0,209500.0,219500.0,319189.0,0.0022831050228311
2008-11-07 00:00:00,216000.0,219500.0,210000.0,217000.0,320046.0,-0.0113895216400911
2008-11-10 00:00:00,217500.0,224000.0,211500.0,217000.0,204719.0,0.0
2008-11-11 00:00:00,219000.0,227000.0,214000.0,220000.0,276319.0,0.0138248847926267
2008-11-12 00:00:00,215000.0,227000.0,215000.0,223500.0,362438.0,0.0159090909090908
2008-11-13 00:00:00,219500.0,227000.0,214000.0,227000.0,345759.0,0.0156599552572707
2008-11-14 00:00:00,224500.0,227000.0,215000.0,222000.0,362443.0,-0.0220264317180616
2008-11-17 00:00:00,220000.0,232000.0,215500.0,227500.0,416722.0,0.0247747747747748
2008-11-18 00:00:00,221000.0,223500.0,216000.0,217000.0,317071.0,-0.0461538461538461
2008-11-19 00:00:00,214000.0,217000.0,207500.0,212000.0,360570.0,-0.0230414746543778
2008-11-20 00:00:00,205000.0,215000.0,205000.0,212000.0,285436.0,0.0
2008-11-21 00:00:00,207000.0,216000.0,206000.0,211500.0,229867.0,-0.0023584905660377
2008-11-24 00:00:00,208000.0,208500.0,201000.0,206500.0,346469.0,-0.0236406619385343
2008-11-25 00:00:00,211000.0,221000.0,209500.0,217000.0,300007.0,0.0508474576271187
2008-11-26 00:00:00,220000.0,229500.0,219500.0,220000.0,370531.0,0.0138248847926267
2008-11-27 00:00:00,218000.0,220500.0,212000.0,216500.0,337610.0,-0.0159090909090908
2008-11-28 00:00:00,213500.0,223000.0,213000.0,217500.0,274215.0,0.0046189376443417
2008-12-01 00:00:00,217500.0,218000.0,213500.0,214000.0,201785.0,-0.0160919540229884
2008-12-02 00:00:00,207000.0,210500.0,206000.0,209500.0,313121.0,-0.0210280373831776
2008-12-03 00:00:00,209500.0,212000.0,204500.0,212000.0,368344.0,0.0119331742243435
2008-12-04 00:00:00,212000.0,214000.0,208500.0,212000.0,213816.0,0.0
2008-12-05 00:00:00,209500.0,219500.0,209500.0,215500.0,222335.0,0.0165094339622642
2008-12-08 00:00:00,211500.0,217000.0,208500.0,216500.0,404068.0,0.0046403712296982
2008-12-09 00:00:00,215000.0,215000.0,209500.0,213000.0,353753.0,-0.0161662817551963
2008-12-10 00:00:00,213000.0,223000.0,212500.0,219500.0,406514.0,0.0305164319248827
2008-12-11 00:00:00,217000.0,217500.0,213000.0,213000.0,630232.0,-0.0296127562642368
2008-12-12 00:00:00,211000.0,211000.0,201000.0,204000.0,503894.0,-0.0422535211267606
2008-12-15 00:00:00,206500.0,208500.0,203500.0,203500.0,461659.0,-0.0024509803921568
2008-12-16 00:00:00,203500.0,208500.0,201500.0,206500.0,497963.0,0.0147420147420147
2008-12-17 00:00:00,207000.0,211000.0,205000.0,210000.0,461078.0,0.0169491525423728
2008-12-18 00:00:00,210500.0,216000.0,210500.0,214000.0,400626.0,0.0190476190476189
2008-12-19 00:00:00,214500.0,222500.0,212500.0,218000.0,404542.0,0.0186915887850467
2008-12-22 00:00:00,218000.0,223500.0,216500.0,217000.0,212190.0,-0.0045871559633027
2008-12-23 00:00:00,215000.0,224000.0,214500.0,219000.0,243788.0,0.0092165898617511
2008-12-24 00:00:00,219000.0,224000.0,217500.0,219000.0,151600.0,0.0
2008-12-26 00:00:00,219500.0,220500.0,210500.0,213500.0,206475.0,-0.0251141552511415
2008-12-29 00:00:00,205500.0,210000.0,205000.0,209500.0,182405.0,-0.0187353629976581
2008-12-30 00:00:00,208000.0,213500.0,208000.0,209000.0,196642.0,-0.0023866348448687
2009-01-02 00:00:00,208000.0,214500.0,206000.0,210000.0,292920.0,0.0047846889952152
2009-01-05 00:00:00,213000.0,214000.0,202500.0,204000.0,610158.0,-0.0285714285714285
2009-01-06 00:00:00,204000.0,207000.0,202000.0,205000.0,500783.0,0.0049019607843137
2009-01-07 00:00:00,204500.0,205500.0,202000.0,204500.0,582228.0,-0.0024390243902439
2009-01-08 00:00:00,205000.0,207000.0,202000.0,205000.0,543273.0,0.0024449877750611
2009-01-09 00:00:00,206500.0,209000.0,204500.0,206000.0,294642.0,0.0048780487804878
2009-01-12 00:00:00,207500.0,207500.0,202000.0,204500.0,353164.0,-0.0072815533980582
2009-01-13 00:00:00,204500.0,207500.0,202000.0,204500.0,312471.0,0.0
2009-01-14 00:00:00,205000.0,207500.0,203500.0,207000.0,220408.0,0.0122249388753055
2009-01-15 00:00:00,205000.0,209000.0,204000.0,208500.0,478139.0,0.0072463768115942
2009-01-16 00:00:00,208500.0,216000.0,206500.0,214500.0,364720.0,0.0287769784172662
2009-01-19 00:00:00,212000.0,215000.0,206500.0,210000.0,311054.0,-0.0209790209790209
2009-01-20 00:00:00,207000.0,210000.0,205000.0,207500.0,227761.0,-0.0119047619047618
2009-01-21 00:00:00,207500.0,211500.0,206000.0,209500.0,291516.0,0.0096385542168675
2009-01-22 00:00:00,209000.0,213000.0,206000.0,212000.0,359397.0,0.0119331742243435
2009-01-23 00:00:00,211000.0,212500.0,206000.0,210000.0,249518.0,-0.0094339622641509
2009-01-28 00:00:00,214000.0,220000.0,213500.0,218000.0,302721.0,0.0380952380952381
2009-01-29 00:00:00,218000.0,218500.0,208500.0,212000.0,414071.0,-0.0275229357798164
2009-01-30 00:00:00,209000.0,210500.0,206000.0,207500.0,238333.0,-0.0212264150943396
2009-02-02 00:00:00,205500.0,208000.0,203000.0,204000.0,234773.0,-0.016867469879518
2009-02-03 00:00:00,205000.0,207000.0,202500.0,203500.0,262810.0,-0.0024509803921568
2009-02-04 00:00:00,204500.0,205000.0,199500.0,201000.0,724662.0,-0.0122850122850123
2009-02-05 00:00:00,201000.0,204000.0,200000.0,203500.0,352609.0,0.0124378109452736
2009-02-06 00:00:00,202000.0,202500.0,200000.0,202000.0,371962.0,-0.0073710073710073
2009-02-09 00:00:00,202000.0,203500.0,200500.0,203000.0,271758.0,0.0049504950495049
2009-02-10 00:00:00,203500.0,204500.0,202000.0,203500.0,240542.0,0.0024630541871921
2009-02-11 00:00:00,201500.0,202000.0,199500.0,199500.0,269328.0,-0.0196560196560197
2009-02-12 00:00:00,199000.0,201000.0,196500.0,199500.0,375505.0,0.0
2009-02-13 00:00:00,197500.0,202000.0,196500.0,201500.0,258395.0,0.0100250626566416
2009-02-16 00:00:00,200000.0,201000.0,196000.0,196000.0,324530.0,-0.0272952853598015
2009-02-17 00:00:00,195000.0,196000.0,188000.0,193500.0,450285.0,-0.0127551020408163
2009-02-18 00:00:00,192000.0,193500.0,188500.0,191000.0,322039.0,-0.0129198966408268
2009-02-19 00:00:00,190000.0,196000.0,188500.0,192500.0,402553.0,0.0078534031413612
2009-02-20 00:00:00,191000.0,192500.0,189000.0,191000.0,225847.0,-0.0077922077922077
2009-02-23 00:00:00,191500.0,198500.0,191000.0,197000.0,426685.0,0.0314136125654449
2009-02-24 00:00:00,192500.0,193500.0,190000.0,191000.0,241600.0,-0.0304568527918781
2009-02-25 00:00:00,194000.0,197000.0,191000.0,195000.0,275685.0,0.0209424083769633
2009-02-26 00:00:00,195000.0,198000.0,190000.0,192000.0,233291.0,-0.0153846153846153
2009-02-27 00:00:00,192000.0,192500.0,187500.0,187500.0,265822.0,-0.0234375
2009-03-02 00:00:00,187000.0,187500.0,180000.0,184500.0,322721.0,-0.016
2009-03-03 00:00:00,182000.0,183500.0,180000.0,181500.0,257620.0,-0.0162601626016259
2009-03-04 00:00:00,180500.0,185000.0,176500.0,184000.0,366785.0,0.0137741046831956
2009-03-05 00:00:00,184500.0,189000.0,182000.0,188500.0,332875.0,0.0244565217391303
2009-03-06 00:00:00,188000.0,188000.0,182500.0,184000.0,228780.0,-0.0238726790450928
2009-03-09 00:00:00,183000.0,186500.0,180000.0,182500.0,209047.0,-0.0081521739130434
2009-03-10 00:00:00,180000.0,186500.0,179500.0,183500.0,318981.0,0.0054794520547944
2009-03-11 00:00:00,187000.0,192500.0,186500.0,190000.0,370098.0,0.0354223433242506
2009-03-12 00:00:00,189000.0,195000.0,188000.0,195000.0,551007.0,0.0263157894736842
2009-03-13 00:00:00,191500.0,194000.0,187000.0,188000.0,458325.0,-0.0358974358974358
2009-03-16 00:00:00,186000.0,188500.0,183500.0,186000.0,257985.0,-0.0106382978723403
2009-03-17 00:00:00,188000.0,188500.0,185000.0,187000.0,274884.0,0.0053763440860215
2009-03-18 00:00:00,188500.0,190500.0,185500.0,187000.0,279181.0,0.0
2009-03-19 00:00:00,187500.0,189000.0,185000.0,187000.0,205588.0,0.0
2009-03-20 00:00:00,186000.0,190000.0,185500.0,188000.0,345977.0,0.0053475935828877
2009-03-23 00:00:00,187500.0,191000.0,186500.0,187000.0,322614.0,-0.0053191489361702
2009-03-24 00:00:00,189000.0,191500.0,185500.0,187500.0,510136.0,0.0026737967914438
2009-03-25 00:00:00,189000.0,191000.0,188000.0,190000.0,301026.0,0.0133333333333334
2009-03-26 00:00:00,190000.0,191500.0,188000.0,191000.0,360757.0,0.0052631578947368
2009-03-27 00:00:00,190000.0,196000.0,189500.0,194000.0,492980.0,0.0157068062827225
2009-03-30 00:00:00,196000.0,198500.0,193000.0,194500.0,326700.0,0.0025773195876288
2009-03-31 00:00:00,195000.0,195000.0,191000.0,192000.0,248605.0,-0.012853470437018
2009-04-01 00:00:00,193000.0,193500.0,186500.0,187500.0,509383.0,-0.0234375
2009-04-02 00:00:00,189000.0,189000.0,185500.0,187000.0,578645.0,-0.0026666666666667
2009-04-03 00:00:00,187000.0,188000.0,183500.0,184500.0,817954.0,-0.0133689839572193
2009-04-06 00:00:00,185000.0,188000.0,185000.0,186000.0,378778.0,0.0081300813008129
2009-04-07 00:00:00,185500.0,187000.0,185000.0,185500.0,376550.0,-0.0026881720430107
2009-04-08 00:00:00,185500.0,187000.0,183000.0,183000.0,324535.0,-0.013477088948787
2009-04-09 00:00:00,184500.0,187000.0,184000.0,184500.0,523721.0,0.0081967213114753
2009-04-10 00:00:00,186500.0,187000.0,184500.0,186500.0,383394.0,0.010840108401084
2009-04-13 00:00:00,186500.0,194000.0,186500.0,192500.0,621627.0,0.032171581769437
2009-04-14 00:00:00,194000.0,194000.0,189500.0,192500.0,482637.0,0.0
2009-04-15 00:00:00,192000.0,192000.0,189500.0,191500.0,360989.0,-0.0051948051948051
2009-04-16 00:00:00,192500.0,194000.0,189500.0,191000.0,395741.0,-0.0026109660574412
2009-04-17 00:00:00,190500.0,192000.0,186000.0,186500.0,412017.0,-0.0235602094240837
2009-04-20 00:00:00,186500.0,187500.0,184000.0,185000.0,270682.0,-0.0080428954423592
2009-04-21 00:00:00,183500.0,186500.0,182500.0,185500.0,221068.0,0.0027027027027026
2009-04-22 00:00:00,186000.0,186500.0,183500.0,184500.0,288363.0,-0.0053908355795148
2009-04-23 00:00:00,185500.0,187000.0,184000.0,184500.0,243518.0,0.0
2009-04-24 00:00:00,185000.0,185500.0,183500.0,185500.0,276355.0,0.005420054200542
2009-04-27 00:00:00,185500.0,189500.0,184500.0,186500.0,428911.0,0.0053908355795149
2009-04-28 00:00:00,188000.0,190000.0,186500.0,186500.0,283542.0,0.0
2009-04-29 00:00:00,188000.0,189000.0,186000.0,187000.0,189123.0,0.002680965147453
2009-04-30 00:00:00,188000.0,188500.0,183500.0,183500.0,563670.0,-0.0187165775401069
2009-05-04 00:00:00,184000.0,184500.0,180000.0,180500.0,689772.0,-0.0163487738419618
2009-05-06 00:00:00,180000.0,182000.0,179000.0,180000.0,478170.0,-0.002770083102493
2009-05-07 00:00:00,181500.0,185000.0,180000.0,182000.0,462242.0,0.011111111111111
2009-05-08 00:00:00,182000.0,182500.0,179000.0,180500.0,441319.0,-0.0082417582417582
2009-05-11 00:00:00,181000.0,185000.0,180000.0,183500.0,460848.0,0.0166204986149585
2009-05-12 00:00:00,184000.0,184500.0,181500.0,182500.0,309094.0,-0.0054495912806539
2009-05-13 00:00:00,183500.0,184500.0,180000.0,181500.0,409233.0,-0.0054794520547944
2009-05-14 00:00:00,181000.0,181500.0,178500.0,179000.0,450907.0,-0.0137741046831956
2009-05-15 00:00:00,180500.0,181500.0,179000.0,180000.0,398053.0,0.0055865921787709
2009-05-18 00:00:00,179500.0,180000.0,177500.0,178500.0,294342.0,-0.0083333333333333
2009-05-19 00:00:00,179000.0,179500.0,176500.0,178000.0,585788.0,-0.0028011204481792
2009-05-20 00:00:00,178500.0,179000.0,177000.0,177500.0,433169.0,-0.0028089887640448
2009-05-21 00:00:00,178000.0,179000.0,176500.0,177000.0,463925.0,-0.0028169014084507
2009-05-22 00:00:00,177000.0,179500.0,176500.0,176500.0,456592.0,-0.0028248587570621
2009-05-25 00:00:00,176500.0,182000.0,176000.0,180000.0,708889.0,0.0198300283286119
2009-05-26 00:00:00,180000.0,181000.0,177500.0,179000.0,291895.0,-0.0055555555555555
2009-05-27 00:00:00,180000.0,180500.0,177000.0,178500.0,299405.0,-0.0027932960893854
2009-05-28 00:00:00,177000.0,178000.0,175000.0,178000.0,435196.0,-0.0028011204481792
2009-05-29 00:00:00,177500.0,178000.0,176000.0,176000.0,283713.0,-0.0112359550561798
2009-06-01 00:00:00,175500.0,175500.0,171000.0,173000.0,555079.0,-0.0170454545454545
2009-06-02 00:00:00,173500.0,174500.0,169500.0,170500.0,578364.0,-0.0144508670520231
2009-06-03 00:00:00,172000.0,178000.0,171000.0,177000.0,653985.0,0.0381231671554251
2009-06-04 00:00:00,176000.0,179000.0,175000.0,176000.0,424719.0,-0.0056497175141242
2009-06-05 00:00:00,175500.0,176000.0,173500.0,174500.0,250071.0,-0.0085227272727272
2009-06-08 00:00:00,174500.0,175000.0,172000.0,174000.0,217218.0,-0.0028653295128939
2009-06-09 00:00:00,175000.0,175500.0,172500.0,172500.0,478049.0,-0.0086206896551723
2009-06-10 00:00:00,173000.0,179500.0,173000.0,177500.0,558354.0,0.0289855072463767
2009-06-11 00:00:00,176500.0,178000.0,173000.0,174500.0,673108.0,-0.0169014084507042
2009-06-12 00:00:00,174500.0,177500.0,174000.0,176500.0,283772.0,0.0114613180515759
2009-06-15 00:00:00,177500.0,180000.0,176000.0,179500.0,454334.0,0.0169971671388102
2009-06-16 00:00:00,179500.0,184000.0,178500.0,181000.0,488500.0,0.0083565459610028
2009-06-17 00:00:00,181000.0,183000.0,180500.0,182000.0,214738.0,0.0055248618784531
2009-06-18 00:00:00,180000.0,181000.0,176000.0,176500.0,287622.0,-0.0302197802197802
2009-06-19 00:00:00,176000.0,176500.0,173000.0,174500.0,293037.0,-0.0113314447592067
2009-06-22 00:00:00,173500.0,175000.0,172500.0,174500.0,373502.0,0.0
2009-06-23 00:00:00,174000.0,175000.0,172500.0,175000.0,236102.0,0.0028653295128939
2009-06-24 00:00:00,174000.0,174500.0,171000.0,173000.0,256653.0,-0.0114285714285714
2009-06-25 00:00:00,172000.0,175500.0,171500.0,173500.0,228355.0,0.0028901734104045
2009-06-26 00:00:00,174000.0,176000.0,173000.0,174000.0,204518.0,0.0028818443804035
2009-06-29 00:00:00,173000.0,174500.0,173000.0,174000.0,127716.0,0.0
2009-06-30 00:00:00,174000.0,176000.0,173500.0,174000.0,226047.0,0.0
2009-07-01 00:00:00,173500.0,180000.0,173000.0,178500.0,512791.0,0.0258620689655173
2009-07-02 00:00:00,179500.0,180500.0,177500.0,178500.0,297632.0,0.0
2009-07-03 00:00:00,177000.0,180500.0,176500.0,179000.0,162850.0,0.0028011204481792
2009-07-06 00:00:00,179500.0,181000.0,177500.0,181000.0,147625.0,0.0111731843575419
2009-07-07 00:00:00,180500.0,181000.0,178500.0,179000.0,141467.0,-0.011049723756906
2009-07-08 00:00:00,179000.0,182000.0,178500.0,182000.0,315825.0,0.0167597765363127
2009-07-09 00:00:00,183500.0,185000.0,182000.0,184500.0,391103.0,0.0137362637362636
2009-07-10 00:00:00,184500.0,185500.0,182000.0,185000.0,228610.0,0.0027100271002709
2009-07-13 00:00:00,184500.0,184500.0,181000.0,182000.0,172859.0,-0.0162162162162161
2009-07-14 00:00:00,182500.0,182500.0,177000.0,179000.0,338188.0,-0.0164835164835165
2009-07-15 00:00:00,179500.0,179500.0,174500.0,176000.0,397368.0,-0.0167597765363128
2009-07-16 00:00:00,177000.0,177500.0,174000.0,175000.0,295646.0,-0.0056818181818182
2009-07-17 00:00:00,175000.0,178000.0,175000.0,177000.0,168223.0,0.0114285714285713
2009-07-20 00:00:00,176500.0,178500.0,176500.0,177000.0,186167.0,0.0
2009-07-21 00:00:00,178000.0,181000.0,177500.0,179500.0,408439.0,0.0141242937853107
2009-07-22 00:00:00,180500.0,182000.0,179000.0,181000.0,182460.0,0.0083565459610028
2009-07-23 00:00:00,182000.0,186000.0,181500.0,185500.0,408858.0,0.0248618784530387
2009-07-24 00:00:00,185500.0,186000.0,182000.0,183000.0,269402.0,-0.013477088948787
2009-07-27 00:00:00,182500.0,184500.0,178500.0,179500.0,389716.0,-0.0191256830601093
2009-07-28 00:00:00,178500.0,182500.0,178500.0,182500.0,308612.0,0.0167130919220055
2009-07-29 00:00:00,182500.0,183000.0,180500.0,182500.0,268980.0,0.0
2009-07-30 00:00:00,183500.0,186500.0,183000.0,185000.0,401712.0,0.0136986301369863
2009-07-31 00:00:00,187000.0,187000.0,184000.0,185500.0,274912.0,0.0027027027027026
2009-08-03 00:00:00,185500.0,186000.0,182000.0,184000.0,253354.0,-0.0080862533692722
2009-08-04 00:00:00,183000.0,184000.0,178500.0,179000.0,623930.0,-0.0271739130434782
2009-08-05 00:00:00,178500.0,180500.0,178500.0,179000.0,225391.0,0.0
2009-08-06 00:00:00,179000.0,181000.0,178500.0,180500.0,240377.0,0.0083798882681564
2009-08-07 00:00:00,179500.0,180000.0,178000.0,178500.0,258109.0,-0.0110803324099723
2009-08-10 00:00:00,178500.0,179500.0,176000.0,176500.0,367779.0,-0.0112044817927169
2009-08-11 00:00:00,177500.0,180000.0,177000.0,178000.0,239779.0,0.0084985835694051
2009-08-12 00:00:00,179000.0,180000.0,176500.0,176500.0,211878.0,-0.0084269662921347
2009-08-13 00:00:00,177000.0,177500.0,173500.0,174000.0,637263.0,-0.0141643059490085
2009-08-14 00:00:00,174500.0,176000.0,173000.0,174000.0,396279.0,0.0
2009-08-17 00:00:00,174000.0,174500.0,172500.0,173000.0,317126.0,-0.0057471264367816
2009-08-18 00:00:00,173000.0,176000.0,173000.0,175000.0,295991.0,0.0115606936416186
2009-08-19 00:00:00,174500.0,178500.0,174000.0,176000.0,486322.0,0.0057142857142857
2009-08-20 00:00:00,177000.0,177500.0,175000.0,176500.0,266150.0,0.0028409090909091
2009-08-21 00:00:00,177000.0,177500.0,172500.0,174000.0,496356.0,-0.0141643059490085
2009-08-24 00:00:00,173500.0,176000.0,172000.0,174000.0,336499.0,0.0
2009-08-25 00:00:00,173500.0,174000.0,172500.0,173000.0,185194.0,-0.0057471264367816
2009-08-26 00:00:00,173000.0,174500.0,172500.0,174500.0,154791.0,0.0086705202312138
2009-08-27 00:00:00,174500.0,176000.0,174000.0,175000.0,225906.0,0.0028653295128939
2009-08-28 00:00:00,175000.0,175500.0,174000.0,175000.0,191286.0,0.0
2009-08-31 00:00:00,175000.0,175500.0,172500.0,175000.0,313215.0,0.0
2009-09-01 00:00:00,174500.0,176500.0,174000.0,174500.0,236099.0,-0.0028571428571428
2009-09-02 00:00:00,175500.0,176500.0,174000.0,175000.0,312828.0,0.0028653295128939
2009-09-03 00:00:00,175000.0,176000.0,174500.0,176000.0,293903.0,0.0057142857142857
2009-09-04 00:00:00,175500.0,175500.0,172000.0,173500.0,570917.0,-0.0142045454545454
2009-09-07 00:00:00,172500.0,173500.0,168500.0,168500.0,694880.0,-0.0288184438040345
2009-09-08 00:00:00,169500.0,169500.0,165000.0,166000.0,583884.0,-0.0148367952522254
2009-09-09 00:00:00,167500.0,170000.0,166500.0,168000.0,303755.0,0.0120481927710842
2009-09-10 00:00:00,171000.0,172500.0,170000.0,171000.0,492609.0,0.0178571428571427
2009-09-11 00:00:00,171000.0,173500.0,169000.0,172000.0,301359.0,0.0058479532163742
2009-09-14 00:00:00,173000.0,175500.0,172000.0,175500.0,378895.0,0.0203488372093023
2009-09-15 00:00:00,175000.0,176000.0,171500.0,172000.0,309190.0,-0.0199430199430199
2009-09-16 00:00:00,172000.0,175500.0,171500.0,174500.0,368929.0,0.0145348837209302
2009-09-17 00:00:00,176000.0,176500.0,173000.0,173000.0,425417.0,-0.0085959885386819
2009-09-18 00:00:00,174000.0,175000.0,173000.0,174500.0,376086.0,0.0086705202312138
2009-09-21 00:00:00,174500.0,176000.0,173000.0,174500.0,244683.0,0.0
2009-09-22 00:00:00,175500.0,175500.0,172000.0,173000.0,270120.0,-0.0085959885386819
2009-09-23 00:00:00,172500.0,173000.0,170000.0,171500.0,421254.0,-0.0086705202312138
2009-09-24 00:00:00,172000.0,173500.0,171500.0,172500.0,183230.0,0.0058309037900874
2009-09-25 00:00:00,171500.0,173500.0,170000.0,171000.0,342288.0,-0.0086956521739129
2009-09-28 00:00:00,172500.0,176500.0,171000.0,176000.0,543785.0,0.0292397660818712
2009-09-29 00:00:00,177500.0,180500.0,177500.0,179500.0,605822.0,0.0198863636363635
2009-09-30 00:00:00,181500.0,183000.0,180000.0,182500.0,621942.0,0.0167130919220055
2009-10-01 00:00:00,183500.0,185500.0,183500.0,185000.0,692349.0,0.0136986301369863
2009-10-05 00:00:00,185000.0,186000.0,180000.0,180000.0,564991.0,-0.0270270270270269
2009-10-06 00:00:00,182000.0,183500.0,177500.0,180000.0,526296.0,0.0
2009-10-07 00:00:00,182500.0,183000.0,180000.0,182000.0,328356.0,0.011111111111111
2009-10-08 00:00:00,181500.0,182500.0,178500.0,180500.0,361388.0,-0.0082417582417582
2009-10-09 00:00:00,179000.0,181000.0,178000.0,180500.0,262061.0,0.0
2009-10-12 00:00:00,180500.0,181000.0,177500.0,180000.0,200001.0,-0.002770083102493
2009-10-13 00:00:00,180500.0,185000.0,179000.0,183500.0,400023.0,0.0194444444444443
2009-10-14 00:00:00,184500.0,190000.0,183500.0,190000.0,782148.0,0.0354223433242506
2009-10-15 00:00:00,190000.0,190500.0,187000.0,190500.0,385397.0,0.0026315789473683
2009-10-16 00:00:00,187500.0,190000.0,186500.0,188000.0,250375.0,-0.0131233595800525
2009-10-19 00:00:00,188500.0,189000.0,185000.0,189000.0,196325.0,0.0053191489361701
2009-10-20 00:00:00,187500.0,188500.0,186000.0,187500.0,142245.0,-0.0079365079365079
2009-10-21 00:00:00,187000.0,187500.0,184500.0,187000.0,267026.0,-0.0026666666666667
2009-10-22 00:00:00,185500.0,186500.0,183000.0,183000.0,368652.0,-0.0213903743315507
2009-10-23 00:00:00,183500.0,184000.0,181500.0,181500.0,211285.0,-0.0081967213114754
2009-10-26 00:00:00,181000.0,186500.0,181000.0,185500.0,200756.0,0.0220385674931129
2009-10-27 00:00:00,183500.0,185000.0,182500.0,183000.0,149120.0,-0.013477088948787
2009-10-28 00:00:00,182500.0,184000.0,180500.0,180500.0,218239.0,-0.0136612021857923
2009-10-29 00:00:00,179500.0,181000.0,177000.0,180000.0,358838.0,-0.002770083102493
2009-10-30 00:00:00,183000.0,183000.0,179000.0,181500.0,239915.0,0.0083333333333333
2009-11-02 00:00:00,180000.0,184500.0,179000.0,184000.0,283220.0,0.0137741046831956
2009-11-03 00:00:00,183500.0,185000.0,182500.0,183000.0,224212.0,-0.0054347826086956
2009-11-04 00:00:00,184000.0,184000.0,181000.0,182000.0,131787.0,-0.0054644808743169
2009-11-05 00:00:00,181000.0,182000.0,178500.0,181500.0,205937.0,-0.0027472527472527
2009-11-06 00:00:00,180000.0,182500.0,179000.0,180500.0,151285.0,-0.0055096418732781
2009-11-09 00:00:00,180500.0,181500.0,179000.0,179000.0,121171.0,-0.0083102493074792
2009-11-10 00:00:00,179500.0,180500.0,178000.0,179000.0,143739.0,0.0
2009-11-11 00:00:00,180000.0,181000.0,178000.0,179500.0,142514.0,0.0027932960893854
2009-11-12 00:00:00,178500.0,179500.0,176500.0,177000.0,298342.0,-0.0139275766016713
2009-11-13 00:00:00,177000.0,178500.0,176500.0,178500.0,189800.0,0.0084745762711864
2009-11-16 00:00:00,178000.0,179000.0,176500.0,178000.0,267074.0,-0.0028011204481792
2009-11-17 00:00:00,178000.0,178500.0,176000.0,177000.0,281590.0,-0.0056179775280899
2009-11-18 00:00:00,178000.0,179500.0,175500.0,177500.0,226111.0,0.002824858757062
2009-11-19 00:00:00,177000.0,177500.0,175500.0,176000.0,308893.0,-0.0084507042253521
2009-11-20 00:00:00,176500.0,177000.0,175000.0,175500.0,142602.0,-0.002840909090909
2009-11-23 00:00:00,175000.0,176000.0,174000.0,176000.0,207866.0,0.0028490028490029
2009-11-24 00:00:00,176500.0,177500.0,174000.0,175000.0,219723.0,-0.0056818181818182
2009-11-25 00:00:00,175000.0,177000.0,174500.0,177000.0,219223.0,0.0114285714285713
2009-11-26 00:00:00,177000.0,178000.0,174000.0,174500.0,242499.0,-0.0141242937853107
2009-11-27 00:00:00,174000.0,175000.0,170500.0,170500.0,279956.0,-0.0229226361031518
2009-11-30 00:00:00,171500.0,172500.0,169500.0,169500.0,245692.0,-0.0058651026392961
2009-12-01 00:00:00,169500.0,171500.0,169000.0,171500.0,166503.0,0.0117994100294984
2009-12-02 00:00:00,171500.0,173000.0,171000.0,172500.0,130355.0,0.0058309037900874
2009-12-03 00:00:00,172000.0,174000.0,171000.0,173000.0,240405.0,0.0028985507246377
2009-12-04 00:00:00,171500.0,173500.0,171500.0,173000.0,162675.0,0.0
2009-12-07 00:00:00,173000.0,174000.0,172000.0,173000.0,142208.0,0.0
2009-12-08 00:00:00,172500.0,174000.0,172500.0,173500.0,100863.0,0.0028901734104045
2009-12-09 00:00:00,172500.0,173000.0,171500.0,172000.0,204630.0,-0.0086455331412104
2009-12-10 00:00:00,173500.0,176000.0,172500.0,176000.0,498641.0,0.0232558139534884
2009-12-11 00:00:00,176000.0,177000.0,175000.0,176000.0,195256.0,0.0
2009-12-14 00:00:00,176000.0,177000.0,174500.0,177000.0,180957.0,0.0056818181818181
2009-12-15 00:00:00,176500.0,176500.0,174500.0,175500.0,155006.0,-0.0084745762711864
2009-12-16 00:00:00,176000.0,178000.0,175500.0,177000.0,145101.0,0.0085470085470085
2009-12-17 00:00:00,176000.0,178000.0,175500.0,176500.0,168268.0,-0.0028248587570621
2009-12-18 00:00:00,176500.0,177500.0,175500.0,176500.0,152111.0,0.0
2009-12-21 00:00:00,176000.0,176500.0,174000.0,174000.0,143813.0,-0.0141643059490085
2009-12-22 00:00:00,175000.0,175500.0,173500.0,175500.0,118436.0,0.0086206896551723
2009-12-23 00:00:00,175000.0,175500.0,174500.0,175000.0,97482.0,-0.0028490028490028
2009-12-24 00:00:00,175000.0,178500.0,175000.0,178500.0,258441.0,0.02
2009-12-28 00:00:00,179500.0,179500.0,177000.0,177000.0,364250.0,-0.0084033613445377
2009-12-29 00:00:00,170500.0,172000.0,169500.0,170000.0,266286.0,-0.03954802259887
2009-12-30 00:00:00,170000.0,170500.0,168000.0,169500.0,253842.0,-0.0029411764705882
2010-01-04 00:00:00,168500.0,170000.0,168500.0,170000.0,146946.0,0.0029498525073745
2010-01-05 00:00:00,169000.0,170000.0,167500.0,168500.0,239145.0,-0.0088235294117646
2010-01-06 00:00:00,168500.0,169500.0,167000.0,169000.0,234945.0,0.002967359050445
2010-01-07 00:00:00,169000.0,171500.0,168500.0,171500.0,272246.0,0.0147928994082839
2010-01-08 00:00:00,171500.0,171500.0,168000.0,169500.0,433374.0,-0.0116618075801748
2010-01-11 00:00:00,169500.0,172000.0,169500.0,172000.0,292713.0,0.0147492625368732
2010-01-12 00:00:00,172500.0,173000.0,171000.0,173000.0,166792.0,0.0058139534883721
2010-01-13 00:00:00,173000.0,173000.0,171000.0,173000.0,135655.0,0.0
2010-01-14 00:00:00,173500.0,173500.0,170500.0,171000.0,267089.0,-0.0115606936416184
2010-01-15 00:00:00,173500.0,181000.0,173000.0,181000.0,1127545.0,0.0584795321637428
2010-01-18 00:00:00,182000.0,182000.0,178000.0,179000.0,331690.0,-0.011049723756906
2010-01-19 00:00:00,180000.0,183000.0,178000.0,182500.0,326423.0,0.0195530726256982
2010-01-20 00:00:00,182000.0,192000.0,182000.0,188000.0,1061978.0,0.0301369863013698
2010-01-21 00:00:00,189000.0,190000.0,185000.0,186000.0,359204.0,-0.0106382978723403
2010-01-22 00:00:00,184000.0,184500.0,180000.0,181000.0,335997.0,-0.0268817204301075
2010-01-25 00:00:00,180000.0,182500.0,177500.0,177500.0,280754.0,-0.0193370165745856
2010-01-26 00:00:00,178000.0,180500.0,176500.0,178000.0,463183.0,0.0028169014084507
2010-01-27 00:00:00,178500.0,189500.0,177500.0,187000.0,863975.0,0.050561797752809
2010-01-28 00:00:00,188000.0,189500.0,183500.0,185000.0,437132.0,-0.0106951871657754
2010-01-29 00:00:00,183000.0,186000.0,179000.0,183000.0,381375.0,-0.0108108108108108
2010-02-01 00:00:00,182000.0,184000.0,179000.0,179500.0,235505.0,-0.0191256830601093
2010-02-02 00:00:00,180500.0,181500.0,177000.0,177000.0,257542.0,-0.0139275766016713
2010-02-03 00:00:00,178500.0,179000.0,175500.0,176500.0,208559.0,-0.0028248587570621
2010-02-04 00:00:00,177500.0,179500.0,176500.0,177000.0,213730.0,0.0028328611898016
2010-02-05 00:00:00,173000.0,174500.0,170500.0,173000.0,370476.0,-0.0225988700564971
2010-02-08 00:00:00,172000.0,179000.0,171500.0,177000.0,394235.0,0.0231213872832369
2010-02-09 00:00:00,178500.0,179500.0,176000.0,178000.0,261292.0,0.0056497175141243
2010-02-10 00:00:00,177000.0,178000.0,174000.0,175000.0,194974.0,-0.0168539325842697
2010-02-11 00:00:00,175000.0,176000.0,174000.0,175500.0,212522.0,0.0028571428571428
2010-02-12 00:00:00,174500.0,175500.0,172500.0,174000.0,327303.0,-0.0085470085470085
2010-02-16 00:00:00,173000.0,176000.0,173000.0,174000.0,175842.0,0.0
2010-02-17 00:00:00,175000.0,179500.0,174500.0,177000.0,205406.0,0.0172413793103447
2010-02-18 00:00:00,177000.0,178000.0,175000.0,177000.0,149767.0,0.0
2010-02-19 00:00:00,176500.0,177000.0,174500.0,175500.0,108746.0,-0.0084745762711864
2010-02-22 00:00:00,177000.0,180000.0,177000.0,177000.0,248347.0,0.0085470085470085
2010-02-23 00:00:00,178000.0,181000.0,177500.0,179500.0,261651.0,0.0141242937853107
2010-02-24 00:00:00,180000.0,180000.0,174000.0,176000.0,307879.0,-0.0194986072423398
2010-02-25 00:00:00,175000.0,176000.0,172500.0,172500.0,332585.0,-0.0198863636363636
2010-02-26 00:00:00,173000.0,174000.0,172000.0,172500.0,143423.0,0.0
2010-03-02 00:00:00,174000.0,174500.0,172000.0,172500.0,171159.0,0.0
2010-03-03 00:00:00,172000.0,172500.0,170500.0,171500.0,210244.0,-0.0057971014492753
2010-03-04 00:00:00,171500.0,172000.0,170500.0,171500.0,172815.0,0.0
2010-03-05 00:00:00,171500.0,173000.0,170500.0,170500.0,220367.0,-0.0058309037900874
2010-03-08 00:00:00,175000.0,177500.0,174000.0,176500.0,602676.0,0.035190615835777
2010-03-09 00:00:00,178000.0,183500.0,177000.0,181000.0,760025.0,0.0254957507082151
2010-03-10 00:00:00,182500.0,182500.0,177500.0,180000.0,193147.0,-0.0055248618784529
2010-03-11 00:00:00,179000.0,180500.0,177500.0,178000.0,223836.0,-0.011111111111111
2010-03-12 00:00:00,178500.0,180000.0,178000.0,179500.0,169367.0,0.0084269662921347
2010-03-15 00:00:00,178500.0,180000.0,176000.0,178000.0,104560.0,-0.0083565459610027
2010-03-16 00:00:00,178500.0,179000.0,173500.0,175000.0,372325.0,-0.0168539325842697
2010-03-17 00:00:00,175000.0,177000.0,173500.0,175500.0,371767.0,0.0028571428571428
2010-03-18 00:00:00,175000.0,177000.0,173500.0,174000.0,228415.0,-0.0085470085470085
2010-03-19 00:00:00,175000.0,176500.0,173000.0,174500.0,285250.0,0.0028735632183907
2010-03-22 00:00:00,173500.0,175000.0,173000.0,173500.0,142717.0,-0.0057306590257879
2010-03-23 00:00:00,174500.0,175000.0,173000.0,173500.0,194737.0,0.0
2010-03-24 00:00:00,174000.0,175500.0,173000.0,173000.0,176744.0,-0.0028818443804035
2010-03-25 00:00:00,173000.0,175500.0,173000.0,175500.0,184647.0,0.0144508670520231
2010-03-26 00:00:00,177500.0,179500.0,177000.0,178500.0,517742.0,0.017094017094017
2010-03-29 00:00:00,177000.0,177500.0,175500.0,176000.0,193678.0,-0.0140056022408963
2010-03-30 00:00:00,177000.0,177500.0,174500.0,175500.0,199028.0,-0.002840909090909
2010-03-31 00:00:00,176000.0,176500.0,173000.0,173500.0,235253.0,-0.0113960113960114
2010-04-01 00:00:00,174500.0,175500.0,173500.0,174500.0,169312.0,0.0057636887608069
2010-04-02 00:00:00,174000.0,174500.0,172000.0,173000.0,275711.0,-0.0085959885386819
2010-04-05 00:00:00,173000.0,174000.0,172000.0,173500.0,126176.0,0.0028901734104045
2010-04-06 00:00:00,173500.0,175500.0,173500.0,175500.0,174243.0,0.0115273775216138
2010-04-07 00:00:00,176000.0,178500.0,175000.0,178000.0,435669.0,0.0142450142450143
2010-04-08 00:00:00,178500.0,179500.0,176500.0,177500.0,353707.0,-0.0028089887640448
2010-04-09 00:00:00,177500.0,177500.0,175000.0,176500.0,147137.0,-0.0056338028169014
2010-04-12 00:00:00,176000.0,177000.0,173500.0,174000.0,161319.0,-0.0141643059490085
2010-04-13 00:00:00,175000.0,175500.0,173500.0,175000.0,141432.0,0.0057471264367816
2010-04-14 00:00:00,176000.0,177500.0,174500.0,176500.0,169119.0,0.0085714285714286
2010-04-15 00:00:00,177000.0,177000.0,173500.0,174500.0,298481.0,-0.0113314447592067
2010-04-16 00:00:00,175000.0,175000.0,173500.0,174500.0,112850.0,0.0
2010-04-19 00:00:00,174500.0,175500.0,173000.0,173000.0,129776.0,-0.0085959885386819
2010-04-20 00:00:00,173500.0,176000.0,173000.0,176000.0,235157.0,0.0173410404624276
2010-04-21 00:00:00,175500.0,177000.0,173500.0,174000.0,214654.0,-0.0113636363636363
2010-04-22 00:00:00,174000.0,174500.0,172500.0,173500.0,326578.0,-0.0028735632183908
2010-04-23 00:00:00,173500.0,174000.0,172000.0,172000.0,264413.0,-0.0086455331412104
2010-04-26 00:00:00,173000.0,173500.0,172000.0,172000.0,162360.0,0.0
2010-04-27 00:00:00,172500.0,173000.0,172000.0,172500.0,121696.0,0.002906976744186
2010-04-28 00:00:00,172500.0,172500.0,170500.0,171500.0,178838.0,-0.0057971014492753
2010-04-29 00:00:00,171500.0,173500.0,170000.0,172500.0,172360.0,0.0058309037900874
2010-04-30 00:00:00,174000.0,174500.0,172000.0,172000.0,176815.0,-0.0028985507246376
2010-05-03 00:00:00,173500.0,174000.0,172000.0,173500.0,135137.0,0.0087209302325581
2010-05-04 00:00:00,173500.0,174000.0,171500.0,172500.0,146077.0,-0.0057636887608069
2010-05-06 00:00:00,170500.0,172000.0,169500.0,171000.0,291038.0,-0.0086956521739129
2010-05-07 00:00:00,169500.0,170000.0,167000.0,168500.0,306260.0,-0.0146198830409356
2010-05-10 00:00:00,168500.0,170500.0,168000.0,170500.0,157732.0,0.0118694362017803
2010-05-11 00:00:00,170500.0,171000.0,167500.0,168000.0,290305.0,-0.0146627565982404
2010-05-12 00:00:00,168000.0,170000.0,167500.0,169000.0,124638.0,0.0059523809523809
2010-05-13 00:00:00,168500.0,169000.0,167500.0,168000.0,170521.0,-0.0059171597633136
2010-05-14 00:00:00,168000.0,169500.0,167500.0,168000.0,144534.0,0.0
2010-05-17 00:00:00,167500.0,167500.0,166000.0,167000.0,183243.0,-0.0059523809523809
2010-05-18 00:00:00,166500.0,169500.0,166500.0,168500.0,175284.0,0.0089820359281436
2010-05-19 00:00:00,167500.0,168500.0,166000.0,167500.0,193318.0,-0.0059347181008901
2010-05-20 00:00:00,166000.0,167000.0,165000.0,165000.0,207798.0,-0.0149253731343284
2010-05-24 00:00:00,164500.0,167000.0,164500.0,166000.0,138084.0,0.0060606060606061
2010-05-25 00:00:00,165000.0,165500.0,160000.0,160500.0,331453.0,-0.0331325301204818
2010-05-26 00:00:00,160500.0,162000.0,157500.0,158500.0,220443.0,-0.0124610591900311
2010-05-27 00:00:00,159000.0,160000.0,158000.0,159000.0,330413.0,0.003154574132492
2010-05-28 00:00:00,161000.0,161500.0,159000.0,159500.0,218717.0,0.0031446540880504
2010-05-31 00:00:00,160000.0,165500.0,159500.0,163500.0,199998.0,0.025078369905956
2010-06-01 00:00:00,163500.0,165000.0,163000.0,164500.0,345342.0,0.0061162079510703
2010-06-03 00:00:00,163500.0,169000.0,163000.0,167500.0,242013.0,0.0182370820668693
2010-06-04 00:00:00,168500.0,168500.0,166000.0,167500.0,94374.0,0.0
2010-06-07 00:00:00,165000.0,166000.0,164000.0,165000.0,129655.0,-0.0149253731343284
2010-06-08 00:00:00,165000.0,166500.0,164000.0,166000.0,93258.0,0.0060606060606061
2010-06-09 00:00:00,166000.0,171500.0,165000.0,169500.0,235921.0,0.0210843373493976
2010-06-10 00:00:00,169500.0,172500.0,168500.0,168500.0,335882.0,-0.0058997050147492
2010-06-11 00:00:00,170000.0,171000.0,168000.0,168500.0,165472.0,0.0
2010-06-14 00:00:00,168500.0,170500.0,168500.0,169000.0,112296.0,0.002967359050445
2010-06-15 00:00:00,168000.0,169000.0,165500.0,167000.0,225855.0,-0.0118343195266271
2010-06-16 00:00:00,166500.0,167000.0,162500.0,165500.0,314623.0,-0.0089820359281437
2010-06-17 00:00:00,164500.0,165000.0,161000.0,161000.0,425804.0,-0.0271903323262839
2010-06-18 00:00:00,161000.0,163000.0,160500.0,163000.0,110499.0,0.0124223602484472
2010-06-21 00:00:00,162500.0,163500.0,162000.0,163500.0,183339.0,0.0030674846625766
2010-06-22 00:00:00,162500.0,165000.0,162500.0,164000.0,105877.0,0.0030581039755349
2010-06-23 00:00:00,163500.0,165500.0,162500.0,163500.0,185301.0,-0.0030487804878048
2010-06-24 00:00:00,162500.0,164000.0,162000.0,162500.0,149281.0,-0.0061162079510703
2010-06-25 00:00:00,162500.0,163000.0,161000.0,162500.0,143933.0,0.0
2010-06-28 00:00:00,163000.0,165500.0,162500.0,164500.0,157778.0,0.0123076923076923
2010-06-29 00:00:00,164000.0,164500.0,161500.0,162000.0,158967.0,-0.0151975683890577
2010-06-30 00:00:00,160500.0,162000.0,160500.0,160500.0,110912.0,-0.0092592592592593
2010-07-01 00:00:00,160500.0,161500.0,159000.0,161000.0,166118.0,0.0031152647975076
2010-07-02 00:00:00,161000.0,161500.0,160000.0,161000.0,108625.0,0.0
2010-07-05 00:00:00,161000.0,162500.0,160500.0,162500.0,157999.0,0.0093167701863354
2010-07-06 00:00:00,162500.0,162500.0,159500.0,159500.0,131236.0,-0.0184615384615384
2010-07-07 00:00:00,160500.0,161500.0,159000.0,161500.0,161404.0,0.0125391849529781
2010-07-08 00:00:00,161500.0,162500.0,160500.0,162500.0,148162.0,0.0061919504643963
2010-07-09 00:00:00,161500.0,164000.0,161500.0,164000.0,114180.0,0.0092307692307691
2010-07-12 00:00:00,163500.0,163500.0,162000.0,163500.0,131140.0,-0.0030487804878048
2010-07-13 00:00:00,163000.0,165500.0,162500.0,163500.0,193155.0,0.0
2010-07-14 00:00:00,164500.0,165000.0,159500.0,159500.0,433132.0,-0.0244648318042813
2010-07-15 00:00:00,160000.0,160500.0,158500.0,158500.0,208206.0,-0.006269592476489
2010-07-16 00:00:00,159000.0,160000.0,159000.0,160000.0,137714.0,0.0094637223974762
2010-07-19 00:00:00,159500.0,162000.0,159000.0,161000.0,131000.0,0.00625
2010-07-20 00:00:00,160500.0,162500.0,159500.0,162000.0,117883.0,0.0062111801242235
2010-07-21 00:00:00,162000.0,162500.0,161000.0,161500.0,113609.0,-0.0030864197530864
2010-07-22 00:00:00,161000.0,162000.0,160000.0,162000.0,145343.0,0.0030959752321981
2010-07-23 00:00:00,164000.0,165000.0,163000.0,165000.0,200079.0,0.0185185185185186
2010-07-26 00:00:00,165000.0,165500.0,164000.0,164500.0,111029.0,-0.003030303030303
2010-07-27 00:00:00,164500.0,165500.0,164000.0,165000.0,155754.0,0.0030395136778116
2010-07-28 00:00:00,165000.0,168000.0,164500.0,166000.0,207288.0,0.0060606060606061
2010-07-29 00:00:00,166500.0,169000.0,165500.0,167000.0,162814.0,0.0060240963855422
2010-07-30 00:00:00,167000.0,167500.0,166000.0,166500.0,193714.0,-0.0029940119760478
2010-08-02 00:00:00,166500.0,169500.0,166500.0,169000.0,192723.0,0.015015015015015
2010-08-03 00:00:00,169500.0,170500.0,168000.0,169000.0,142851.0,0.0
2010-08-04 00:00:00,169500.0,169500.0,168000.0,169000.0,123852.0,0.0
2010-08-05 00:00:00,167500.0,168500.0,167000.0,168500.0,176494.0,-0.0029585798816568
2010-08-06 00:00:00,167500.0,168500.0,167000.0,168500.0,73817.0,0.0
2010-08-09 00:00:00,167500.0,169000.0,167500.0,168000.0,72791.0,-0.002967359050445
2010-08-10 00:00:00,167500.0,169000.0,167500.0,169000.0,100034.0,0.0059523809523809
2010-08-11 00:00:00,168000.0,170000.0,168000.0,168000.0,130781.0,-0.0059171597633136
2010-08-12 00:00:00,167000.0,167500.0,165000.0,165500.0,209399.0,-0.0148809523809523
2010-08-13 00:00:00,165000.0,165500.0,164500.0,165000.0,113666.0,-0.0030211480362537
2010-08-16 00:00:00,164500.0,165000.0,163000.0,165000.0,173794.0,0.0
2010-08-17 00:00:00,164500.0,165000.0,163500.0,165000.0,134077.0,0.0
2010-08-18 00:00:00,164000.0,164500.0,163000.0,164000.0,163409.0,-0.0060606060606061
2010-08-19 00:00:00,164500.0,165500.0,164000.0,164500.0,123991.0,0.0030487804878047
2010-08-20 00:00:00,165000.0,165500.0,164500.0,165000.0,95048.0,0.0030395136778116
2010-08-23 00:00:00,165500.0,166000.0,165000.0,165000.0,85147.0,0.0
2010-08-24 00:00:00,165000.0,165500.0,163500.0,163500.0,100835.0,-0.009090909090909
2010-08-25 00:00:00,163500.0,165000.0,163000.0,163000.0,130493.0,-0.0030581039755351
2010-08-26 00:00:00,163500.0,164500.0,162500.0,162500.0,151388.0,-0.0030674846625766
2010-08-27 00:00:00,162500.0,163000.0,161000.0,162000.0,164130.0,-0.003076923076923
2010-08-30 00:00:00,163000.0,164000.0,162500.0,163000.0,177080.0,0.0061728395061728
2010-08-31 00:00:00,162000.0,163000.0,161500.0,161500.0,136088.0,-0.00920245398773
2010-09-01 00:00:00,162500.0,164500.0,161500.0,164000.0,114844.0,0.0154798761609906
2010-09-02 00:00:00,164500.0,166000.0,164500.0,165000.0,140528.0,0.0060975609756097
2010-09-03 00:00:00,164500.0,166000.0,163500.0,165500.0,89621.0,0.0030303030303029
2010-09-06 00:00:00,165000.0,166000.0,164000.0,164500.0,94925.0,-0.0060422960725075
2010-09-07 00:00:00,164000.0,164500.0,163000.0,163500.0,103685.0,-0.006079027355623
2010-09-08 00:00:00,163500.0,164500.0,163000.0,164000.0,69929.0,0.0030581039755349
2010-09-09 00:00:00,163500.0,164500.0,161500.0,163500.0,228587.0,-0.0030487804878048
2010-09-10 00:00:00,163500.0,164500.0,163000.0,164000.0,129099.0,0.0030581039755349
2010-09-13 00:00:00,163500.0,165000.0,163500.0,164000.0,75716.0,0.0
2010-09-14 00:00:00,164500.0,165000.0,162500.0,164000.0,173211.0,0.0
2010-09-15 00:00:00,163500.0,164500.0,163000.0,164000.0,112474.0,0.0
2010-09-16 00:00:00,163500.0,166000.0,163500.0,166000.0,215383.0,0.0121951219512195
2010-09-17 00:00:00,165500.0,167000.0,165000.0,166000.0,264174.0,0.0
2010-09-20 00:00:00,165500.0,165500.0,164500.0,165000.0,75943.0,-0.0060240963855421
2010-09-24 00:00:00,164000.0,166000.0,163500.0,165000.0,142189.0,0.0
2010-09-27 00:00:00,165500.0,167500.0,165500.0,166500.0,152429.0,0.009090909090909
2010-09-28 00:00:00,166000.0,168000.0,166000.0,168000.0,121894.0,0.0090090090090089
2010-09-29 00:00:00,167500.0,170500.0,167000.0,170000.0,136865.0,0.0119047619047618
2010-09-30 00:00:00,169500.0,171500.0,169000.0,171500.0,113840.0,0.0088235294117646
2010-10-01 00:00:00,171500.0,173000.0,171000.0,173000.0,147908.0,0.0087463556851312
2010-10-04 00:00:00,173000.0,174500.0,173000.0,174000.0,163703.0,0.0057803468208093
2010-10-05 00:00:00,174500.0,175000.0,173500.0,174500.0,191361.0,0.0028735632183907
2010-10-06 00:00:00,174500.0,177000.0,174000.0,177000.0,208212.0,0.0143266475644698
2010-10-07 00:00:00,177000.0,178000.0,176000.0,176000.0,262896.0,-0.0056497175141242
2010-10-08 00:00:00,175500.0,177500.0,175000.0,177500.0,128580.0,0.0085227272727272
2010-10-11 00:00:00,177500.0,178000.0,176500.0,177500.0,101778.0,0.0
2010-10-12 00:00:00,176500.0,178000.0,174500.0,174500.0,107791.0,-0.0169014084507042
2010-10-13 00:00:00,175000.0,177000.0,175000.0,176000.0,87715.0,0.0085959885386819
2010-10-14 00:00:00,176000.0,177500.0,176000.0,177000.0,102994.0,0.0056818181818181
2010-10-15 00:00:00,176000.0,177000.0,175500.0,176000.0,50570.0,-0.0056497175141242
2010-10-18 00:00:00,175500.0,176000.0,172000.0,172500.0,124027.0,-0.0198863636363636
2010-10-19 00:00:00,172000.0,173000.0,170500.0,170500.0,172139.0,-0.0115942028985507
2010-10-20 00:00:00,171000.0,172500.0,169000.0,172500.0,112563.0,0.0117302052785923
2010-10-21 00:00:00,173500.0,174000.0,170000.0,171000.0,85933.0,-0.0086956521739129
2010-10-22 00:00:00,171000.0,175000.0,171000.0,175000.0,94892.0,0.023391812865497
2010-10-25 00:00:00,174000.0,175500.0,173500.0,175000.0,56117.0,0.0
2010-10-26 00:00:00,174500.0,175000.0,173000.0,173500.0,56880.0,-0.0085714285714285
2010-10-27 00:00:00,173000.0,174000.0,172500.0,172500.0,115576.0,-0.0057636887608069
2010-10-28 00:00:00,172500.0,173500.0,171000.0,172000.0,61854.0,-0.0028985507246376
2010-10-29 00:00:00,172000.0,173000.0,169500.0,170500.0,136340.0,-0.0087209302325581
2010-11-01 00:00:00,170000.0,173000.0,170000.0,170500.0,70059.0,0.0
2010-11-02 00:00:00,171500.0,172500.0,169500.0,172500.0,120847.0,0.0117302052785923
2010-11-03 00:00:00,170500.0,173000.0,170500.0,172500.0,85904.0,0.0
2010-11-04 00:00:00,171000.0,172500.0,170500.0,172000.0,137133.0,-0.0028985507246376
2010-11-05 00:00:00,172000.0,173500.0,171500.0,173000.0,118740.0,0.0058139534883721
2010-11-08 00:00:00,172000.0,173500.0,171500.0,172500.0,91951.0,-0.0028901734104046
2010-11-09 00:00:00,172500.0,174500.0,172500.0,174500.0,49591.0,0.0115942028985507
2010-11-10 00:00:00,174500.0,175000.0,174000.0,174500.0,52359.0,0.0
2010-11-11 00:00:00,174500.0,176000.0,168500.0,168500.0,306236.0,-0.0343839541547278
2010-11-12 00:00:00,171500.0,173000.0,170000.0,173000.0,220773.0,0.0267062314540058
2010-11-15 00:00:00,172500.0,176500.0,172000.0,175000.0,139341.0,0.0115606936416186
2010-11-16 00:00:00,174500.0,175000.0,173000.0,173500.0,104541.0,-0.0085714285714285
2010-11-17 00:00:00,173000.0,174000.0,172500.0,173000.0,74971.0,-0.0028818443804035
2010-11-18 00:00:00,171500.0,173000.0,170000.0,170500.0,158907.0,-0.0144508670520231
2010-11-19 00:00:00,171500.0,172000.0,170500.0,171500.0,80689.0,0.0058651026392961
2010-11-22 00:00:00,171500.0,173000.0,171000.0,171500.0,97034.0,0.0
2010-11-23 00:00:00,171500.0,172000.0,170500.0,171500.0,159326.0,0.0
2010-11-24 00:00:00,169500.0,171500.0,169500.0,171000.0,127568.0,-0.0029154518950437
2010-11-25 00:00:00,171000.0,171500.0,170500.0,171500.0,106952.0,0.0029239766081872
2010-11-26 00:00:00,172000.0,173500.0,170500.0,171500.0,103437.0,0.0
2010-11-29 00:00:00,172000.0,173000.0,171500.0,172000.0,207010.0,0.0029154518950438
2010-11-30 00:00:00,171500.0,173000.0,170500.0,171000.0,133171.0,-0.0058139534883721
2010-12-01 00:00:00,171500.0,172500.0,171000.0,171500.0,148090.0,0.0029239766081872
2010-12-02 00:00:00,172500.0,173000.0,170500.0,172000.0,102771.0,0.0029154518950438
2010-12-03 00:00:00,172000.0,172500.0,171000.0,172000.0,81587.0,0.0
2010-12-06 00:00:00,172000.0,172500.0,171000.0,172000.0,66834.0,0.0
2010-12-07 00:00:00,171500.0,176500.0,171500.0,176500.0,114670.0,0.0261627906976744
2010-12-08 00:00:00,174000.0,174500.0,172500.0,174000.0,78198.0,-0.0141643059490085
2010-12-09 00:00:00,174000.0,176000.0,173000.0,175500.0,177263.0,0.0086206896551723
2010-12-10 00:00:00,175500.0,176000.0,174000.0,174500.0,91972.0,-0.0056980056980057
2010-12-13 00:00:00,174500.0,175000.0,173000.0,174500.0,61354.0,0.0
2010-12-14 00:00:00,175000.0,175500.0,174000.0,175500.0,134907.0,0.0057306590257879
2010-12-15 00:00:00,175500.0,175500.0,174000.0,175500.0,114055.0,0.0
2010-12-16 00:00:00,175500.0,178500.0,175000.0,176500.0,184011.0,0.0056980056980056
2010-12-17 00:00:00,177500.0,178000.0,176500.0,176500.0,79766.0,0.0
2010-12-20 00:00:00,175500.0,176500.0,174000.0,176000.0,110913.0,-0.0028328611898017
2010-12-21 00:00:00,176000.0,179000.0,175500.0,177000.0,260403.0,0.0056818181818181
2010-12-22 00:00:00,177500.0,179000.0,177000.0,177500.0,98692.0,0.002824858757062
2010-12-23 00:00:00,177500.0,178500.0,177500.0,178500.0,86603.0,0.0056338028169014
2010-12-24 00:00:00,178500.0,180000.0,178500.0,179000.0,200606.0,0.0028011204481792
2010-12-27 00:00:00,179500.0,180500.0,179000.0,180000.0,126187.0,0.0055865921787709
2010-12-28 00:00:00,180000.0,181000.0,180000.0,180500.0,295658.0,0.0027777777777777
2010-12-29 00:00:00,173500.0,174000.0,172000.0,172500.0,222252.0,-0.0443213296398892
2010-12-30 00:00:00,172500.0,173500.0,171000.0,173500.0,117085.0,0.0057971014492752
2011-01-03 00:00:00,173000.0,173500.0,172000.0,172500.0,121076.0,-0.0057636887608069
2011-01-04 00:00:00,172000.0,172500.0,170500.0,172500.0,150905.0,0.0
2011-01-05 00:00:00,172500.0,172500.0,171000.0,172500.0,94916.0,0.0
2011-01-06 00:00:00,171500.0,172000.0,171000.0,172000.0,91236.0,-0.0028985507246376
2011-01-07 00:00:00,171500.0,172000.0,171000.0,171000.0,75138.0,-0.0058139534883721
2011-01-10 00:00:00,170500.0,171500.0,170000.0,170500.0,90993.0,-0.0029239766081871
2011-01-11 00:00:00,170000.0,171000.0,168500.0,169500.0,122056.0,-0.0058651026392961
2011-01-12 00:00:00,169000.0,169000.0,168000.0,169000.0,118318.0,-0.0029498525073746
2011-01-13 00:00:00,168000.0,168500.0,167000.0,167000.0,141000.0,-0.0118343195266271
2011-01-14 00:00:00,167000.0,167500.0,166000.0,166500.0,117444.0,-0.0029940119760478
2011-01-17 00:00:00,166000.0,167500.0,165500.0,167000.0,67762.0,0.003003003003003
2011-01-18 00:00:00,166500.0,168500.0,166000.0,166500.0,80694.0,-0.0029940119760478
2011-01-19 00:00:00,167000.0,169000.0,166000.0,168000.0,94937.0,0.0090090090090089
2011-01-20 00:00:00,167500.0,168500.0,167000.0,168500.0,58824.0,0.0029761904761904
2011-01-21 00:00:00,168000.0,169000.0,167000.0,167000.0,81495.0,-0.0089020771513352
2011-01-24 00:00:00,167000.0,169000.0,166500.0,168000.0,83579.0,0.0059880239520957
2011-01-25 00:00:00,167500.0,169500.0,167000.0,168000.0,144707.0,0.0
2011-01-26 00:00:00,168000.0,169500.0,167500.0,168000.0,84533.0,0.0
2011-01-27 00:00:00,167500.0,168000.0,167000.0,167500.0,151737.0,-0.0029761904761904
2011-01-28 00:00:00,167000.0,168000.0,166500.0,166500.0,62758.0,-0.0059701492537312
2011-01-31 00:00:00,166000.0,166000.0,163500.0,164500.0,137600.0,-0.0120120120120119
2011-02-01 00:00:00,165000.0,165000.0,163000.0,164000.0,103176.0,-0.0030395136778115
2011-02-07 00:00:00,165000.0,166500.0,164000.0,165000.0,87148.0,0.0060975609756097
2011-02-08 00:00:00,164000.0,165500.0,164000.0,165000.0,56575.0,0.0
2011-02-09 00:00:00,165000.0,166000.0,162500.0,164000.0,89570.0,-0.0060606060606061
2011-02-10 00:00:00,162500.0,164000.0,161500.0,161500.0,118566.0,-0.0152439024390244
2011-02-11 00:00:00,163000.0,164000.0,161000.0,162500.0,154060.0,0.0061919504643963
2011-02-14 00:00:00,163000.0,163500.0,160500.0,161500.0,78151.0,-0.0061538461538461
2011-02-15 00:00:00,161000.0,162500.0,158500.0,158500.0,184081.0,-0.0185758513931888
2011-02-16 00:00:00,158500.0,161500.0,157500.0,160000.0,115700.0,0.0094637223974762
2011-02-17 00:00:00,160000.0,160500.0,157000.0,157000.0,145572.0,-0.01875
2011-02-18 00:00:00,157000.0,159000.0,157000.0,157000.0,100605.0,0.0
2011-02-21 00:00:00,158000.0,158500.0,154500.0,156500.0,144956.0,-0.0031847133757961
2011-02-22 00:00:00,155000.0,156500.0,154500.0,156000.0,79813.0,-0.0031948881789137
2011-02-23 00:00:00,155500.0,159000.0,155000.0,157500.0,98517.0,0.0096153846153845
2011-02-24 00:00:00,159000.0,163000.0,159000.0,162500.0,167009.0,0.0317460317460318
2011-02-25 00:00:00,162500.0,166000.0,161000.0,165000.0,211779.0,0.0153846153846153
2011-02-28 00:00:00,165000.0,165000.0,161500.0,163000.0,72750.0,-0.012121212121212
2011-03-02 00:00:00,162000.0,163500.0,161500.0,161500.0,86359.0,-0.00920245398773
2011-03-03 00:00:00,161000.0,161500.0,160000.0,160500.0,54431.0,-0.0061919504643962
2011-03-04 00:00:00,161500.0,165000.0,160500.0,164500.0,92431.0,0.0249221183800623
2011-03-07 00:00:00,164500.0,166000.0,162000.0,162000.0,76408.0,-0.0151975683890577
2011-03-08 00:00:00,162000.0,166000.0,162000.0,163500.0,137234.0,0.0092592592592593
2011-03-09 00:00:00,165000.0,167500.0,164000.0,166000.0,140978.0,0.0152905198776758
2011-03-10 00:00:00,166500.0,167000.0,163500.0,163500.0,252124.0,-0.0150602409638553
2011-03-11 00:00:00,163500.0,164500.0,160500.0,160500.0,125786.0,-0.018348623853211
2011-03-14 00:00:00,159500.0,161000.0,157000.0,160500.0,121843.0,0.0
2011-03-15 00:00:00,158000.0,161500.0,156500.0,157000.0,246519.0,-0.0218068535825545
2011-03-16 00:00:00,156500.0,160500.0,156500.0,160000.0,211882.0,0.019108280254777
2011-03-17 00:00:00,160000.0,161000.0,158000.0,160000.0,217141.0,0.0
2011-03-18 00:00:00,158500.0,160000.0,158000.0,158000.0,356305.0,-0.0124999999999999
2011-03-21 00:00:00,159000.0,160500.0,158500.0,160500.0,95661.0,0.0158227848101266
2011-03-22 00:00:00,160000.0,161000.0,158000.0,158500.0,94717.0,-0.0124610591900311
2011-03-23 00:00:00,159000.0,159500.0,158000.0,159000.0,77417.0,0.003154574132492
2011-03-24 00:00:00,158500.0,159500.0,158000.0,159000.0,68123.0,0.0
2011-03-25 00:00:00,158500.0,161500.0,158000.0,160500.0,122274.0,0.009433962264151
2011-03-28 00:00:00,161000.0,161500.0,158500.0,161000.0,153124.0,0.0031152647975076
2011-03-29 00:00:00,160000.0,160500.0,159000.0,160500.0,134623.0,-0.0031055900621117
2011-03-30 00:00:00,159500.0,162000.0,159000.0,161000.0,231297.0,0.0031152647975076
2011-03-31 00:00:00,161000.0,164000.0,160500.0,163500.0,188026.0,0.0155279503105589
2011-04-01 00:00:00,163000.0,167500.0,163000.0,165500.0,176575.0,0.0122324159021407
2011-04-04 00:00:00,165000.0,166500.0,164500.0,165000.0,103933.0,-0.0030211480362537
2011-04-05 00:00:00,165000.0,167000.0,163000.0,166000.0,110001.0,0.0060606060606061
2011-04-06 00:00:00,165000.0,166000.0,164000.0,164000.0,82607.0,-0.0120481927710843
2011-04-07 00:00:00,164000.0,164000.0,161500.0,162000.0,146800.0,-0.0121951219512195
2011-04-08 00:00:00,162000.0,163000.0,160500.0,160500.0,246360.0,-0.0092592592592593
2011-04-11 00:00:00,161000.0,161000.0,158500.0,159000.0,126647.0,-0.0093457943925233
2011-04-12 00:00:00,159000.0,159500.0,157500.0,159500.0,179702.0,0.0031446540880504
2011-04-13 00:00:00,158500.0,159500.0,157500.0,159000.0,74390.0,-0.0031347962382445
2011-04-14 00:00:00,158000.0,159000.0,156000.0,159000.0,217630.0,0.0
2011-04-15 00:00:00,157000.0,158500.0,157000.0,158000.0,48084.0,-0.0062893081761006
2011-04-18 00:00:00,157500.0,158500.0,156000.0,158500.0,86251.0,0.0031645569620253
2011-04-19 00:00:00,157500.0,158000.0,156500.0,157500.0,91336.0,-0.0063091482649841
2011-04-20 00:00:00,158000.0,159500.0,157500.0,159000.0,104145.0,0.0095238095238094
2011-04-21 00:00:00,159000.0,161000.0,159000.0,159500.0,88022.0,0.0031446540880504
2011-04-22 00:00:00,160000.0,161000.0,158500.0,158500.0,95895.0,-0.006269592476489
2011-04-25 00:00:00,160000.0,160500.0,158500.0,160000.0,85425.0,0.0094637223974762
2011-04-26 00:00:00,159000.0,161000.0,157500.0,160500.0,137576.0,0.003125
2011-04-27 00:00:00,160500.0,163500.0,159000.0,163000.0,172898.0,0.0155763239875388
2011-04-28 00:00:00,162000.0,163000.0,161000.0,161500.0,134020.0,-0.00920245398773
2011-04-29 00:00:00,161000.0,164000.0,160000.0,162500.0,135759.0,0.0061919504643963
2011-05-02 00:00:00,162500.0,166000.0,162500.0,163500.0,140154.0,0.0061538461538461
2011-05-03 00:00:00,164000.0,165000.0,163000.0,165000.0,158448.0,0.0091743119266054
2011-05-04 00:00:00,164000.0,166500.0,164000.0,166000.0,178154.0,0.0060606060606061
2011-05-06 00:00:00,166000.0,169000.0,164500.0,169000.0,253013.0,0.0180722891566265
2011-05-09 00:00:00,167500.0,169000.0,164500.0,165500.0,160479.0,-0.0207100591715976
2011-05-11 00:00:00,165000.0,166500.0,162500.0,162500.0,183323.0,-0.0181268882175226
2011-05-12 00:00:00,163000.0,163000.0,161000.0,161000.0,169212.0,-0.0092307692307692
2011-05-13 00:00:00,161500.0,163500.0,161000.0,162000.0,88920.0,0.0062111801242235
2011-05-16 00:00:00,161500.0,165000.0,160500.0,164000.0,122385.0,0.0123456790123457
2011-05-17 00:00:00,163500.0,166000.0,163500.0,163500.0,148759.0,-0.0030487804878048
2011-05-18 00:00:00,164500.0,166000.0,164000.0,165000.0,122304.0,0.0091743119266054
2011-05-19 00:00:00,164000.0,166000.0,162500.0,165000.0,131864.0,0.0
2011-05-20 00:00:00,166500.0,169000.0,164500.0,167500.0,326065.0,0.0151515151515151
2011-05-23 00:00:00,169000.0,169000.0,167000.0,168000.0,100848.0,0.0029850746268655
2011-05-24 00:00:00,166500.0,167000.0,164000.0,164000.0,205440.0,-0.0238095238095238
2011-05-25 00:00:00,164000.0,164000.0,161000.0,162500.0,104336.0,-0.0091463414634146
2011-05-26 00:00:00,161500.0,162500.0,159500.0,161500.0,137847.0,-0.0061538461538461
2011-05-27 00:00:00,160500.0,162000.0,159500.0,161000.0,133185.0,-0.0030959752321981
2011-05-30 00:00:00,161000.0,161000.0,158000.0,160000.0,167678.0,-0.0062111801242236
2011-05-31 00:00:00,160000.0,163500.0,160000.0,160000.0,935522.0,0.0
2011-06-01 00:00:00,160000.0,160500.0,158000.0,160000.0,297435.0,0.0
2011-06-02 00:00:00,159500.0,160000.0,157500.0,159000.0,314236.0,-0.0062499999999999
2011-06-03 00:00:00,159000.0,160000.0,158000.0,159500.0,169589.0,0.0031446540880504
2011-06-07 00:00:00,158500.0,160000.0,158000.0,160000.0,111976.0,0.0031347962382444
2011-06-08 00:00:00,159500.0,160000.0,157000.0,157500.0,140950.0,-0.015625
2011-06-09 00:00:00,157500.0,158000.0,154500.0,155500.0,299172.0,-0.0126984126984126
2011-06-10 00:00:00,155500.0,156000.0,152000.0,152500.0,235724.0,-0.0192926045016077
2011-06-13 00:00:00,151000.0,153500.0,150500.0,153500.0,159225.0,0.0065573770491802
2011-06-14 00:00:00,152500.0,153500.0,151500.0,152500.0,133387.0,-0.006514657980456
2011-06-15 00:00:00,152500.0,153500.0,150500.0,153500.0,145122.0,0.0065573770491802
2011-06-16 00:00:00,152500.0,153000.0,151000.0,153000.0,66295.0,-0.003257328990228
2011-06-17 00:00:00,152000.0,155500.0,151500.0,154000.0,161725.0,0.0065359477124182
2011-06-20 00:00:00,153500.0,155000.0,153000.0,154500.0,66123.0,0.0032467532467532
2011-06-21 00:00:00,154500.0,157500.0,153500.0,156500.0,129472.0,0.0129449838187702
2011-06-22 00:00:00,156500.0,159000.0,156500.0,158500.0,109382.0,0.0127795527156548
2011-06-23 00:00:00,158000.0,159000.0,156000.0,157500.0,93991.0,-0.0063091482649841
2011-06-24 00:00:00,158000.0,161000.0,157000.0,160000.0,139442.0,0.0158730158730158
2011-06-27 00:00:00,160000.0,160000.0,156000.0,156500.0,167635.0,-0.0218749999999999
2011-06-28 00:00:00,158000.0,160500.0,158000.0,159000.0,118324.0,0.0159744408945687
2011-06-29 00:00:00,160000.0,162000.0,159500.0,159500.0,128469.0,0.0031446540880504
2011-06-30 00:00:00,159500.0,162500.0,159500.0,161500.0,109325.0,0.0125391849529781
2011-07-01 00:00:00,162000.0,163500.0,160500.0,161000.0,90960.0,-0.0030959752321981
2011-07-04 00:00:00,161500.0,162000.0,159000.0,161500.0,106989.0,0.0031055900621117
2011-07-05 00:00:00,160000.0,162000.0,160000.0,160500.0,52707.0,-0.0061919504643962
2011-07-06 00:00:00,161000.0,161500.0,158500.0,159500.0,102393.0,-0.0062305295950155
2011-07-07 00:00:00,153000.0,156000.0,152000.0,154500.0,690222.0,-0.0313479623824451
2011-07-08 00:00:00,151500.0,152500.0,144000.0,149500.0,1216799.0,-0.0323624595469255
2011-07-11 00:00:00,145500.0,146000.0,143500.0,144000.0,516613.0,-0.0367892976588628
2011-07-12 00:00:00,142000.0,143000.0,139500.0,140500.0,829178.0,-0.0243055555555555
2011-07-13 00:00:00,142000.0,143500.0,139500.0,140000.0,541925.0,-0.0035587188612099
2011-07-14 00:00:00,140500.0,141500.0,139500.0,140500.0,452180.0,0.0035714285714285
2011-07-15 00:00:00,140500.0,144000.0,140500.0,144000.0,327026.0,0.0249110320284697
2011-07-18 00:00:00,143000.0,144500.0,141500.0,144000.0,263441.0,0.0
2011-07-19 00:00:00,144000.0,146000.0,142500.0,143500.0,244393.0,-0.0034722222222222
2011-07-20 00:00:00,145500.0,147500.0,143500.0,144000.0,282211.0,0.0034843205574912
2011-07-21 00:00:00,144500.0,146000.0,143500.0,144500.0,241665.0,0.0034722222222223
2011-07-22 00:00:00,144500.0,145500.0,142500.0,143500.0,248710.0,-0.0069204152249134
2011-07-25 00:00:00,143500.0,144500.0,142500.0,144500.0,156467.0,0.0069686411149825
2011-07-26 00:00:00,144500.0,149000.0,144500.0,147500.0,302269.0,0.0207612456747405
2011-07-27 00:00:00,147500.0,152000.0,147000.0,151500.0,373512.0,0.0271186440677966
2011-07-28 00:00:00,149000.0,149500.0,147000.0,147500.0,231187.0,-0.0264026402640263
2011-07-29 00:00:00,147000.0,149500.0,146500.0,147000.0,216890.0,-0.0033898305084745
2011-08-01 00:00:00,148500.0,151500.0,148000.0,149500.0,182599.0,0.0170068027210883
2011-08-02 00:00:00,148500.0,149000.0,145500.0,145500.0,243891.0,-0.0267558528428093
2011-08-03 00:00:00,143500.0,145000.0,142500.0,144000.0,213402.0,-0.0103092783505154
2011-08-04 00:00:00,143500.0,147000.0,143000.0,145000.0,166051.0,0.0069444444444444
2011-08-05 00:00:00,140500.0,143500.0,140000.0,141000.0,457812.0,-0.0275862068965517
2011-08-08 00:00:00,141000.0,143000.0,135500.0,135500.0,510869.0,-0.0390070921985815
2011-08-09 00:00:00,133000.0,134000.0,126500.0,131500.0,488531.0,-0.029520295202952
2011-08-10 00:00:00,135000.0,135000.0,131000.0,131000.0,374149.0,-0.0038022813688213
2011-08-11 00:00:00,129500.0,139000.0,128500.0,135000.0,517559.0,0.0305343511450382
2011-08-12 00:00:00,136500.0,136500.0,132000.0,134000.0,315567.0,-0.0074074074074074
2011-08-16 00:00:00,135500.0,140000.0,135500.0,139500.0,276650.0,0.041044776119403
2011-08-17 00:00:00,140500.0,148500.0,139000.0,146500.0,382861.0,0.050179211469534
2011-08-18 00:00:00,145500.0,161000.0,144500.0,156000.0,792305.0,0.0648464163822526
2011-08-19 00:00:00,153000.0,160000.0,150500.0,151500.0,671592.0,-0.0288461538461538
2011-08-22 00:00:00,153000.0,155500.0,150000.0,152500.0,183337.0,0.0066006600660066
2011-08-23 00:00:00,153000.0,158500.0,151000.0,157500.0,271023.0,0.0327868852459016
2011-08-24 00:00:00,154500.0,155500.0,150500.0,151500.0,375403.0,-0.038095238095238
2011-08-25 00:00:00,150000.0,154000.0,150000.0,152500.0,255344.0,0.0066006600660066
2011-08-26 00:00:00,150500.0,154000.0,143500.0,144500.0,276958.0,-0.0524590163934426
2011-08-29 00:00:00,144500.0,151000.0,142000.0,150000.0,275630.0,0.0380622837370241
2011-08-30 00:00:00,148000.0,153500.0,146500.0,152000.0,232888.0,0.0133333333333334
2011-08-31 00:00:00,152000.0,155000.0,150500.0,155000.0,164876.0,0.019736842105263
2011-09-01 00:00:00,156000.0,156000.0,151000.0,151500.0,340058.0,-0.0225806451612903
2011-09-02 00:00:00,150500.0,153000.0,149500.0,151000.0,146191.0,-0.0033003300330033
2011-09-05 00:00:00,152500.0,156000.0,147500.0,154500.0,235102.0,0.0231788079470198
2011-09-06 00:00:00,151500.0,158000.0,150500.0,154000.0,314245.0,-0.0032362459546925
2011-09-07 00:00:00,154000.0,157000.0,153000.0,154500.0,225044.0,0.0032467532467532
2011-09-08 00:00:00,153500.0,155000.0,150000.0,151000.0,281988.0,-0.0226537216828478
2011-09-09 00:00:00,150000.0,152000.0,148000.0,148000.0,152328.0,-0.0198675496688741
2011-09-14 00:00:00,146000.0,149000.0,143500.0,146000.0,241488.0,-0.0135135135135134
2011-09-15 00:00:00,147500.0,153500.0,147500.0,153000.0,219318.0,0.047945205479452
2011-09-16 00:00:00,155000.0,159500.0,154000.0,159500.0,307679.0,0.042483660130719
2011-09-19 00:00:00,156000.0,157500.0,151500.0,154000.0,269388.0,-0.0344827586206896
2011-09-20 00:00:00,151500.0,156000.0,149500.0,150500.0,242378.0,-0.0227272727272727
2011-09-21 00:00:00,149000.0,152500.0,147500.0,149000.0,258205.0,-0.0099667774086378
2011-09-22 00:00:00,147500.0,151000.0,145500.0,145500.0,351121.0,-0.023489932885906
2011-09-23 00:00:00,145000.0,150500.0,143500.0,147500.0,327691.0,0.0137457044673539
2011-09-26 00:00:00,149000.0,156500.0,148500.0,155500.0,361726.0,0.0542372881355932
2011-09-27 00:00:00,156000.0,156000.0,151500.0,153000.0,328207.0,-0.0160771704180063
2011-09-28 00:00:00,155000.0,156000.0,152500.0,153000.0,245094.0,0.0
2011-09-29 00:00:00,154500.0,155000.0,150000.0,152000.0,143199.0,-0.0065359477124182
2011-09-30 00:00:00,150500.0,154500.0,147000.0,149500.0,305661.0,-0.0164473684210526
2011-10-04 00:00:00,147500.0,151500.0,146500.0,148500.0,295271.0,-0.0066889632107023
2011-10-05 00:00:00,149500.0,156500.0,148500.0,156000.0,453809.0,0.0505050505050506
2011-10-06 00:00:00,157000.0,158500.0,155500.0,157500.0,244590.0,0.0096153846153845
2011-10-07 00:00:00,156000.0,158000.0,153500.0,157500.0,180578.0,0.0
2011-10-10 00:00:00,156500.0,159000.0,154500.0,154500.0,123138.0,-0.019047619047619
2011-10-11 00:00:00,154000.0,155500.0,153500.0,155000.0,155740.0,0.0032362459546926
2011-10-12 00:00:00,155000.0,156000.0,154000.0,155000.0,124952.0,0.0
2011-10-13 00:00:00,155000.0,157000.0,153500.0,153500.0,180114.0,-0.0096774193548386
2011-10-14 00:00:00,154000.0,158000.0,154000.0,158000.0,145289.0,0.0293159609120521
2011-10-17 00:00:00,159000.0,165500.0,158500.0,165000.0,299426.0,0.0443037974683544
2011-10-18 00:00:00,163500.0,167000.0,163000.0,164500.0,227452.0,-0.003030303030303
2011-10-19 00:00:00,163000.0,163000.0,160000.0,160500.0,195363.0,-0.0243161094224924
2011-10-20 00:00:00,160000.0,162500.0,159500.0,160000.0,168832.0,-0.0031152647975077
2011-10-21 00:00:00,160000.0,160000.0,157500.0,160000.0,167739.0,0.0
2011-10-24 00:00:00,160000.0,163500.0,159000.0,162500.0,131097.0,0.015625
2011-10-25 00:00:00,161000.0,161500.0,157500.0,160000.0,131299.0,-0.0153846153846153
2011-10-26 00:00:00,160000.0,163000.0,159000.0,161500.0,115402.0,0.0093749999999999
2011-10-27 00:00:00,160500.0,162000.0,158000.0,159000.0,212883.0,-0.0154798761609906
2011-10-28 00:00:00,157000.0,158000.0,151000.0,152500.0,491532.0,-0.040880503144654
2011-10-31 00:00:00,151500.0,152000.0,147500.0,148000.0,275399.0,-0.0295081967213114
2011-11-01 00:00:00,150000.0,152500.0,150000.0,151000.0,319064.0,0.0202702702702701
2011-11-02 00:00:00,151000.0,151500.0,149000.0,149000.0,193105.0,-0.0132450331125827
2011-11-03 00:00:00,151000.0,151000.0,146000.0,146500.0,263629.0,-0.0167785234899329
2011-11-04 00:00:00,147000.0,148000.0,145500.0,146500.0,373042.0,0.0
2011-11-07 00:00:00,149000.0,154000.0,146500.0,152500.0,389979.0,0.0409556313993173
2011-11-08 00:00:00,151500.0,154500.0,150500.0,151500.0,212124.0,-0.0065573770491803
2011-11-09 00:00:00,154500.0,156000.0,150000.0,153000.0,312966.0,0.0099009900990099
2011-11-10 00:00:00,150500.0,154500.0,145000.0,145000.0,468085.0,-0.0522875816993464
2011-11-11 00:00:00,144500.0,150500.0,141500.0,149500.0,316655.0,0.0310344827586206
2011-11-14 00:00:00,149500.0,150500.0,147500.0,149000.0,192654.0,-0.0033444816053511
2011-11-15 00:00:00,148000.0,149500.0,145000.0,147000.0,200628.0,-0.0134228187919462
2011-11-16 00:00:00,146000.0,147000.0,144000.0,145500.0,325319.0,-0.010204081632653
2011-11-17 00:00:00,145000.0,149500.0,143500.0,149000.0,270516.0,0.0240549828178693
2011-11-18 00:00:00,147500.0,149500.0,147000.0,147000.0,157286.0,-0.0134228187919462
2011-11-21 00:00:00,147500.0,149500.0,145500.0,149000.0,183462.0,0.0136054421768707
2011-11-22 00:00:00,148500.0,151500.0,146500.0,150000.0,264853.0,0.0067114093959732
2011-11-23 00:00:00,149500.0,151500.0,149000.0,149000.0,243666.0,-0.0066666666666667
2011-11-24 00:00:00,150500.0,155000.0,150000.0,154500.0,348888.0,0.0369127516778522
2011-11-25 00:00:00,153500.0,156000.0,152000.0,153500.0,215725.0,-0.0064724919093851
2011-11-28 00:00:00,153500.0,156000.0,153500.0,156000.0,185915.0,0.01628664495114
2011-11-29 00:00:00,154000.0,155000.0,151500.0,151500.0,299869.0,-0.0288461538461538
2011-11-30 00:00:00,151500.0,153000.0,150500.0,152000.0,221013.0,0.0033003300330032
2011-12-01 00:00:00,152500.0,154500.0,152000.0,153500.0,373262.0,0.0098684210526316
2011-12-02 00:00:00,152500.0,153000.0,150000.0,150000.0,402586.0,-0.0228013029315961
2011-12-05 00:00:00,150000.0,151000.0,148500.0,150000.0,268511.0,0.0
2011-12-06 00:00:00,149500.0,151500.0,149000.0,149500.0,261277.0,-0.0033333333333332
2011-12-07 00:00:00,149000.0,151000.0,148000.0,150000.0,377742.0,0.0033444816053511
2011-12-08 00:00:00,151000.0,154500.0,150000.0,154000.0,348551.0,0.0266666666666666
2011-12-09 00:00:00,152000.0,154000.0,150500.0,150500.0,296034.0,-0.0227272727272727
2011-12-12 00:00:00,151000.0,152000.0,150000.0,151000.0,184833.0,0.0033222591362125
2011-12-13 00:00:00,150500.0,151000.0,149000.0,149000.0,219857.0,-0.0132450331125827
2011-12-14 00:00:00,149500.0,152000.0,149000.0,151000.0,149374.0,0.0134228187919462
2011-12-15 00:00:00,150500.0,152000.0,148500.0,148500.0,233477.0,-0.0165562913907284
2011-12-16 00:00:00,149500.0,150500.0,148500.0,149000.0,171256.0,0.0033670033670034
2011-12-19 00:00:00,149000.0,150500.0,145500.0,145500.0,302318.0,-0.023489932885906
2011-12-20 00:00:00,147000.0,153000.0,146000.0,153000.0,210983.0,0.0515463917525773
2011-12-21 00:00:00,153000.0,154500.0,151500.0,153000.0,208431.0,0.0
2011-12-22 00:00:00,152500.0,153000.0,150500.0,151500.0,124883.0,-0.0098039215686274
2011-12-23 00:00:00,152000.0,154000.0,151500.0,153500.0,154226.0,0.0132013201320131
2011-12-26 00:00:00,153500.0,154000.0,152500.0,154000.0,123368.0,0.003257328990228
2011-12-27 00:00:00,154500.0,154500.0,151000.0,151000.0,357922.0,-0.0194805194805194
2011-12-28 00:00:00,143000.0,143500.0,141000.0,141500.0,390002.0,-0.0629139072847682
2011-12-29 00:00:00,141500.0,142000.0,139000.0,141500.0,283681.0,0.0
2012-01-02 00:00:00,141500.0,142000.0,139000.0,139500.0,137095.0,-0.0141342756183745
2012-01-03 00:00:00,138500.0,141500.0,138500.0,141000.0,251895.0,0.010752688172043
2012-01-04 00:00:00,142000.0,142000.0,138000.0,139000.0,325491.0,-0.0141843971631205
2012-01-05 00:00:00,140000.0,140500.0,137500.0,138500.0,221012.0,-0.0035971223021582
2012-01-06 00:00:00,140000.0,140500.0,135000.0,137500.0,295613.0,-0.0072202166064981
2012-01-09 00:00:00,137000.0,137000.0,133500.0,135000.0,202655.0,-0.0181818181818181
2012-01-10 00:00:00,136000.0,139000.0,135500.0,137000.0,204286.0,0.0148148148148148
2012-01-11 00:00:00,138000.0,138500.0,134500.0,135500.0,148598.0,-0.010948905109489
2012-01-12 00:00:00,136500.0,137000.0,134000.0,135000.0,246091.0,-0.0036900369003689
2012-01-13 00:00:00,134500.0,139000.0,134500.0,137500.0,139512.0,0.0185185185185186
2012-01-16 00:00:00,137500.0,137500.0,134500.0,137000.0,128332.0,-0.0036363636363636
2012-01-17 00:00:00,136500.0,138500.0,134000.0,134500.0,275233.0,-0.0182481751824817
2012-01-18 00:00:00,135500.0,137500.0,135000.0,137500.0,174769.0,0.0223048327137547
2012-01-19 00:00:00,137000.0,138000.0,136500.0,137500.0,171829.0,0.0
2012-01-20 00:00:00,137000.0,137500.0,136000.0,136500.0,220462.0,-0.0072727272727273
2012-01-25 00:00:00,137500.0,142000.0,137000.0,142000.0,370720.0,0.0402930402930403
2012-01-26 00:00:00,142000.0,146500.0,140500.0,143000.0,292388.0,0.0070422535211267
2012-01-27 00:00:00,142500.0,144000.0,140500.0,143000.0,105506.0,0.0
2012-01-30 00:00:00,142500.0,142500.0,140000.0,142000.0,137430.0,-0.0069930069930069
2012-01-31 00:00:00,141000.0,143500.0,140500.0,142500.0,172516.0,0.0035211267605634
2012-02-01 00:00:00,141500.0,142500.0,140000.0,140500.0,147420.0,-0.0140350877192982
2012-02-02 00:00:00,140500.0,142000.0,140000.0,141500.0,141915.0,0.0071174377224199
2012-02-03 00:00:00,142000.0,142000.0,137000.0,137500.0,308112.0,-0.028268551236749
2012-02-06 00:00:00,138000.0,138500.0,136000.0,137000.0,201935.0,-0.0036363636363636
2012-02-07 00:00:00,137000.0,138500.0,136000.0,137500.0,199181.0,0.0036496350364962
2012-02-08 00:00:00,137000.0,139000.0,136500.0,137000.0,171443.0,-0.0036363636363636
2012-02-09 00:00:00,137000.0,137500.0,135000.0,136500.0,312228.0,-0.0036496350364964
2012-02-10 00:00:00,136000.0,136500.0,135000.0,136000.0,190118.0,-0.0036630036630036
2012-02-13 00:00:00,136000.0,138000.0,135500.0,136500.0,132492.0,0.0036764705882352
2012-02-14 00:00:00,137000.0,138000.0,136000.0,137500.0,183775.0,0.0073260073260073
2012-02-15 00:00:00,137500.0,140000.0,137000.0,139000.0,278886.0,0.0109090909090909
2012-02-16 00:00:00,138000.0,138500.0,136500.0,137500.0,233164.0,-0.0107913669064748
2012-02-17 00:00:00,139500.0,140000.0,138000.0,139000.0,120341.0,0.0109090909090909
2012-02-20 00:00:00,139500.0,141000.0,138500.0,139000.0,117739.0,0.0
2012-02-21 00:00:00,138500.0,139500.0,137000.0,138000.0,135770.0,-0.0071942446043165
2012-02-22 00:00:00,138500.0,141000.0,137500.0,141000.0,162018.0,0.0217391304347827
2012-02-23 00:00:00,141500.0,141500.0,139000.0,140000.0,134623.0,-0.0070921985815602
2012-02-24 00:00:00,141500.0,141500.0,139000.0,140500.0,171544.0,0.0035714285714285
2012-02-27 00:00:00,140000.0,140500.0,137500.0,139500.0,117117.0,-0.0071174377224199
2012-02-28 00:00:00,141000.0,144500.0,141000.0,143000.0,318903.0,0.0250896057347669
2012-02-29 00:00:00,144000.0,146000.0,143500.0,145500.0,191964.0,0.0174825174825175
2012-03-02 00:00:00,146000.0,149000.0,143500.0,146000.0,251602.0,0.0034364261168384
2012-03-05 00:00:00,146000.0,146000.0,143000.0,143000.0,112275.0,-0.0205479452054794
2012-03-06 00:00:00,143000.0,144000.0,141500.0,141500.0,82139.0,-0.0104895104895105
2012-03-07 00:00:00,141000.0,142500.0,139500.0,142000.0,146956.0,0.0035335689045936
2012-03-08 00:00:00,140500.0,141500.0,139000.0,139000.0,290224.0,-0.0211267605633802
2012-03-09 00:00:00,139500.0,140000.0,137500.0,138000.0,148863.0,-0.0071942446043165
2012-03-12 00:00:00,138500.0,141500.0,138000.0,141000.0,138664.0,0.0217391304347827
2012-03-13 00:00:00,140000.0,141500.0,138500.0,140000.0,169328.0,-0.0070921985815602
2012-03-14 00:00:00,141000.0,141500.0,138000.0,139000.0,221881.0,-0.0071428571428571
2012-03-15 00:00:00,139000.0,139000.0,137000.0,139000.0,213552.0,0.0
2012-03-16 00:00:00,137500.0,138000.0,136500.0,136500.0,196846.0,-0.0179856115107913
2012-03-19 00:00:00,137500.0,139000.0,137500.0,138500.0,131289.0,0.0146520146520146
2012-03-20 00:00:00,139000.0,139500.0,138000.0,138500.0,168274.0,0.0
2012-03-21 00:00:00,139500.0,141500.0,139000.0,141000.0,156685.0,0.0180505415162455
2012-03-22 00:00:00,142500.0,144000.0,141500.0,143000.0,249959.0,0.0141843971631205
2012-03-23 00:00:00,143000.0,145500.0,140500.0,142000.0,198414.0,-0.0069930069930069
2012-03-26 00:00:00,142500.0,146000.0,142500.0,145500.0,201129.0,0.0246478873239437
2012-03-27 00:00:00,145000.0,145500.0,140000.0,142500.0,207498.0,-0.0206185567010309
2012-03-28 00:00:00,142000.0,143500.0,141000.0,141500.0,135964.0,-0.0070175438596491
2012-03-29 00:00:00,143000.0,144500.0,141500.0,142500.0,205782.0,0.0070671378091873
2012-03-30 00:00:00,143500.0,143500.0,139500.0,139500.0,203839.0,-0.0210526315789473
2012-04-02 00:00:00,141000.0,143000.0,139000.0,140500.0,141668.0,0.0071684587813619
2012-04-03 00:00:00,142500.0,143500.0,141000.0,142500.0,239525.0,0.0142348754448398
2012-04-04 00:00:00,138500.0,140000.0,137000.0,138000.0,3075965.0,-0.031578947368421
2012-04-05 00:00:00,138500.0,139000.0,137000.0,138500.0,355472.0,0.0036231884057971
2012-04-06 00:00:00,137500.0,140000.0,137000.0,139500.0,959831.0,0.0072202166064982
2012-04-09 00:00:00,139000.0,140000.0,136500.0,140000.0,254936.0,0.0035842293906809
2012-04-10 00:00:00,139000.0,140500.0,138500.0,140000.0,205665.0,0.0
2012-04-12 00:00:00,140000.0,140000.0,138000.0,140000.0,231295.0,0.0
2012-04-13 00:00:00,141000.0,141000.0,138500.0,140500.0,178717.0,0.0035714285714285
2012-04-16 00:00:00,139500.0,140000.0,137500.0,139000.0,145664.0,-0.0106761565836298
2012-04-17 00:00:00,139500.0,139500.0,136500.0,137000.0,219507.0,-0.0143884892086331
2012-04-18 00:00:00,138000.0,138500.0,136500.0,137000.0,161782.0,0.0
2012-04-19 00:00:00,136000.0,136500.0,135000.0,136000.0,212294.0,-0.0072992700729926
2012-04-20 00:00:00,135500.0,136000.0,135000.0,135000.0,154184.0,-0.0073529411764705
2012-04-23 00:00:00,136000.0,136000.0,135000.0,136000.0,137414.0,0.0074074074074073
2012-04-24 00:00:00,135500.0,137000.0,134000.0,136500.0,213847.0,0.0036764705882352
2012-04-25 00:00:00,137500.0,138000.0,136500.0,137500.0,149195.0,0.0073260073260073
2012-04-26 00:00:00,137500.0,137500.0,134500.0,134500.0,154946.0,-0.0218181818181818
2012-04-27 00:00:00,135000.0,137000.0,131500.0,137000.0,462506.0,0.0185873605947954
2012-04-30 00:00:00,137000.0,137000.0,134000.0,135000.0,217264.0,-0.0145985401459853
2012-05-02 00:00:00,135500.0,136000.0,133000.0,134000.0,202926.0,-0.0074074074074074
2012-05-03 00:00:00,134500.0,134500.0,131500.0,132500.0,158893.0,-0.0111940298507462
2012-05-04 00:00:00,132500.0,133500.0,130000.0,133500.0,237277.0,0.0075471698113207
2012-05-07 00:00:00,133000.0,139000.0,132000.0,138000.0,389128.0,0.0337078651685394
2012-05-08 00:00:00,139000.0,139000.0,136000.0,138000.0,98740.0,0.0
2012-05-09 00:00:00,137500.0,139000.0,137000.0,138500.0,136095.0,0.0036231884057971
2012-05-10 00:00:00,138000.0,138000.0,136000.0,137000.0,120204.0,-0.0108303249097473
2012-05-11 00:00:00,136500.0,137000.0,134500.0,135000.0,121461.0,-0.0145985401459853
2012-05-14 00:00:00,134500.0,137000.0,133500.0,136000.0,118915.0,0.0074074074074073
2012-05-15 00:00:00,138000.0,138500.0,135500.0,136500.0,274535.0,0.0036764705882352
2012-05-16 00:00:00,135500.0,136000.0,131500.0,133000.0,349540.0,-0.0256410256410256
2012-05-17 00:00:00,132000.0,133500.0,131500.0,131500.0,206149.0,-0.0112781954887217
2012-05-18 00:00:00,130500.0,131000.0,128500.0,128500.0,251811.0,-0.0228136882129277
2012-05-21 00:00:00,129500.0,130500.0,126000.0,126000.0,149218.0,-0.0194552529182879
2012-05-22 00:00:00,128000.0,128500.0,125500.0,128500.0,269934.0,0.0198412698412697
2012-05-23 00:00:00,127500.0,128000.0,124000.0,124500.0,205768.0,-0.0311284046692607
2012-05-24 00:00:00,125000.0,125500.0,120000.0,121000.0,376628.0,-0.0281124497991968
2012-05-25 00:00:00,121500.0,125000.0,121500.0,123500.0,214611.0,0.0206611570247934
2012-05-29 00:00:00,124000.0,125500.0,123000.0,123500.0,216449.0,0.0
2012-05-30 00:00:00,124000.0,124500.0,121500.0,122500.0,243168.0,-0.0080971659919028
2012-05-31 00:00:00,122000.0,126000.0,120500.0,120500.0,685924.0,-0.0163265306122448
2012-06-01 00:00:00,121500.0,124500.0,121000.0,124000.0,330316.0,0.0290456431535268
2012-06-04 00:00:00,123000.0,127500.0,122000.0,126000.0,481668.0,0.0161290322580645
2012-06-05 00:00:00,124500.0,126500.0,123500.0,124500.0,372206.0,-0.0119047619047618
2012-06-07 00:00:00,124500.0,127000.0,124000.0,126500.0,263767.0,0.0160642570281124
2012-06-08 00:00:00,125000.0,125500.0,122000.0,122500.0,235973.0,-0.0316205533596838
2012-06-11 00:00:00,122500.0,124000.0,121500.0,122500.0,143418.0,0.0
2012-06-12 00:00:00,122000.0,123500.0,121500.0,123000.0,97726.0,0.0040816326530612
2012-06-13 00:00:00,123000.0,123000.0,120000.0,121500.0,193768.0,-0.0121951219512195
2012-06-14 00:00:00,121000.0,122000.0,120500.0,122000.0,210064.0,0.0041152263374486
2012-06-15 00:00:00,122000.0,122000.0,120000.0,120500.0,321732.0,-0.012295081967213
2012-06-18 00:00:00,121500.0,122500.0,121000.0,122500.0,155107.0,0.0165975103734439
2012-06-19 00:00:00,122500.0,122500.0,121500.0,122000.0,82851.0,-0.0040816326530612
2012-06-20 00:00:00,122500.0,124000.0,122000.0,123000.0,160194.0,0.0081967213114753
2012-06-21 00:00:00,123000.0,124500.0,121500.0,122000.0,203778.0,-0.008130081300813
2012-06-22 00:00:00,122000.0,122500.0,120500.0,120500.0,143322.0,-0.012295081967213
2012-06-25 00:00:00,121000.0,122000.0,120000.0,121500.0,137635.0,0.0082987551867219
2012-06-26 00:00:00,121500.0,125000.0,121500.0,123500.0,259978.0,0.0164609053497941
2012-06-27 00:00:00,123500.0,125500.0,122500.0,124000.0,238463.0,0.0040485829959513
2012-06-28 00:00:00,123500.0,125000.0,122500.0,123500.0,156242.0,-0.0040322580645161
2012-06-29 00:00:00,123000.0,127000.0,123000.0,125000.0,280173.0,0.0121457489878542
2012-07-02 00:00:00,125500.0,126500.0,124000.0,125000.0,118632.0,0.0
2012-07-03 00:00:00,126500.0,130000.0,125500.0,129500.0,239610.0,0.036
2012-07-04 00:00:00,130000.0,132500.0,128500.0,131000.0,180875.0,0.0115830115830115
2012-07-05 00:00:00,129500.0,131000.0,127500.0,128500.0,118683.0,-0.0190839694656488
2012-07-06 00:00:00,128500.0,129000.0,126000.0,127000.0,149286.0,-0.0116731517509727
2012-07-09 00:00:00,127000.0,133000.0,126500.0,131500.0,207571.0,0.0354330708661416
2012-07-10 00:00:00,131500.0,135000.0,130500.0,133000.0,240954.0,0.0114068441064638
2012-07-11 00:00:00,133500.0,136500.0,132500.0,136500.0,224027.0,0.0263157894736842
2012-07-12 00:00:00,136000.0,137000.0,133000.0,133000.0,216815.0,-0.0256410256410256
2012-07-13 00:00:00,132500.0,136500.0,132000.0,136000.0,291481.0,0.0225563909774435
2012-07-16 00:00:00,135000.0,136500.0,133000.0,133000.0,151104.0,-0.0220588235294117
2012-07-17 00:00:00,133500.0,136000.0,132500.0,133000.0,131685.0,0.0
2012-07-18 00:00:00,133000.0,136000.0,133000.0,135500.0,280194.0,0.018796992481203
2012-07-19 00:00:00,136500.0,136500.0,132500.0,133000.0,177476.0,-0.0184501845018449
2012-07-20 00:00:00,134500.0,134500.0,130500.0,131000.0,199083.0,-0.0150375939849624
2012-07-23 00:00:00,132000.0,135000.0,129500.0,133000.0,172500.0,0.0152671755725191
2012-07-24 00:00:00,135000.0,142000.0,134000.0,141000.0,460634.0,0.0601503759398496
2012-07-25 00:00:00,138500.0,140500.0,137000.0,139000.0,407636.0,-0.0141843971631205
2012-07-26 00:00:00,138000.0,141000.0,137500.0,140000.0,374039.0,0.0071942446043165
2012-07-27 00:00:00,140000.0,141000.0,138500.0,141000.0,403123.0,0.0071428571428571
2012-07-30 00:00:00,140500.0,140500.0,137000.0,140500.0,293818.0,-0.00354609929078
2012-07-31 00:00:00,140000.0,144500.0,139000.0,144500.0,288846.0,0.0284697508896796
2012-08-01 00:00:00,141500.0,142500.0,140000.0,141000.0,167775.0,-0.0242214532871972
2012-08-02 00:00:00,141000.0,143000.0,140000.0,142000.0,180351.0,0.0070921985815601
2012-08-03 00:00:00,141500.0,146000.0,140500.0,145000.0,294364.0,0.0211267605633802
2012-08-06 00:00:00,145500.0,145500.0,143500.0,144000.0,426723.0,-0.0068965517241379
2012-08-07 00:00:00,142500.0,144000.0,139500.0,141000.0,174868.0,-0.0208333333333333
2012-08-08 00:00:00,140500.0,142000.0,139000.0,141000.0,247126.0,0.0
2012-08-09 00:00:00,141500.0,145000.0,140000.0,143000.0,346803.0,0.0141843971631205
2012-08-10 00:00:00,144000.0,146500.0,143000.0,145500.0,213289.0,0.0174825174825175
2012-08-13 00:00:00,147000.0,149000.0,145500.0,149000.0,202052.0,0.0240549828178693
2012-08-14 00:00:00,148500.0,151000.0,148000.0,148500.0,280874.0,-0.0033557046979866
2012-08-16 00:00:00,146500.0,151000.0,146500.0,151000.0,212843.0,0.0168350168350168
2012-08-17 00:00:00,150000.0,151000.0,148500.0,151000.0,220304.0,0.0
2012-08-20 00:00:00,150500.0,151000.0,149000.0,149500.0,85036.0,-0.0099337748344371
2012-08-21 00:00:00,151500.0,152000.0,150000.0,151000.0,113372.0,0.0100334448160535
2012-08-22 00:00:00,150000.0,153500.0,149000.0,153000.0,210917.0,0.0132450331125828
2012-08-23 00:00:00,152000.0,154000.0,150000.0,151500.0,142253.0,-0.0098039215686274
2012-08-24 00:00:00,150000.0,150500.0,148500.0,148500.0,157913.0,-0.0198019801980198
2012-08-27 00:00:00,149000.0,153000.0,148500.0,150500.0,185331.0,0.0134680134680134
2012-08-28 00:00:00,150000.0,153500.0,150000.0,152500.0,141593.0,0.0132890365448505
2012-08-29 00:00:00,153500.0,154000.0,149000.0,149000.0,158675.0,-0.0229508196721311
2012-08-30 00:00:00,149000.0,150000.0,146000.0,147500.0,141546.0,-0.0100671140939597
2012-08-31 00:00:00,146500.0,149500.0,145500.0,145500.0,168282.0,-0.0135593220338983
2012-09-03 00:00:00,145500.0,146500.0,144000.0,144000.0,95828.0,-0.0103092783505154
2012-09-04 00:00:00,144000.0,148000.0,143000.0,147000.0,209234.0,0.0208333333333332
2012-09-05 00:00:00,147000.0,150500.0,146500.0,147000.0,190163.0,0.0
2012-09-06 00:00:00,148000.0,150500.0,148000.0,150000.0,218816.0,0.0204081632653061
2012-09-07 00:00:00,150000.0,151000.0,147000.0,150000.0,239587.0,0.0
2012-09-10 00:00:00,149500.0,150000.0,146500.0,147500.0,143460.0,-0.0166666666666667
2012-09-11 00:00:00,146500.0,150000.0,146000.0,150000.0,143058.0,0.0169491525423728
2012-09-12 00:00:00,150500.0,152500.0,149000.0,150500.0,161081.0,0.0033333333333334
2012-09-13 00:00:00,150000.0,153000.0,149500.0,152000.0,239550.0,0.0099667774086378
2012-09-14 00:00:00,153000.0,154000.0,149500.0,150000.0,292695.0,-0.0131578947368421
2012-09-17 00:00:00,148000.0,148500.0,144500.0,145000.0,293672.0,-0.0333333333333333
2012-09-18 00:00:00,144500.0,145500.0,143500.0,144500.0,233868.0,-0.0034482758620689
2012-09-19 00:00:00,146000.0,147000.0,145000.0,146000.0,174717.0,0.0103806228373701
2012-09-20 00:00:00,146500.0,148000.0,145000.0,146000.0,175263.0,0.0
2012-09-21 00:00:00,146500.0,148000.0,146000.0,147000.0,88554.0,0.0068493150684931
2012-09-24 00:00:00,147500.0,149000.0,146500.0,149000.0,98702.0,0.0136054421768707
2012-09-25 00:00:00,148000.0,148500.0,146500.0,147500.0,112461.0,-0.0100671140939597
2012-09-26 00:00:00,146500.0,147000.0,144500.0,145000.0,91754.0,-0.0169491525423728
2012-09-27 00:00:00,145000.0,146500.0,144000.0,144500.0,136496.0,-0.0034482758620689
2012-09-28 00:00:00,146000.0,148000.0,145500.0,147000.0,190364.0,0.0173010380622837
2012-10-02 00:00:00,146000.0,147000.0,144500.0,145500.0,131460.0,-0.010204081632653
2012-10-04 00:00:00,146500.0,147000.0,144500.0,145500.0,108058.0,0.0
2012-10-05 00:00:00,145000.0,147000.0,145000.0,146000.0,100757.0,0.0034364261168384
2012-10-08 00:00:00,146000.0,147000.0,144000.0,146000.0,96559.0,0.0
2012-10-09 00:00:00,147000.0,150000.0,146000.0,149000.0,175189.0,0.0205479452054795
2012-10-10 00:00:00,148000.0,149500.0,147000.0,148000.0,127155.0,-0.0067114093959731
2012-10-11 00:00:00,148500.0,150000.0,147000.0,148500.0,148291.0,0.0033783783783782
2012-10-12 00:00:00,148000.0,148500.0,146000.0,148000.0,114495.0,-0.0033670033670033
2012-10-15 00:00:00,147000.0,152500.0,147000.0,152000.0,226461.0,0.0270270270270269
2012-10-16 00:00:00,151000.0,151500.0,149000.0,151500.0,204538.0,-0.0032894736842105
2012-10-17 00:00:00,150000.0,153000.0,150000.0,152500.0,136962.0,0.0066006600660066
2012-10-18 00:00:00,151500.0,154500.0,150500.0,154000.0,257101.0,0.0098360655737705
2012-10-19 00:00:00,154500.0,155500.0,153000.0,155500.0,109874.0,0.0097402597402598
2012-10-22 00:00:00,155000.0,158000.0,153000.0,155500.0,150290.0,0.0
2012-10-23 00:00:00,155000.0,158000.0,154500.0,157500.0,133895.0,0.0128617363344052
2012-10-24 00:00:00,157000.0,162500.0,155000.0,157000.0,345977.0,-0.0031746031746031
2012-10-25 00:00:00,157000.0,162500.0,157000.0,159500.0,232713.0,0.015923566878981
2012-10-26 00:00:00,159500.0,162000.0,158500.0,158500.0,132438.0,-0.006269592476489
2012-10-29 00:00:00,158500.0,158500.0,154000.0,154000.0,214029.0,-0.028391167192429
2012-10-30 00:00:00,154500.0,157000.0,153500.0,154000.0,150221.0,0.0
2012-10-31 00:00:00,155500.0,156000.0,152000.0,153500.0,127001.0,-0.0032467532467532
2012-11-01 00:00:00,153500.0,158500.0,153500.0,156000.0,211009.0,0.01628664495114
2012-11-02 00:00:00,156000.0,160500.0,156000.0,156500.0,151182.0,0.0032051282051281
2012-11-05 00:00:00,156000.0,156500.0,154500.0,155500.0,186203.0,-0.0063897763578274
2012-11-06 00:00:00,155500.0,160000.0,154500.0,156000.0,254408.0,0.0032154340836012
2012-11-07 00:00:00,154000.0,155000.0,150500.0,151000.0,304091.0,-0.032051282051282
2012-11-08 00:00:00,150000.0,152000.0,147000.0,148000.0,280590.0,-0.0198675496688741
2012-11-09 00:00:00,148500.0,149500.0,147500.0,149000.0,202086.0,0.0067567567567567
2012-11-12 00:00:00,150000.0,153000.0,148500.0,150500.0,194295.0,0.0100671140939596
2012-11-13 00:00:00,151500.0,152500.0,150000.0,150500.0,158854.0,0.0
2012-11-14 00:00:00,150000.0,153000.0,149500.0,151000.0,180015.0,0.0033222591362125
2012-11-15 00:00:00,150000.0,154000.0,149500.0,151500.0,253673.0,0.0033112582781456
2012-11-16 00:00:00,151000.0,153000.0,150000.0,151000.0,169405.0,-0.0033003300330033
2012-11-19 00:00:00,151500.0,152500.0,151000.0,151500.0,113521.0,0.0033112582781456
2012-11-20 00:00:00,151000.0,153000.0,150500.0,151500.0,132580.0,0.0
2012-11-21 00:00:00,152000.0,152500.0,150500.0,150500.0,145256.0,-0.0066006600660065
2012-11-22 00:00:00,151000.0,152500.0,150500.0,152500.0,119283.0,0.0132890365448505
2012-11-23 00:00:00,152500.0,154000.0,152000.0,152000.0,108427.0,-0.0032786885245901
2012-11-26 00:00:00,153000.0,153000.0,151000.0,152000.0,99840.0,0.0
2012-11-27 00:00:00,151500.0,152500.0,149000.0,150000.0,211350.0,-0.0131578947368421
2012-11-28 00:00:00,149000.0,150000.0,147000.0,149000.0,163270.0,-0.0066666666666667
2012-11-29 00:00:00,149500.0,150000.0,148000.0,148000.0,154684.0,-0.0067114093959731
2012-11-30 00:00:00,147500.0,150500.0,147500.0,150500.0,147606.0,0.0168918918918918
2012-12-03 00:00:00,150500.0,153500.0,150000.0,151500.0,178350.0,0.0066445182724252
2012-12-04 00:00:00,151500.0,154000.0,151000.0,153000.0,181666.0,0.0099009900990099
2012-12-05 00:00:00,156000.0,157000.0,153500.0,154000.0,211375.0,0.0065359477124182
2012-12-06 00:00:00,153500.0,154000.0,153000.0,153000.0,152764.0,-0.0064935064935064
2012-12-07 00:00:00,153000.0,155000.0,152500.0,154500.0,156642.0,0.0098039215686274
2012-12-10 00:00:00,153000.0,158000.0,153000.0,156500.0,170761.0,0.0129449838187702
2012-12-11 00:00:00,156000.0,157000.0,155500.0,155500.0,173126.0,-0.0063897763578274
2012-12-12 00:00:00,155500.0,158000.0,155000.0,155500.0,201614.0,0.0
2012-12-13 00:00:00,155000.0,156500.0,154000.0,156500.0,270269.0,0.0064308681672025
2012-12-14 00:00:00,156500.0,156500.0,155000.0,156000.0,156853.0,-0.0031948881789137
2012-12-17 00:00:00,156000.0,158000.0,156000.0,156500.0,158292.0,0.0032051282051281
2012-12-18 00:00:00,157500.0,159500.0,156500.0,158500.0,208541.0,0.0127795527156548
2012-12-20 00:00:00,158000.0,160000.0,158000.0,159000.0,160383.0,0.003154574132492
2012-12-21 00:00:00,159500.0,161000.0,158000.0,161000.0,258109.0,0.0125786163522012
2012-12-24 00:00:00,160500.0,161000.0,159000.0,159500.0,233128.0,-0.0093167701863353
2012-12-26 00:00:00,159500.0,160000.0,157500.0,158500.0,268544.0,-0.006269592476489
2012-12-27 00:00:00,152000.0,152500.0,149500.0,152000.0,235708.0,-0.0410094637223974
2012-12-28 00:00:00,151000.0,154500.0,150500.0,152500.0,114033.0,0.0032894736842106
2013-01-02 00:00:00,153500.0,154000.0,149000.0,150500.0,220404.0,-0.0131147540983606
2013-01-03 00:00:00,149500.0,152000.0,149500.0,150000.0,176528.0,-0.0033222591362126
2013-01-04 00:00:00,151000.0,154500.0,150500.0,153500.0,167609.0,0.0233333333333334
2013-01-07 00:00:00,153500.0,157000.0,153500.0,156000.0,120780.0,0.01628664495114
2013-01-08 00:00:00,156000.0,157000.0,153500.0,154500.0,163092.0,-0.0096153846153845
2013-01-09 00:00:00,154000.0,155500.0,152000.0,153000.0,70203.0,-0.0097087378640776
2013-01-10 00:00:00,152500.0,156500.0,152500.0,153500.0,191345.0,0.0032679738562091
2013-01-11 00:00:00,156000.0,156000.0,153000.0,154000.0,155386.0,0.003257328990228
2013-01-14 00:00:00,155000.0,164000.0,155000.0,160500.0,431019.0,0.0422077922077921
2013-01-15 00:00:00,160500.0,166500.0,160500.0,165000.0,463449.0,0.0280373831775699
2013-01-16 00:00:00,162500.0,166500.0,162000.0,166000.0,292745.0,0.0060606060606061
2013-01-17 00:00:00,165500.0,165500.0,163000.0,164000.0,175781.0,-0.0120481927710843
2013-01-18 00:00:00,164000.0,167000.0,163000.0,164000.0,189759.0,0.0
2013-01-21 00:00:00,164000.0,170000.0,163000.0,169000.0,202497.0,0.0304878048780488
2013-01-22 00:00:00,169000.0,174000.0,169000.0,173500.0,320267.0,0.0266272189349112
2013-01-23 00:00:00,173000.0,173500.0,170000.0,171500.0,176597.0,-0.0115273775216138
2013-01-24 00:00:00,173000.0,176000.0,171500.0,171500.0,246933.0,0.0
2013-01-25 00:00:00,171500.0,173000.0,169500.0,170500.0,325149.0,-0.0058309037900874
2013-01-28 00:00:00,170500.0,175000.0,170000.0,171500.0,289645.0,0.0058651026392961
2013-01-29 00:00:00,171500.0,172500.0,165000.0,167500.0,257656.0,-0.0233236151603498
2013-01-30 00:00:00,167500.0,170500.0,167500.0,168500.0,162973.0,0.0059701492537314
2013-01-31 00:00:00,167500.0,168500.0,167000.0,167500.0,163335.0,-0.0059347181008901
2013-02-01 00:00:00,166500.0,170000.0,166000.0,170000.0,170525.0,0.0149253731343284
2013-02-04 00:00:00,169500.0,175000.0,169000.0,172500.0,383432.0,0.0147058823529411
2013-02-05 00:00:00,172500.0,177500.0,170000.0,174500.0,473141.0,0.0115942028985507
2013-02-06 00:00:00,177500.0,182000.0,176500.0,181500.0,787882.0,0.0401146131805156
2013-02-07 00:00:00,181000.0,183500.0,179500.0,181500.0,286476.0,0.0
2013-02-08 00:00:00,181500.0,181500.0,178500.0,179500.0,291254.0,-0.0110192837465564
2013-02-12 00:00:00,181000.0,181500.0,177500.0,179500.0,258365.0,0.0
2013-02-13 00:00:00,179500.0,180000.0,175500.0,177000.0,265868.0,-0.0139275766016713
2013-02-14 00:00:00,176500.0,177000.0,173000.0,174000.0,230448.0,-0.0169491525423728
2013-02-15 00:00:00,172000.0,174000.0,169500.0,170000.0,321296.0,-0.0229885057471264
2013-02-18 00:00:00,171000.0,176000.0,171000.0,174500.0,285219.0,0.026470588235294
2013-02-19 00:00:00,176000.0,176000.0,172500.0,174000.0,111302.0,-0.0028653295128939
2013-02-20 00:00:00,173500.0,174500.0,172000.0,173500.0,217313.0,-0.0028735632183908
2013-02-21 00:00:00,172500.0,175500.0,171500.0,172000.0,212841.0,-0.0086455331412104
2013-02-22 00:00:00,173000.0,176000.0,172500.0,173500.0,176465.0,0.0087209302325581
2013-02-25 00:00:00,173000.0,176500.0,172500.0,176500.0,196048.0,0.0172910662824208
2013-02-26 00:00:00,175000.0,176500.0,173000.0,174500.0,173391.0,-0.0113314447592067
2013-02-27 00:00:00,175000.0,176500.0,173500.0,176000.0,194553.0,0.0085959885386819
2013-02-28 00:00:00,176000.0,179500.0,175500.0,178500.0,238015.0,0.0142045454545454
2013-03-04 00:00:00,179500.0,181000.0,177000.0,180000.0,226110.0,0.0084033613445377
2013-03-05 00:00:00,179000.0,180500.0,178500.0,179000.0,151057.0,-0.0055555555555555
2013-03-06 00:00:00,181500.0,184500.0,179500.0,181000.0,214505.0,0.0111731843575419
2013-03-07 00:00:00,179500.0,185000.0,179500.0,184500.0,290250.0,0.0193370165745856
2013-03-08 00:00:00,184500.0,186000.0,181500.0,183500.0,219849.0,-0.005420054200542
2013-03-11 00:00:00,185000.0,188500.0,183500.0,185000.0,231801.0,0.0081743869209809
2013-03-12 00:00:00,185500.0,186000.0,181000.0,183500.0,176311.0,-0.0081081081081081
2013-03-13 00:00:00,182500.0,183000.0,180000.0,183000.0,170079.0,-0.002724795640327
2013-03-14 00:00:00,184000.0,186000.0,181000.0,185000.0,288734.0,0.0109289617486338
2013-03-15 00:00:00,185000.0,185000.0,181500.0,183500.0,175087.0,-0.0081081081081081
2013-03-18 00:00:00,183000.0,186500.0,181500.0,183500.0,172433.0,0.0
2013-03-19 00:00:00,185000.0,187000.0,182500.0,185500.0,153323.0,0.0108991825613078
2013-03-20 00:00:00,185500.0,186500.0,183000.0,184000.0,210088.0,-0.0080862533692722
2013-03-21 00:00:00,182500.0,184000.0,178000.0,180000.0,226738.0,-0.0217391304347825
2013-03-22 00:00:00,179000.0,180000.0,172000.0,176500.0,339785.0,-0.0194444444444444
2013-03-25 00:00:00,181000.0,181000.0,177500.0,180500.0,219044.0,0.0226628895184135
2013-03-26 00:00:00,180500.0,181000.0,178000.0,180000.0,169907.0,-0.002770083102493
2013-03-27 00:00:00,181000.0,181000.0,177000.0,180500.0,112804.0,0.0027777777777777
2013-03-28 00:00:00,180000.0,181000.0,179000.0,180500.0,197980.0,0.0
2013-03-29 00:00:00,182000.0,182500.0,179500.0,180500.0,132829.0,0.0
2013-04-01 00:00:00,181000.0,182000.0,177000.0,181000.0,102787.0,0.002770083102493
2013-04-02 00:00:00,182000.0,186000.0,181000.0,183500.0,253406.0,0.0138121546961325
2013-04-03 00:00:00,185000.0,188500.0,184500.0,188000.0,311268.0,0.0245231607629428
2013-04-04 00:00:00,184000.0,188000.0,183500.0,186000.0,285074.0,-0.0106382978723403
2013-04-05 00:00:00,183500.0,189000.0,183500.0,186500.0,229221.0,0.0026881720430107
2013-04-08 00:00:00,187000.0,187500.0,184000.0,186000.0,124844.0,-0.002680965147453
2013-04-09 00:00:00,184000.0,185000.0,178000.0,181500.0,308168.0,-0.0241935483870967
2013-04-10 00:00:00,182000.0,182500.0,177000.0,179500.0,280545.0,-0.0110192837465564
2013-04-11 00:00:00,179500.0,180000.0,174500.0,175000.0,277878.0,-0.0250696378830083
2013-04-12 00:00:00,173500.0,175000.0,171000.0,172000.0,296143.0,-0.0171428571428571
2013-04-15 00:00:00,174500.0,180000.0,174000.0,177500.0,348723.0,0.0319767441860465
2013-04-16 00:00:00,177500.0,185000.0,177500.0,184000.0,435786.0,0.0366197183098591
2013-04-17 00:00:00,183000.0,192000.0,182500.0,190500.0,364567.0,0.0353260869565217
2013-04-18 00:00:00,189500.0,191000.0,186500.0,188500.0,202919.0,-0.0104986876640419
2013-04-19 00:00:00,188000.0,190000.0,185500.0,187500.0,139065.0,-0.0053050397877983
2013-04-22 00:00:00,184500.0,192500.0,184500.0,188500.0,198707.0,0.0053333333333334
2013-04-23 00:00:00,188500.0,192000.0,188500.0,190000.0,125534.0,0.0079575596816976
2013-04-24 00:00:00,190000.0,193000.0,187000.0,189500.0,115521.0,-0.0026315789473684
2013-04-25 00:00:00,188000.0,190000.0,186500.0,189500.0,89814.0,0.0
2013-04-26 00:00:00,189500.0,193500.0,189000.0,191000.0,126761.0,0.0079155672823219
2013-04-29 00:00:00,193000.0,198000.0,192500.0,196000.0,152807.0,0.0261780104712041
2013-04-30 00:00:00,195000.0,198500.0,193500.0,193500.0,233918.0,-0.0127551020408163
2013-05-02 00:00:00,194500.0,206500.0,194000.0,204500.0,509398.0,0.0568475452196381
2013-05-03 00:00:00,205000.0,214500.0,204500.0,211500.0,383893.0,0.0342298288508557
2013-05-06 00:00:00,209500.0,211500.0,206500.0,206500.0,187079.0,-0.0236406619385343
2013-05-07 00:00:00,206500.0,215500.0,205500.0,213500.0,276537.0,0.0338983050847456
2013-05-08 00:00:00,215000.0,219000.0,210000.0,215000.0,290461.0,0.0070257611241217
2013-05-09 00:00:00,214500.0,219500.0,211500.0,215000.0,346790.0,0.0
2013-05-10 00:00:00,213500.0,219000.0,212000.0,215000.0,204754.0,0.0
2013-05-13 00:00:00,213500.0,226500.0,213500.0,225500.0,282800.0,0.0488372093023254
2013-05-14 00:00:00,226000.0,230500.0,221500.0,223500.0,225964.0,-0.0088691796008869
2013-05-15 00:00:00,222000.0,223000.0,216000.0,218000.0,255060.0,-0.0246085011185682
2013-05-16 00:00:00,218000.0,218500.0,210000.0,211000.0,342584.0,-0.0321100917431192
2013-05-20 00:00:00,215500.0,220000.0,214000.0,217500.0,271488.0,0.0308056872037914
2013-05-21 00:00:00,221000.0,221000.0,215000.0,215000.0,134203.0,-0.0114942528735632
2013-05-22 00:00:00,215000.0,220500.0,212500.0,215000.0,221461.0,0.0
2013-05-23 00:00:00,213000.0,223000.0,213000.0,221500.0,222074.0,0.0302325581395348
2013-05-24 00:00:00,221000.0,221500.0,218000.0,220500.0,108232.0,-0.0045146726862302
2013-05-27 00:00:00,218500.0,220000.0,216000.0,217500.0,90272.0,-0.0136054421768707
2013-05-28 00:00:00,217500.0,221500.0,216000.0,219500.0,116279.0,0.0091954022988505
2013-05-29 00:00:00,216500.0,218000.0,208000.0,208500.0,365847.0,-0.0501138952164008
2013-05-30 00:00:00,204500.0,206500.0,201500.0,204500.0,468176.0,-0.0191846522781774
2013-05-31 00:00:00,208000.0,212000.0,207500.0,209500.0,379087.0,0.0244498777506112
2013-06-03 00:00:00,208500.0,208500.0,203500.0,205500.0,144545.0,-0.0190930787589498
2013-06-04 00:00:00,204500.0,205000.0,203500.0,204500.0,201762.0,-0.0048661800486617
2013-06-05 00:00:00,204500.0,211000.0,204000.0,208000.0,285098.0,0.0171149144254278
2013-06-07 00:00:00,208000.0,209500.0,204500.0,206500.0,277199.0,-0.0072115384615384
2013-06-10 00:00:00,206000.0,213000.0,201500.0,211000.0,153662.0,0.0217917675544794
2013-06-11 00:00:00,215000.0,218500.0,213000.0,216500.0,309477.0,0.0260663507109004
2013-06-12 00:00:00,216500.0,219500.0,214000.0,214500.0,162786.0,-0.0092378752886835
2013-06-13 00:00:00,215500.0,217000.0,213500.0,216500.0,300387.0,0.0093240093240092
2013-06-14 00:00:00,215500.0,215500.0,209500.0,210500.0,175897.0,-0.0277136258660508
2013-06-17 00:00:00,214000.0,219500.0,211500.0,219000.0,317066.0,0.0403800475059381
2013-06-18 00:00:00,219000.0,219000.0,215000.0,218000.0,165520.0,-0.0045662100456621
2013-06-19 00:00:00,218000.0,218000.0,211500.0,214000.0,166010.0,-0.018348623853211
2013-06-20 00:00:00,215000.0,215000.0,209500.0,213500.0,202843.0,-0.0023364485981308
2013-06-21 00:00:00,214000.0,214500.0,206000.0,212000.0,234881.0,-0.0070257611241217
2013-06-24 00:00:00,207500.0,208500.0,201500.0,201500.0,242061.0,-0.0495283018867924
2013-06-25 00:00:00,205000.0,205500.0,199500.0,202500.0,333076.0,0.0049627791563275
2013-06-26 00:00:00,204000.0,204500.0,199500.0,200500.0,181275.0,-0.0098765432098765
2013-06-27 00:00:00,201500.0,206000.0,201500.0,204000.0,301268.0,0.0174563591022443
2013-06-28 00:00:00,207000.0,214000.0,205000.0,210000.0,358627.0,0.0294117647058822
2013-07-01 00:00:00,210000.0,210500.0,203500.0,205000.0,179221.0,-0.0238095238095238
2013-07-02 00:00:00,205500.0,207000.0,203500.0,204000.0,141342.0,-0.0048780487804878
2013-07-03 00:00:00,203500.0,205500.0,202000.0,202000.0,210904.0,-0.0098039215686274
2013-07-04 00:00:00,202000.0,211000.0,202000.0,209500.0,214642.0,0.0371287128712871
2013-07-05 00:00:00,209500.0,216500.0,205500.0,216500.0,167459.0,0.0334128878281623
2013-07-08 00:00:00,216500.0,218500.0,211000.0,215000.0,152146.0,-0.0069284064665127
2013-07-09 00:00:00,212000.0,216000.0,212000.0,213000.0,117741.0,-0.0093023255813953
2013-07-10 00:00:00,211500.0,212000.0,209000.0,211500.0,172153.0,-0.0070422535211267
2013-07-11 00:00:00,214000.0,219500.0,212500.0,216500.0,150797.0,0.0236406619385343
2013-07-12 00:00:00,215500.0,222000.0,214500.0,219500.0,322908.0,0.0138568129330254
2013-07-15 00:00:00,220500.0,225000.0,218000.0,218000.0,197765.0,-0.0068337129840546
2013-07-16 00:00:00,221000.0,222500.0,217000.0,220000.0,167451.0,0.0091743119266054
2013-07-17 00:00:00,219000.0,223000.0,214000.0,223000.0,258531.0,0.0136363636363636
2013-07-18 00:00:00,220000.0,228500.0,219500.0,225000.0,206845.0,0.0089686098654708
2013-07-19 00:00:00,225000.0,226500.0,220000.0,221500.0,194852.0,-0.0155555555555555
2013-07-22 00:00:00,222500.0,226000.0,220000.0,222000.0,76379.0,0.002257336343115
2013-07-23 00:00:00,225000.0,225000.0,218500.0,221000.0,224895.0,-0.0045045045045044
2013-07-24 00:00:00,221000.0,221500.0,216500.0,219000.0,159552.0,-0.009049773755656
2013-07-25 00:00:00,218500.0,223500.0,218500.0,223000.0,127660.0,0.0182648401826484
2013-07-26 00:00:00,223000.0,223000.0,219000.0,220500.0,70472.0,-0.0112107623318385
2013-07-29 00:00:00,220000.0,225000.0,220000.0,225000.0,117464.0,0.0204081632653061
2013-07-30 00:00:00,221500.0,224000.0,217500.0,220000.0,351309.0,-0.0222222222222222
2013-07-31 00:00:00,220000.0,222500.0,217500.0,220500.0,149964.0,0.0022727272727272
2013-08-01 00:00:00,220500.0,223000.0,219500.0,222000.0,163335.0,0.0068027210884353
2013-08-02 00:00:00,227000.0,227000.0,222500.0,225500.0,180129.0,0.0157657657657657
2013-08-05 00:00:00,226500.0,227000.0,224000.0,226500.0,113783.0,0.0044345898004434
2013-08-06 00:00:00,225000.0,225500.0,220500.0,222000.0,167241.0,-0.0198675496688741
2013-08-07 00:00:00,222000.0,222000.0,216500.0,216500.0,163291.0,-0.0247747747747747
2013-08-08 00:00:00,217500.0,217500.0,212000.0,216500.0,228136.0,0.0
2013-08-09 00:00:00,213500.0,217000.0,210000.0,212500.0,319519.0,-0.0184757505773671
2013-08-12 00:00:00,211500.0,213500.0,209500.0,210500.0,124649.0,-0.0094117647058823
2013-08-13 00:00:00,211000.0,213000.0,208000.0,208500.0,173794.0,-0.0095011876484559
2013-08-14 00:00:00,210000.0,215000.0,209500.0,213000.0,174928.0,0.0215827338129497
2013-08-16 00:00:00,210000.0,218000.0,209500.0,215000.0,193924.0,0.0093896713615022
2013-08-19 00:00:00,212500.0,215000.0,210500.0,212500.0,121097.0,-0.0116279069767442
2013-08-20 00:00:00,212500.0,213000.0,210500.0,211000.0,157092.0,-0.0070588235294117
2013-08-21 00:00:00,211000.0,214500.0,210500.0,211500.0,153096.0,0.0023696682464455
2013-08-22 00:00:00,210000.0,211500.0,205000.0,208000.0,154939.0,-0.016548463356974
2013-08-23 00:00:00,205000.0,209500.0,204000.0,208000.0,142775.0,0.0
2013-08-26 00:00:00,207000.0,212000.0,206500.0,210500.0,83729.0,0.0120192307692308
2013-08-27 00:00:00,210500.0,217000.0,209500.0,214500.0,162913.0,0.0190023752969121
2013-08-28 00:00:00,216500.0,219000.0,213500.0,216000.0,199060.0,0.006993006993007
2013-08-29 00:00:00,215000.0,217500.0,214000.0,215500.0,122816.0,-0.0023148148148147
2013-08-30 00:00:00,215500.0,223000.0,214500.0,221500.0,149895.0,0.0278422273781902
2013-09-02 00:00:00,221000.0,224000.0,219500.0,220000.0,111500.0,-0.0067720090293453
2013-09-03 00:00:00,221000.0,222500.0,217500.0,219000.0,106149.0,-0.0045454545454545
2013-09-04 00:00:00,217500.0,218500.0,214500.0,215500.0,104817.0,-0.0159817351598173
2013-09-05 00:00:00,214000.0,219500.0,214000.0,218500.0,152723.0,0.0139211136890951
2013-09-06 00:00:00,220000.0,220000.0,214500.0,215500.0,142671.0,-0.0137299771167047
2013-09-09 00:00:00,215000.0,218500.0,215000.0,216500.0,153272.0,0.0046403712296982
2013-09-10 00:00:00,215000.0,216500.0,211500.0,214000.0,319952.0,-0.0115473441108544
2013-09-11 00:00:00,215500.0,216500.0,213000.0,213500.0,189637.0,-0.0023364485981308
2013-09-12 00:00:00,215000.0,222000.0,214000.0,222000.0,274282.0,0.0398126463700234
2013-09-13 00:00:00,218000.0,225000.0,218000.0,221000.0,131045.0,-0.0045045045045044
2013-09-16 00:00:00,222000.0,226000.0,216000.0,219000.0,124830.0,-0.009049773755656
2013-09-17 00:00:00,216500.0,218500.0,211000.0,213000.0,324547.0,-0.0273972602739726
2013-09-23 00:00:00,208500.0,214500.0,208000.0,214500.0,209474.0,0.0070422535211267
2013-09-24 00:00:00,213000.0,216000.0,211000.0,213500.0,214923.0,-0.0046620046620046
2013-09-25 00:00:00,214000.0,215000.0,211500.0,215000.0,187431.0,0.0070257611241217
2013-09-26 00:00:00,213500.0,217000.0,212000.0,216000.0,174622.0,0.0046511627906977
2013-09-27 00:00:00,216500.0,218000.0,213500.0,215500.0,149439.0,-0.0023148148148147
2013-09-30 00:00:00,216500.0,220500.0,214000.0,218500.0,237605.0,0.0139211136890951
2013-10-01 00:00:00,218500.0,225500.0,218500.0,224000.0,195302.0,0.0251716247139588
2013-10-02 00:00:00,229500.0,234000.0,226000.0,226000.0,218514.0,0.0089285714285713
2013-10-04 00:00:00,225000.0,232000.0,224000.0,232000.0,169664.0,0.0265486725663717
2013-10-07 00:00:00,229500.0,236500.0,229000.0,233000.0,170517.0,0.0043103448275862
2013-10-08 00:00:00,234500.0,239000.0,229500.0,232000.0,325010.0,-0.0042918454935622
2013-10-10 00:00:00,233500.0,233500.0,225500.0,228000.0,279422.0,-0.0172413793103448
2013-10-11 00:00:00,228000.0,231500.0,225000.0,228000.0,919016.0,0.0
2013-10-14 00:00:00,228500.0,229000.0,227000.0,228500.0,112193.0,0.0021929824561404
2013-10-15 00:00:00,230000.0,235000.0,229500.0,233000.0,217057.0,0.0196936542669583
2013-10-16 00:00:00,232500.0,236500.0,232000.0,235500.0,169486.0,0.0107296137339056
2013-10-17 00:00:00,238000.0,238500.0,231000.0,231000.0,178365.0,-0.019108280254777
2013-10-18 00:00:00,234000.0,236000.0,231500.0,234000.0,168087.0,0.0129870129870128
2013-10-21 00:00:00,233500.0,238000.0,232500.0,237000.0,141090.0,0.0128205128205127
2013-10-22 00:00:00,238500.0,240000.0,236000.0,236000.0,126379.0,-0.0042194092827003
2013-10-23 00:00:00,236500.0,240000.0,236500.0,237500.0,145100.0,0.0063559322033899
2013-10-24 00:00:00,236000.0,238000.0,234000.0,237000.0,122089.0,-0.0021052631578947
2013-10-25 00:00:00,236000.0,236500.0,232000.0,236500.0,111815.0,-0.0021097046413501
2013-10-28 00:00:00,235000.0,236500.0,233000.0,236500.0,83939.0,0.0
2013-10-29 00:00:00,236000.0,239000.0,233000.0,236500.0,121197.0,0.0
2013-10-30 00:00:00,236500.0,237500.0,229500.0,230000.0,589684.0,-0.0274841437632135
2013-10-31 00:00:00,230000.0,232000.0,225000.0,227000.0,385536.0,-0.0130434782608696
2013-11-01 00:00:00,226500.0,235500.0,226500.0,233500.0,277455.0,0.02863436123348
2013-11-04 00:00:00,230500.0,232500.0,228500.0,231500.0,152112.0,-0.0085653104925053
2013-11-05 00:00:00,229000.0,231500.0,229000.0,230500.0,73917.0,-0.0043196544276458
2013-11-06 00:00:00,227000.0,228500.0,225500.0,227000.0,125819.0,-0.0151843817787418
2013-11-07 00:00:00,224000.0,226000.0,222000.0,225500.0,198462.0,-0.0066079295154185
2013-11-08 00:00:00,223000.0,224000.0,222500.0,223500.0,149959.0,-0.0088691796008869
2013-11-11 00:00:00,222500.0,225000.0,222500.0,223500.0,176006.0,0.0
2013-11-12 00:00:00,223000.0,226000.0,223000.0,223000.0,96885.0,-0.0022371364653244
2013-11-13 00:00:00,223500.0,226500.0,223000.0,225000.0,159312.0,0.0089686098654708
2013-11-14 00:00:00,223000.0,226000.0,222500.0,223000.0,370959.0,-0.0088888888888888
2013-11-15 00:00:00,223500.0,225500.0,223500.0,224500.0,217625.0,0.006726457399103
2013-11-18 00:00:00,225000.0,226500.0,224000.0,224500.0,104738.0,0.0
2013-11-19 00:00:00,224500.0,225500.0,220000.0,222000.0,125143.0,-0.0111358574610245
2013-11-20 00:00:00,220000.0,221500.0,213000.0,217000.0,273600.0,-0.0225225225225225
2013-11-21 00:00:00,216500.0,217000.0,210000.0,211500.0,226405.0,-0.0253456221198156
2013-11-22 00:00:00,211500.0,217500.0,209500.0,214500.0,176581.0,0.0141843971631205
2013-11-25 00:00:00,216000.0,218500.0,213500.0,214000.0,143736.0,-0.0023310023310023
2013-11-26 00:00:00,214000.0,220000.0,213500.0,219000.0,249708.0,0.0233644859813084
2013-11-27 00:00:00,219000.0,228000.0,217000.0,225500.0,331504.0,0.0296803652968036
2013-11-28 00:00:00,228000.0,230000.0,225500.0,227000.0,160992.0,0.0066518847006651
2013-11-29 00:00:00,226000.0,229500.0,225500.0,226000.0,88619.0,-0.0044052863436123
2013-12-02 00:00:00,229000.0,235000.0,227500.0,230000.0,163468.0,0.0176991150442478
2013-12-03 00:00:00,233000.0,234000.0,227000.0,228500.0,115125.0,-0.0065217391304347
2013-12-04 00:00:00,230000.0,230500.0,223500.0,224000.0,170391.0,-0.0196936542669584
2013-12-05 00:00:00,224000.0,226000.0,221500.0,224500.0,143777.0,0.0022321428571427
2013-12-06 00:00:00,223000.0,226500.0,221500.0,226500.0,113749.0,0.0089086859688196
2013-12-09 00:00:00,221500.0,230000.0,221500.0,226000.0,142122.0,-0.0022075055187638
2013-12-10 00:00:00,228000.0,229500.0,225000.0,228000.0,117945.0,0.0088495575221239
2013-12-11 00:00:00,228000.0,232500.0,227500.0,228000.0,182767.0,0.0
2013-12-12 00:00:00,227500.0,228000.0,225000.0,226500.0,157958.0,-0.0065789473684209
2013-12-13 00:00:00,227000.0,229000.0,220500.0,223500.0,203633.0,-0.0132450331125827
2013-12-16 00:00:00,221000.0,225500.0,221000.0,222000.0,127966.0,-0.0067114093959731
2013-12-17 00:00:00,223000.0,229500.0,223000.0,228500.0,146587.0,0.0292792792792793
2013-12-18 00:00:00,231000.0,234500.0,228500.0,232500.0,200541.0,0.0175054704595185
2013-12-19 00:00:00,232000.0,236500.0,231500.0,235500.0,143907.0,0.0129032258064516
2013-12-20 00:00:00,235500.0,237000.0,233500.0,234500.0,329423.0,-0.0042462845010615
2013-12-23 00:00:00,238000.0,238500.0,233000.0,236000.0,145482.0,0.0063965884861407
2013-12-24 00:00:00,238000.0,239000.0,236500.0,238500.0,142043.0,0.0105932203389831
2013-12-26 00:00:00,239500.0,240000.0,233500.0,235000.0,170793.0,-0.0146750524109015
2013-12-27 00:00:00,232000.0,233000.0,225500.0,227500.0,265652.0,-0.0319148936170212
2013-12-30 00:00:00,229000.0,231000.0,228000.0,230000.0,135003.0,0.0109890109890109
2014-01-02 00:00:00,232000.0,232500.0,228000.0,228000.0,125260.0,-0.0086956521739129
2014-01-03 00:00:00,226500.0,228000.0,225000.0,226500.0,123479.0,-0.0065789473684209
2014-01-06 00:00:00,223500.0,228000.0,223500.0,228000.0,92521.0,0.0066225165562914
2014-01-07 00:00:00,229000.0,229500.0,224000.0,229000.0,210585.0,0.0043859649122806
2014-01-08 00:00:00,231500.0,231500.0,224500.0,228500.0,211513.0,-0.002183406113537
2014-01-09 00:00:00,226500.0,229000.0,223500.0,225000.0,225708.0,-0.0153172866520787
2014-01-10 00:00:00,223500.0,225500.0,220000.0,222000.0,178172.0,-0.0133333333333333
2014-01-13 00:00:00,224500.0,226500.0,219000.0,226000.0,142866.0,0.018018018018018
2014-01-14 00:00:00,226000.0,228500.0,225000.0,227500.0,122598.0,0.0066371681415928
2014-01-15 00:00:00,226500.0,231000.0,226000.0,228500.0,117584.0,0.0043956043956043
2014-01-16 00:00:00,228000.0,228000.0,226000.0,226500.0,136370.0,-0.0087527352297592
2014-01-17 00:00:00,225000.0,227000.0,221000.0,223500.0,221933.0,-0.0132450331125827
2014-01-20 00:00:00,222000.0,223000.0,217500.0,218500.0,161995.0,-0.0223713646532438
2014-01-21 00:00:00,219500.0,222500.0,218000.0,221000.0,157241.0,0.011441647597254
2014-01-22 00:00:00,220500.0,221000.0,217500.0,219000.0,148465.0,-0.009049773755656
2014-01-23 00:00:00,219500.0,219500.0,213000.0,215500.0,293642.0,-0.0159817351598173
2014-01-24 00:00:00,213000.0,215500.0,212500.0,212500.0,151940.0,-0.0139211136890951
2014-01-27 00:00:00,211500.0,212000.0,205000.0,205500.0,307320.0,-0.0329411764705882
2014-01-28 00:00:00,207500.0,215000.0,206500.0,213000.0,188735.0,0.0364963503649635
2014-01-29 00:00:00,212500.0,216500.0,210000.0,216500.0,210964.0,0.0164319248826289
2014-02-03 00:00:00,212500.0,215500.0,212500.0,214500.0,170913.0,-0.0092378752886835
2014-02-04 00:00:00,210500.0,211000.0,205000.0,207500.0,287466.0,-0.0326340326340326
2014-02-05 00:00:00,207000.0,209000.0,204500.0,204500.0,197497.0,-0.0144578313253012
2014-02-06 00:00:00,206500.0,208500.0,205000.0,205500.0,130265.0,0.0048899755501221
2014-02-07 00:00:00,207500.0,208000.0,203500.0,206000.0,159668.0,0.002433090024331
2014-02-10 00:00:00,207500.0,207500.0,205500.0,206500.0,103694.0,0.0024271844660195
2014-02-11 00:00:00,204500.0,207500.0,204000.0,206500.0,114576.0,0.0
2014-02-12 00:00:00,206500.0,208000.0,204500.0,206000.0,135337.0,-0.0024213075060532
2014-02-13 00:00:00,204500.0,205000.0,200000.0,200000.0,366509.0,-0.0291262135922329
2014-02-14 00:00:00,199500.0,201000.0,194000.0,198000.0,306414.0,-0.01
2014-02-17 00:00:00,199000.0,199000.0,192000.0,196500.0,392260.0,-0.0075757575757575
2014-02-18 00:00:00,196500.0,200000.0,195500.0,199000.0,157953.0,0.0127226463104326
2014-02-19 00:00:00,199500.0,204000.0,199000.0,201500.0,167109.0,0.0125628140703517
2014-02-20 00:00:00,202000.0,210000.0,201500.0,208500.0,277190.0,0.0347394540942929
2014-02-21 00:00:00,206500.0,210000.0,205500.0,209500.0,124307.0,0.0047961630695443
2014-02-24 00:00:00,207000.0,213000.0,204500.0,210500.0,206435.0,0.0047732696897375
2014-02-25 00:00:00,210500.0,217000.0,210000.0,215000.0,201028.0,0.0213776722090262
2014-02-26 00:00:00,213000.0,216000.0,211000.0,214000.0,166090.0,-0.0046511627906976
2014-02-27 00:00:00,212000.0,216000.0,212000.0,213000.0,97107.0,-0.0046728971962616
2014-02-28 00:00:00,215000.0,218000.0,213500.0,216500.0,158341.0,0.0164319248826289
2014-03-03 00:00:00,212500.0,215500.0,208000.0,214000.0,162796.0,-0.0115473441108544
2014-03-04 00:00:00,213500.0,216000.0,211500.0,213000.0,74440.0,-0.0046728971962616
2014-03-05 00:00:00,212500.0,216500.0,208000.0,211500.0,202399.0,-0.0070422535211267
2014-03-06 00:00:00,210000.0,214000.0,208500.0,211500.0,140621.0,0.0
2014-03-07 00:00:00,210500.0,217500.0,209500.0,210000.0,139239.0,-0.0070921985815602
2014-03-10 00:00:00,210500.0,212500.0,209000.0,210000.0,127360.0,0.0
2014-03-11 00:00:00,209000.0,210000.0,205000.0,207000.0,136811.0,-0.0142857142857142
2014-03-12 00:00:00,206000.0,206500.0,203500.0,203500.0,307733.0,-0.0169082125603864
2014-03-13 00:00:00,207500.0,211500.0,205000.0,207000.0,463865.0,0.0171990171990172
2014-03-14 00:00:00,207000.0,215500.0,207000.0,212000.0,289600.0,0.0241545893719807
2014-03-17 00:00:00,213500.0,217000.0,213000.0,214500.0,117562.0,0.0117924528301887
2014-03-18 00:00:00,217500.0,218500.0,214000.0,216500.0,217495.0,0.0093240093240092
2014-03-19 00:00:00,215500.0,217000.0,214500.0,215500.0,161081.0,-0.0046189376443418
2014-03-20 00:00:00,215500.0,216000.0,214000.0,214000.0,257292.0,-0.0069605568445475
2014-03-21 00:00:00,211500.0,212000.0,208000.0,209000.0,179726.0,-0.0233644859813083
2014-03-24 00:00:00,209500.0,215000.0,209500.0,213000.0,142743.0,0.0191387559808613
2014-03-25 00:00:00,211000.0,214500.0,211000.0,212000.0,156750.0,-0.0046948356807511
2014-03-26 00:00:00,214000.0,216000.0,213000.0,214500.0,94531.0,0.0117924528301887
2014-03-27 00:00:00,216000.0,219000.0,216000.0,219000.0,204296.0,0.020979020979021
2014-03-28 00:00:00,218000.0,218500.0,215000.0,215000.0,85166.0,-0.0182648401826484
2014-03-31 00:00:00,217000.0,217000.0,212000.0,215500.0,124711.0,0.0023255813953488
2014-04-01 00:00:00,214000.0,219500.0,214000.0,217000.0,159470.0,0.0069605568445476
2014-04-02 00:00:00,216500.0,217000.0,204500.0,207000.0,561620.0,-0.0460829493087557
2014-04-03 00:00:00,207000.0,207500.0,199000.0,202000.0,560179.0,-0.0241545893719806
2014-04-04 00:00:00,202500.0,205500.0,200500.0,204000.0,254514.0,0.0099009900990099
2014-04-07 00:00:00,205000.0,206000.0,198000.0,198000.0,392586.0,-0.0294117647058823
2014-04-08 00:00:00,198500.0,205000.0,198500.0,202000.0,382853.0,0.0202020202020201
2014-04-09 00:00:00,201000.0,205000.0,201000.0,204000.0,209407.0,0.0099009900990099
2014-04-10 00:00:00,204000.0,206500.0,203000.0,206500.0,224691.0,0.0122549019607842
2014-04-11 00:00:00,204000.0,205500.0,202500.0,205000.0,100558.0,-0.0072639225181597
2014-04-14 00:00:00,203500.0,207500.0,203500.0,206000.0,119839.0,0.0048780487804878
2014-04-15 00:00:00,206500.0,207000.0,203500.0,207000.0,184749.0,0.0048543689320388
2014-04-16 00:00:00,205500.0,206500.0,203500.0,204000.0,127039.0,-0.0144927536231883
2014-04-17 00:00:00,204500.0,206000.0,203000.0,205500.0,67492.0,0.0073529411764705
2014-04-18 00:00:00,206000.0,209000.0,205500.0,208500.0,88837.0,0.0145985401459853
2014-04-21 00:00:00,209000.0,209500.0,206500.0,208000.0,44682.0,-0.0023980815347721
2014-04-22 00:00:00,207000.0,208500.0,205500.0,207500.0,84533.0,-0.0024038461538461
2014-04-23 00:00:00,207000.0,207500.0,203000.0,204000.0,214263.0,-0.016867469879518
2014-04-24 00:00:00,204000.0,207500.0,202500.0,205500.0,169347.0,0.0073529411764705
2014-04-25 00:00:00,204500.0,206000.0,203500.0,204500.0,94966.0,-0.0048661800486617
2014-04-28 00:00:00,204000.0,204500.0,202500.0,203000.0,103918.0,-0.0073349633251833
2014-04-29 00:00:00,203500.0,207500.0,203500.0,206000.0,145541.0,0.0147783251231528
2014-04-30 00:00:00,208500.0,214000.0,207500.0,213500.0,345185.0,0.0364077669902913
2014-05-02 00:00:00,216500.0,220000.0,216000.0,219500.0,300007.0,0.0281030444964871
2014-05-07 00:00:00,222500.0,222500.0,213500.0,216000.0,233855.0,-0.0159453302961275
2014-05-08 00:00:00,218000.0,221000.0,216000.0,220000.0,166318.0,0.0185185185185186
2014-05-09 00:00:00,220000.0,220500.0,216500.0,220500.0,94282.0,0.0022727272727272
2014-05-12 00:00:00,222000.0,225000.0,220000.0,223000.0,152380.0,0.0113378684807257
2014-05-13 00:00:00,223500.0,224000.0,218000.0,219500.0,111862.0,-0.015695067264574
2014-05-14 00:00:00,218500.0,224000.0,218500.0,221000.0,109856.0,0.0068337129840547
2014-05-15 00:00:00,223000.0,224000.0,219000.0,220000.0,93975.0,-0.004524886877828
2014-05-16 00:00:00,220000.0,224500.0,218500.0,223500.0,104700.0,0.0159090909090908
2014-05-19 00:00:00,225000.0,226500.0,223000.0,224500.0,266071.0,0.0044742729306488
2014-05-20 00:00:00,222000.0,230000.0,222000.0,228000.0,199182.0,0.0155902004454342
2014-05-21 00:00:00,228000.0,229500.0,225000.0,228000.0,76475.0,0.0
2014-05-22 00:00:00,231000.0,231000.0,226000.0,227500.0,119613.0,-0.0021929824561403
2014-05-23 00:00:00,229000.0,229000.0,225500.0,228500.0,63721.0,0.0043956043956043
2014-05-26 00:00:00,229500.0,230000.0,226500.0,229000.0,120805.0,0.0021881838074397
2014-05-27 00:00:00,229500.0,229500.0,223500.0,227000.0,83457.0,-0.0087336244541484
2014-05-28 00:00:00,223500.0,226500.0,222500.0,223500.0,155295.0,-0.0154185022026431
2014-05-29 00:00:00,223500.0,225500.0,216500.0,217500.0,165881.0,-0.0268456375838925
2014-05-30 00:00:00,218500.0,223000.0,216000.0,219500.0,167459.0,0.0091954022988505
2014-06-02 00:00:00,222000.0,225000.0,219000.0,222500.0,115410.0,0.0136674259681093
2014-06-03 00:00:00,223500.0,224000.0,218000.0,222000.0,90095.0,-0.0022471910112359
2014-06-05 00:00:00,220500.0,220500.0,216500.0,218500.0,145545.0,-0.0157657657657657
2014-06-09 00:00:00,216000.0,219500.0,216000.0,219000.0,166564.0,0.0022883295194509
2014-06-10 00:00:00,219500.0,220500.0,217000.0,219000.0,99436.0,0.0
2014-06-11 00:00:00,220000.0,224000.0,219000.0,221500.0,148084.0,0.0114155251141552
2014-06-12 00:00:00,223000.0,228500.0,221500.0,225000.0,208965.0,0.0158013544018058
2014-06-13 00:00:00,224500.0,230000.0,224000.0,225000.0,149434.0,0.0
2014-06-16 00:00:00,224000.0,229500.0,224000.0,227500.0,146490.0,0.011111111111111
2014-06-17 00:00:00,230000.0,234500.0,228500.0,232000.0,212766.0,0.0197802197802197
2014-06-18 00:00:00,232000.0,236000.0,232000.0,234000.0,246761.0,0.0086206896551723
2014-06-19 00:00:00,238500.0,247000.0,236000.0,243500.0,358606.0,0.0405982905982906
2014-06-20 00:00:00,244500.0,250000.0,238000.0,239500.0,227784.0,-0.0164271047227926
2014-06-23 00:00:00,239500.0,239500.0,233000.0,235500.0,233656.0,-0.0167014613778705
2014-06-24 00:00:00,235500.0,239500.0,232000.0,236000.0,229148.0,0.0021231422505307
2014-06-25 00:00:00,239000.0,243500.0,237000.0,240500.0,165366.0,0.0190677966101695
2014-06-26 00:00:00,248500.0,248500.0,239000.0,241000.0,247889.0,0.002079002079002
2014-06-27 00:00:00,240000.0,241000.0,234500.0,235500.0,136902.0,-0.0228215767634855
2014-06-30 00:00:00,235500.0,237500.0,233000.0,236500.0,94237.0,0.0042462845010615
2014-07-01 00:00:00,235000.0,244000.0,234000.0,243500.0,137754.0,0.029598308668076
2014-07-02 00:00:00,243500.0,247000.0,242500.0,245000.0,102977.0,0.0061601642710471
2014-07-03 00:00:00,245000.0,248500.0,242500.0,246000.0,87471.0,0.0040816326530612
2014-07-04 00:00:00,246500.0,249000.0,243500.0,249000.0,80066.0,0.0121951219512195
2014-07-07 00:00:00,250000.0,251500.0,246000.0,248000.0,103645.0,-0.0040160642570281
2014-07-08 00:00:00,247000.0,247500.0,240000.0,242000.0,154621.0,-0.0241935483870967
2014-07-09 00:00:00,239500.0,243500.0,238500.0,242000.0,141330.0,0.0
2014-07-10 00:00:00,242000.0,243500.0,239000.0,239000.0,190464.0,-0.0123966942148759
2014-07-11 00:00:00,237500.0,244000.0,236500.0,243500.0,104334.0,0.0188284518828452
2014-07-14 00:00:00,244000.0,244500.0,240500.0,242500.0,104888.0,-0.0041067761806981
2014-07-15 00:00:00,243000.0,246500.0,239500.0,239500.0,123766.0,-0.0123711340206185
2014-07-16 00:00:00,240000.0,244500.0,238000.0,239500.0,86004.0,0.0
2014-07-17 00:00:00,239500.0,242500.0,239000.0,241000.0,92701.0,0.0062630480167014
2014-07-18 00:00:00,242500.0,245500.0,240000.0,244000.0,184331.0,0.0124481327800829
2014-07-21 00:00:00,244500.0,246500.0,242500.0,245500.0,103380.0,0.0061475409836064
2014-07-22 00:00:00,244000.0,248000.0,243000.0,243000.0,134603.0,-0.010183299389002
2014-07-23 00:00:00,244000.0,246000.0,241000.0,241500.0,122949.0,-0.0061728395061728
2014-07-24 00:00:00,243500.0,243500.0,237500.0,238000.0,109566.0,-0.0144927536231883
2014-07-25 00:00:00,240000.0,242500.0,235500.0,236000.0,129599.0,-0.0084033613445377
2014-07-28 00:00:00,238500.0,247000.0,236500.0,245000.0,244120.0,0.0381355932203388
2014-07-29 00:00:00,248500.0,249500.0,243500.0,245000.0,146035.0,0.0
2014-07-30 00:00:00,251500.0,266000.0,249500.0,259500.0,450003.0,0.0591836734693878
2014-07-31 00:00:00,266000.0,270000.0,259500.0,264000.0,264610.0,0.0173410404624276
2014-08-01 00:00:00,269000.0,272000.0,257000.0,257500.0,229166.0,-0.0246212121212121
2014-08-04 00:00:00,262500.0,269500.0,259500.0,263500.0,155228.0,0.0233009708737863
2014-08-05 00:00:00,265500.0,270000.0,264500.0,269500.0,135074.0,0.0227703984819733
2014-08-06 00:00:00,269000.0,273500.0,266500.0,272000.0,102429.0,0.0092764378478664
2014-08-07 00:00:00,269500.0,270500.0,262500.0,270000.0,209679.0,-0.0073529411764705
2014-08-08 00:00:00,268000.0,270500.0,264000.0,268000.0,116209.0,-0.0074074074074074
2014-08-11 00:00:00,267000.0,268000.0,261000.0,264000.0,112098.0,-0.0149253731343284
2014-08-12 00:00:00,267500.0,269000.0,254500.0,256500.0,201465.0,-0.0284090909090909
2014-08-13 00:00:00,257500.0,264500.0,254000.0,260500.0,192429.0,0.0155945419103313
2014-08-14 00:00:00,258500.0,262500.0,257500.0,258000.0,108840.0,-0.0095969289827255
2014-08-18 00:00:00,258000.0,268000.0,258000.0,265500.0,148480.0,0.0290697674418605
2014-08-19 00:00:00,266000.0,275500.0,266000.0,274500.0,155950.0,0.0338983050847456
2014-08-20 00:00:00,275000.0,276500.0,271500.0,274000.0,106813.0,-0.0018214936247723
2014-08-21 00:00:00,272500.0,273500.0,266500.0,270000.0,149190.0,-0.0145985401459853
2014-08-22 00:00:00,268000.0,273000.0,268000.0,271000.0,81949.0,0.0037037037037037
2014-08-25 00:00:00,270000.0,278500.0,270000.0,275500.0,88591.0,0.0166051660516606
2014-08-26 00:00:00,275500.0,277500.0,274000.0,276000.0,89657.0,0.0018148820326677
2014-08-27 00:00:00,275000.0,276500.0,272500.0,275000.0,109288.0,-0.0036231884057971
2014-08-28 00:00:00,274000.0,284500.0,274000.0,280500.0,111911.0,0.02
2014-08-29 00:00:00,278000.0,279000.0,272000.0,273000.0,107050.0,-0.0267379679144385
2014-09-01 00:00:00,272000.0,282000.0,272000.0,279500.0,72277.0,0.0238095238095237
2014-09-02 00:00:00,280000.0,285500.0,278500.0,282000.0,200423.0,0.0089445438282647
2014-09-03 00:00:00,281000.0,290500.0,281000.0,288500.0,201344.0,0.0230496453900708
2014-09-04 00:00:00,292000.0,299000.0,287500.0,288000.0,235197.0,-0.0017331022530329
2014-09-05 00:00:00,283000.0,289000.0,283000.0,286500.0,126088.0,-0.0052083333333333
2014-09-11 00:00:00,286500.0,293500.0,281500.0,285500.0,243980.0,-0.0034904013961605
2014-09-12 00:00:00,289500.0,297500.0,287500.0,293000.0,170221.0,0.0262697022767075
2014-09-15 00:00:00,295000.0,298500.0,290000.0,294500.0,128748.0,0.0051194539249146
2014-09-16 00:00:00,295000.0,295500.0,291000.0,295000.0,107918.0,0.0016977928692698
2014-09-17 00:00:00,291000.0,294000.0,290000.0,291000.0,108511.0,-0.0135593220338983
2014-09-18 00:00:00,287500.0,290500.0,282500.0,287000.0,252978.0,-0.0137457044673539
2014-09-19 00:00:00,287000.0,299500.0,287000.0,292500.0,206721.0,0.019163763066202
2014-09-22 00:00:00,291500.0,297500.0,288500.0,297000.0,102576.0,0.0153846153846153
2014-09-23 00:00:00,296000.0,303000.0,293500.0,298500.0,209227.0,0.0050505050505049
2014-09-24 00:00:00,298000.0,303000.0,291000.0,297500.0,216958.0,-0.0033500837520937
2014-09-25 00:00:00,297500.0,299000.0,287000.0,292500.0,215768.0,-0.0168067226890756
2014-09-26 00:00:00,293000.0,294000.0,287000.0,290500.0,200363.0,-0.0068376068376068
2014-09-29 00:00:00,293000.0,300500.0,292000.0,297000.0,221517.0,0.0223752151462994
2014-09-30 00:00:00,296000.0,299000.0,290000.0,290000.0,138359.0,-0.0235690235690235
2014-10-01 00:00:00,290000.0,300500.0,289000.0,297000.0,281056.0,0.0241379310344826
2014-10-02 00:00:00,297000.0,302000.0,295000.0,298500.0,205311.0,0.0050505050505049
2014-10-06 00:00:00,295000.0,295500.0,276500.0,276500.0,308082.0,-0.0737018425460636
2014-10-07 00:00:00,276500.0,280500.0,271000.0,278000.0,287676.0,0.0054249547920433
2014-10-08 00:00:00,280000.0,287500.0,279000.0,281000.0,234031.0,0.0107913669064747
2014-10-10 00:00:00,281000.0,284000.0,276500.0,276500.0,202560.0,-0.0160142348754448
2014-10-13 00:00:00,272500.0,284000.0,272500.0,277000.0,193261.0,0.0018083182640145
2014-10-14 00:00:00,275000.0,278000.0,261500.0,269500.0,302578.0,-0.0270758122743682
2014-10-15 00:00:00,268500.0,271000.0,259000.0,271000.0,190722.0,0.0055658627087198
2014-10-16 00:00:00,263000.0,274500.0,262000.0,273000.0,168958.0,0.0073800738007379
2014-10-17 00:00:00,273000.0,273500.0,257500.0,260000.0,569734.0,-0.0476190476190476
2014-10-20 00:00:00,259500.0,262500.0,256500.0,259000.0,305998.0,-0.0038461538461538
2014-10-21 00:00:00,259500.0,269000.0,257000.0,268000.0,249075.0,0.0347490347490346
2014-10-22 00:00:00,271500.0,273500.0,266500.0,267500.0,102897.0,-0.001865671641791
2014-10-23 00:00:00,267500.0,270500.0,261000.0,268500.0,137643.0,0.0037383177570093
2014-10-24 00:00:00,271000.0,271000.0,263000.0,265000.0,129854.0,-0.0130353817504655
2014-10-27 00:00:00,266000.0,276000.0,265500.0,273000.0,169712.0,0.030188679245283
2014-10-28 00:00:00,276500.0,281000.0,274500.0,276500.0,233231.0,0.0128205128205127
2014-10-29 00:00:00,279500.0,281500.0,265000.0,269500.0,332755.0,-0.0253164556962025
2014-10-30 00:00:00,268500.0,270500.0,265000.0,268000.0,103967.0,-0.0055658627087198
2014-10-31 00:00:00,270000.0,273500.0,266500.0,267000.0,163309.0,-0.003731343283582
2014-11-03 00:00:00,265500.0,276500.0,263500.0,276000.0,140540.0,0.0337078651685394
2014-11-04 00:00:00,279500.0,283000.0,273000.0,277500.0,167237.0,0.0054347826086955
2014-11-05 00:00:00,281000.0,284500.0,278500.0,284000.0,178756.0,0.0234234234234234
2014-11-06 00:00:00,281500.0,285000.0,275500.0,277500.0,141123.0,-0.0228873239436619
2014-11-07 00:00:00,274500.0,277500.0,272500.0,275000.0,138895.0,-0.009009009009009
2014-11-10 00:00:00,275000.0,275000.0,269000.0,274500.0,138281.0,-0.0018181818181818
2014-11-11 00:00:00,270500.0,278500.0,267000.0,278000.0,154102.0,0.0127504553734061
2014-11-12 00:00:00,276000.0,282500.0,276000.0,279000.0,103868.0,0.0035971223021582
2014-11-13 00:00:00,275500.0,278000.0,274000.0,274500.0,88914.0,-0.0161290322580645
2014-11-14 00:00:00,275000.0,278000.0,272500.0,276000.0,74380.0,0.0054644808743169
2014-11-17 00:00:00,275000.0,278500.0,273500.0,273500.0,72206.0,-0.0090579710144927
2014-11-18 00:00:00,275500.0,287500.0,275000.0,286000.0,143817.0,0.0457038391224862
2014-11-19 00:00:00,286000.0,294500.0,282500.0,289500.0,119752.0,0.0122377622377622
2014-11-20 00:00:00,286500.0,289500.0,282500.0,282500.0,101523.0,-0.0241796200345423
2014-11-21 00:00:00,283000.0,289500.0,283000.0,283500.0,114534.0,0.0035398230088494
2014-11-24 00:00:00,284500.0,287500.0,278500.0,282000.0,85904.0,-0.0052910052910053
2014-11-25 00:00:00,281500.0,285000.0,280000.0,282500.0,153277.0,0.00177304964539
2014-11-26 00:00:00,284000.0,285000.0,281000.0,283500.0,101676.0,0.0035398230088494
2014-11-27 00:00:00,280500.0,282000.0,277500.0,280500.0,126413.0,-0.0105820105820105
2014-11-28 00:00:00,278000.0,284000.0,278000.0,280500.0,127824.0,0.0
2014-12-01 00:00:00,285000.0,289500.0,281000.0,285000.0,184694.0,0.0160427807486631
2014-12-02 00:00:00,281500.0,283500.0,278000.0,278000.0,145597.0,-0.0245614035087718
2014-12-03 00:00:00,276500.0,280500.0,274000.0,277500.0,88495.0,-0.0017985611510791
2014-12-04 00:00:00,277500.0,289000.0,277500.0,284000.0,187073.0,0.0234234234234234
2014-12-05 00:00:00,285000.0,289500.0,281000.0,283500.0,135844.0,-0.0017605633802817
2014-12-08 00:00:00,282500.0,285500.0,281000.0,283500.0,117880.0,0.0
2014-12-09 00:00:00,283000.0,284500.0,280000.0,281000.0,110635.0,-0.0088183421516755
2014-12-10 00:00:00,279000.0,282500.0,274000.0,279000.0,105674.0,-0.0071174377224199
2014-12-11 00:00:00,275500.0,277000.0,272500.0,273000.0,161690.0,-0.021505376344086
2014-12-12 00:00:00,271500.0,276000.0,270500.0,273500.0,112376.0,0.0018315018315018
2014-12-15 00:00:00,271000.0,276500.0,269500.0,276000.0,163879.0,0.0091407678244972
2014-12-16 00:00:00,273500.0,278000.0,272000.0,276000.0,122904.0,0.0
2014-12-17 00:00:00,276000.0,278000.0,273500.0,274000.0,196324.0,-0.0072463768115942
2014-12-18 00:00:00,274000.0,278500.0,273000.0,273000.0,129160.0,-0.0036496350364964
2014-12-19 00:00:00,276000.0,282000.0,275000.0,282000.0,132627.0,0.032967032967033
2014-12-22 00:00:00,285500.0,288500.0,282000.0,283500.0,109404.0,0.0053191489361701
2014-12-23 00:00:00,286000.0,291000.0,284000.0,286500.0,131967.0,0.0105820105820106
2014-12-24 00:00:00,286500.0,287000.0,279000.0,280500.0,182095.0,-0.0209424083769633
2014-12-26 00:00:00,280500.0,281500.0,279000.0,280000.0,148653.0,-0.0017825311942959
2014-12-29 00:00:00,272500.0,277000.0,271500.0,272000.0,117871.0,-0.0285714285714285
2014-12-30 00:00:00,275000.0,275000.0,267500.0,268000.0,143715.0,-0.0147058823529411
2015-01-02 00:00:00,268000.0,274500.0,267000.0,272500.0,119176.0,0.0167910447761194
2015-01-05 00:00:00,270000.0,280000.0,270000.0,276500.0,156844.0,0.0146788990825688
2015-01-06 00:00:00,274500.0,277000.0,273000.0,274500.0,144594.0,-0.0072332730560579
2015-01-07 00:00:00,274000.0,274500.0,268500.0,269500.0,151339.0,-0.018214936247723
2015-01-08 00:00:00,267000.0,270000.0,264500.0,265000.0,140376.0,-0.0166975881261595
2015-01-09 00:00:00,268000.0,269500.0,265500.0,266000.0,168743.0,0.0037735849056603
2015-01-12 00:00:00,266000.0,269000.0,264000.0,267000.0,113491.0,0.0037593984962405
2015-01-13 00:00:00,264000.0,268000.0,262000.0,268000.0,146462.0,0.0037453183520599
2015-01-14 00:00:00,265000.0,265500.0,261500.0,264000.0,146507.0,-0.0149253731343284
2015-01-15 00:00:00,266000.0,268500.0,262500.0,268500.0,145289.0,0.0170454545454545
2015-01-16 00:00:00,264500.0,268500.0,264000.0,267500.0,130718.0,-0.0037243947858472
2015-01-19 00:00:00,268500.0,270500.0,266500.0,268000.0,77138.0,0.0018691588785046
2015-01-20 00:00:00,270000.0,273500.0,268000.0,273500.0,115230.0,0.0205223880597014
2015-01-21 00:00:00,271500.0,275500.0,271000.0,275000.0,106196.0,0.0054844606946984
2015-01-22 00:00:00,273500.0,277000.0,273500.0,277000.0,96392.0,0.0072727272727273
2015-01-23 00:00:00,280500.0,285000.0,279000.0,283500.0,193495.0,0.023465703971119
2015-01-26 00:00:00,284000.0,292000.0,280500.0,290000.0,205547.0,0.0229276895943562
2015-01-27 00:00:00,289000.0,289000.0,285500.0,288000.0,275117.0,-0.0068965517241379
2015-01-28 00:00:00,284000.0,286500.0,283000.0,285500.0,220474.0,-0.0086805555555555
2015-01-29 00:00:00,285000.0,289500.0,280500.0,284000.0,192057.0,-0.0052539404553415
2015-01-30 00:00:00,284000.0,297500.0,282500.0,289000.0,295975.0,0.0176056338028169
2015-02-02 00:00:00,285000.0,292000.0,284000.0,288000.0,93772.0,-0.0034602076124568
2015-02-03 00:00:00,287000.0,287000.0,279500.0,282500.0,187340.0,-0.0190972222222222
2015-02-04 00:00:00,281500.0,283500.0,280000.0,280000.0,116462.0,-0.0088495575221239
2015-02-05 00:00:00,279000.0,281500.0,277500.0,278000.0,115752.0,-0.0071428571428571
2015-02-06 00:00:00,277000.0,279500.0,275500.0,278000.0,108234.0,0.0
2015-02-09 00:00:00,277000.0,278000.0,273000.0,277000.0,100144.0,-0.0035971223021582
2015-02-10 00:00:00,276500.0,276500.0,272500.0,274000.0,103784.0,-0.0108303249097473
2015-02-11 00:00:00,274000.0,286000.0,273500.0,280500.0,158267.0,0.0237226277372262
2015-02-12 00:00:00,282500.0,290000.0,282500.0,289500.0,174848.0,0.0320855614973261
2015-02-13 00:00:00,289500.0,296500.0,289500.0,295500.0,123373.0,0.0207253886010363
2015-02-16 00:00:00,291500.0,301000.0,291500.0,301000.0,172874.0,0.0186125211505923
2015-02-17 00:00:00,299000.0,301500.0,295000.0,295500.0,87843.0,-0.0182724252491693
2015-02-23 00:00:00,292000.0,297000.0,290500.0,291000.0,72997.0,-0.0152284263959391
2015-02-24 00:00:00,290500.0,293000.0,288000.0,291000.0,119745.0,0.0
2015-02-25 00:00:00,294000.0,294000.0,285500.0,288000.0,121071.0,-0.0103092783505154
2015-02-26 00:00:00,286000.0,290000.0,283500.0,287500.0,125510.0,-0.0017361111111111
2015-02-27 00:00:00,287500.0,292500.0,286500.0,286500.0,171702.0,-0.0034782608695652
2015-03-02 00:00:00,288000.0,288500.0,281500.0,284000.0,96975.0,-0.0087260034904014
2015-03-03 00:00:00,282000.0,287000.0,281000.0,283500.0,109686.0,-0.0017605633802817
2015-03-04 00:00:00,283000.0,288500.0,281000.0,288000.0,135798.0,0.0158730158730158
2015-03-05 00:00:00,284000.0,290500.0,284000.0,290000.0,135499.0,0.0069444444444444
2015-03-06 00:00:00,290500.0,290500.0,282000.0,283000.0,207854.0,-0.0241379310344828
2015-03-09 00:00:00,280500.0,282000.0,275500.0,279000.0,190007.0,-0.0141342756183745
2015-03-10 00:00:00,276500.0,277000.0,270500.0,270500.0,197630.0,-0.0304659498207885
2015-03-11 00:00:00,269000.0,272500.0,267000.0,269000.0,183298.0,-0.0055452865064694
2015-03-12 00:00:00,268000.0,275500.0,267500.0,270000.0,257139.0,0.003717472118959
2015-03-13 00:00:00,273500.0,284500.0,273000.0,283000.0,216449.0,0.048148148148148
2015-03-16 00:00:00,280000.0,284000.0,275500.0,280000.0,123012.0,-0.0106007067137808
2015-03-17 00:00:00,280000.0,283000.0,278500.0,279500.0,106096.0,-0.0017857142857142
2015-03-18 00:00:00,282500.0,285000.0,280000.0,281500.0,111038.0,0.0071556350626118
2015-03-19 00:00:00,284500.0,291500.0,283000.0,290500.0,218533.0,0.0319715808170515
2015-03-20 00:00:00,286000.0,287000.0,279500.0,284500.0,221316.0,-0.0206540447504303
2015-03-23 00:00:00,285500.0,291000.0,278500.0,279500.0,262512.0,-0.0175746924428822
2015-03-24 00:00:00,280000.0,284000.0,279500.0,283500.0,111224.0,0.0143112701252237
2015-03-25 00:00:00,281500.0,284000.0,280500.0,282000.0,126020.0,-0.0052910052910053
2015-03-26 00:00:00,278000.0,281000.0,277500.0,280000.0,131481.0,-0.0070921985815602
2015-03-27 00:00:00,278000.0,284500.0,278000.0,280500.0,196332.0,0.0017857142857142
2015-03-30 00:00:00,282000.0,282000.0,276500.0,278500.0,107899.0,-0.0071301247771835
2015-03-31 00:00:00,277000.0,278000.0,272000.0,272500.0,166492.0,-0.0215439856373429
2015-04-01 00:00:00,272500.0,278500.0,272500.0,274000.0,108979.0,0.0055045871559633
2015-04-02 00:00:00,274000.0,276500.0,272500.0,274000.0,64483.0,0.0
2015-04-03 00:00:00,275500.0,277000.0,270000.0,271500.0,80417.0,-0.0091240875912408
2015-04-06 00:00:00,272000.0,273000.0,269000.0,273000.0,75786.0,0.0055248618784531
2015-04-07 00:00:00,271500.0,276000.0,270500.0,276000.0,108205.0,0.0109890109890109
2015-04-08 00:00:00,274000.0,275000.0,267000.0,268000.0,237644.0,-0.0289855072463768
2015-04-09 00:00:00,267000.0,267500.0,260000.0,262500.0,292012.0,-0.0205223880597015
2015-04-10 00:00:00,264500.0,269500.0,264500.0,266500.0,240520.0,0.0152380952380952
2015-04-13 00:00:00,265000.0,266500.0,260500.0,262500.0,266028.0,-0.0150093808630393
2015-04-14 00:00:00,260000.0,266000.0,258500.0,266000.0,268725.0,0.0133333333333334
2015-04-15 00:00:00,263500.0,267500.0,263000.0,264500.0,119014.0,-0.0056390977443608
2015-04-16 00:00:00,265000.0,271000.0,262000.0,268000.0,253905.0,0.0132325141776936
2015-04-17 00:00:00,267000.0,276500.0,267000.0,275000.0,244543.0,0.0261194029850746
2015-04-20 00:00:00,275000.0,279000.0,272500.0,274500.0,228241.0,-0.0018181818181818
2015-04-21 00:00:00,273500.0,274500.0,270000.0,274000.0,148892.0,-0.0018214936247723
2015-04-22 00:00:00,271000.0,273000.0,267500.0,268000.0,194234.0,-0.021897810218978
2015-04-23 00:00:00,268500.0,278000.0,266000.0,275000.0,224533.0,0.0261194029850746
2015-04-24 00:00:00,280500.0,290500.0,277000.0,290000.0,589692.0,0.0545454545454544
2015-04-27 00:00:00,290000.0,293500.0,282000.0,293500.0,296100.0,0.0120689655172414
2015-04-28 00:00:00,290000.0,292000.0,286500.0,288000.0,174107.0,-0.0187393526405451
2015-04-29 00:00:00,287500.0,290000.0,285000.0,288500.0,132768.0,0.0017361111111111
2015-04-30 00:00:00,285500.0,289500.0,282000.0,287000.0,157271.0,-0.0051993067590987
2015-05-04 00:00:00,287500.0,288000.0,279000.0,281500.0,126735.0,-0.019163763066202
2015-05-06 00:00:00,281500.0,284500.0,269000.0,271500.0,343376.0,-0.0355239786856127
2015-05-07 00:00:00,267500.0,269000.0,257000.0,262500.0,607028.0,-0.0331491712707182
2015-05-08 00:00:00,260000.0,261000.0,255500.0,256500.0,385077.0,-0.0228571428571429
2015-05-11 00:00:00,257000.0,257000.0,249000.0,251000.0,527634.0,-0.0214424951267057
2015-05-12 00:00:00,251500.0,256500.0,251000.0,252000.0,206997.0,0.0039840637450199
2015-05-13 00:00:00,250500.0,254500.0,246500.0,252500.0,230931.0,0.0019841269841269
2015-05-14 00:00:00,251000.0,253500.0,250000.0,250000.0,232434.0,-0.0099009900990099
2015-05-15 00:00:00,250500.0,255000.0,250000.0,251500.0,182087.0,0.006
2015-05-18 00:00:00,252500.0,254500.0,250500.0,252500.0,139159.0,0.0039761431411531
2015-05-19 00:00:00,250500.0,252000.0,247500.0,248500.0,181960.0,-0.0158415841584158
2015-05-20 00:00:00,248000.0,251000.0,248000.0,250000.0,132088.0,0.0060362173038228
2015-05-21 00:00:00,250500.0,259000.0,250000.0,258000.0,362490.0,0.032
2015-05-22 00:00:00,260000.0,264500.0,258500.0,262500.0,237493.0,0.0174418604651163
2015-05-26 00:00:00,260000.0,266000.0,258500.0,264000.0,172602.0,0.0057142857142857
2015-05-27 00:00:00,260000.0,264000.0,256500.0,264000.0,184690.0,0.0
2015-05-28 00:00:00,261000.0,262000.0,254000.0,255000.0,228087.0,-0.034090909090909
2015-05-29 00:00:00,250000.0,257000.0,246000.0,246500.0,301701.0,-0.0333333333333333
2015-06-01 00:00:00,246500.0,251500.0,239500.0,249000.0,247666.0,0.0101419878296145
2015-06-02 00:00:00,247000.0,252500.0,247000.0,248500.0,119869.0,-0.002008032128514
2015-06-03 00:00:00,248000.0,250000.0,243000.0,245000.0,109447.0,-0.0140845070422535
2015-06-04 00:00:00,240500.0,245000.0,238000.0,240500.0,245118.0,-0.0183673469387755
2015-06-05 00:00:00,240000.0,245500.0,236500.0,242500.0,213152.0,0.0083160083160083
2015-06-08 00:00:00,240500.0,246000.0,240000.0,244500.0,151969.0,0.0082474226804123
2015-06-09 00:00:00,245500.0,258000.0,244500.0,251500.0,255168.0,0.0286298568507157
2015-06-10 00:00:00,254500.0,259000.0,253000.0,256500.0,236626.0,0.0198807157057654
2015-06-11 00:00:00,257500.0,262500.0,254000.0,262500.0,281939.0,0.023391812865497
2015-06-12 00:00:00,259000.0,261000.0,255000.0,257000.0,182411.0,-0.0209523809523809
2015-06-15 00:00:00,257000.0,261000.0,254500.0,256500.0,95631.0,-0.0019455252918287
2015-06-16 00:00:00,253000.0,262000.0,249500.0,257000.0,281288.0,0.0019493177387914
2015-06-17 00:00:00,254500.0,261500.0,253000.0,254500.0,195378.0,-0.0097276264591439
2015-06-18 00:00:00,255000.0,257000.0,253500.0,255000.0,103147.0,0.0019646365422396
2015-06-19 00:00:00,254500.0,258500.0,253500.0,254000.0,132455.0,-0.0039215686274509
2015-06-22 00:00:00,254000.0,259000.0,249000.0,249000.0,144331.0,-0.0196850393700787
2015-06-23 00:00:00,247500.0,257000.0,245500.0,256000.0,169973.0,0.0281124497991966
2015-06-24 00:00:00,255500.0,260000.0,253500.0,257500.0,89220.0,0.005859375
2015-06-25 00:00:00,257500.0,259500.0,254500.0,254500.0,104884.0,-0.0116504854368931
2015-06-26 00:00:00,254000.0,255500.0,250500.0,250500.0,128847.0,-0.0157170923379175
2015-06-29 00:00:00,247500.0,252000.0,247000.0,247000.0,99408.0,-0.0139720558882235
2015-06-30 00:00:00,247000.0,252500.0,246500.0,250000.0,139115.0,0.0121457489878542
2015-07-01 00:00:00,247000.0,250500.0,246000.0,247500.0,95766.0,-0.01
2015-07-02 00:00:00,247000.0,247500.0,242500.0,242500.0,203540.0,-0.0202020202020202
2015-07-03 00:00:00,243000.0,246000.0,241000.0,242000.0,114574.0,-0.002061855670103
2015-07-06 00:00:00,240000.0,245500.0,240000.0,240500.0,144647.0,-0.006198347107438
2015-07-07 00:00:00,243000.0,255000.0,241500.0,252500.0,302454.0,0.0498960498960499
2015-07-08 00:00:00,253500.0,256000.0,249000.0,250000.0,205288.0,-0.0099009900990099
2015-07-09 00:00:00,248000.0,256000.0,245000.0,251500.0,194976.0,0.006
2015-07-10 00:00:00,251500.0,257500.0,251000.0,256000.0,183212.0,0.0178926441351887
2015-07-13 00:00:00,256000.0,257000.0,253000.0,257000.0,112386.0,0.00390625
2015-07-14 00:00:00,254500.0,256500.0,252500.0,253500.0,156725.0,-0.0136186770428015
2015-07-15 00:00:00,255000.0,255500.0,251500.0,255000.0,75868.0,0.0059171597633136
2015-07-16 00:00:00,253500.0,254500.0,249000.0,250500.0,92682.0,-0.0176470588235294
2015-07-17 00:00:00,249500.0,253000.0,249000.0,252500.0,69975.0,0.0079840319361277
2015-07-20 00:00:00,251000.0,252000.0,247500.0,250000.0,73746.0,-0.0099009900990099
2015-07-21 00:00:00,248000.0,249000.0,242000.0,244000.0,225898.0,-0.024
2015-07-22 00:00:00,243500.0,245000.0,241000.0,241000.0,169031.0,-0.012295081967213
2015-07-23 00:00:00,243000.0,243000.0,240500.0,241000.0,90768.0,0.0
2015-07-24 00:00:00,242500.0,243500.0,239500.0,240500.0,160648.0,-0.0020746887966804
2015-07-27 00:00:00,238000.0,240000.0,237000.0,237000.0,161860.0,-0.0145530145530144
2015-07-28 00:00:00,239000.0,246500.0,238000.0,244500.0,193769.0,0.0316455696202531
2015-07-29 00:00:00,243000.0,250000.0,242000.0,250000.0,150602.0,0.0224948875255623
2015-07-30 00:00:00,247500.0,251500.0,239500.0,245000.0,176387.0,-0.02
2015-07-31 00:00:00,242000.0,249500.0,241000.0,249500.0,209237.0,0.0183673469387755
2015-08-03 00:00:00,252000.0,258500.0,250000.0,258000.0,235750.0,0.034068136272545
2015-08-04 00:00:00,258000.0,258000.0,252500.0,255500.0,114132.0,-0.0096899224806201
2015-08-05 00:00:00,250500.0,254000.0,248000.0,249500.0,172163.0,-0.0234833659491193
2015-08-06 00:00:00,250000.0,255500.0,242000.0,244000.0,246658.0,-0.0220440881763527
2015-08-07 00:00:00,240500.0,243000.0,240500.0,242500.0,107949.0,-0.0061475409836065
2015-08-10 00:00:00,242000.0,247500.0,242000.0,246000.0,99019.0,0.0144329896907215
2015-08-11 00:00:00,249000.0,255500.0,247500.0,254000.0,207522.0,0.0325203252032519
2015-08-12 00:00:00,254000.0,254500.0,246500.0,253000.0,166182.0,-0.0039370078740157
2015-08-13 00:00:00,252500.0,253000.0,246500.0,249500.0,92510.0,-0.0138339920948616
2015-08-17 00:00:00,247500.0,253000.0,247500.0,251500.0,157444.0,0.0080160320641282
2015-08-18 00:00:00,253000.0,257500.0,250500.0,253500.0,166885.0,0.0079522862823062
2015-08-19 00:00:00,260000.0,260000.0,254000.0,257000.0,363005.0,0.0138067061143984
2015-08-20 00:00:00,258000.0,259000.0,248500.0,258000.0,215652.0,0.0038910505836575
2015-08-21 00:00:00,258500.0,260000.0,251000.0,254000.0,328692.0,-0.0155038759689922
2015-08-24 00:00:00,258000.0,258500.0,245000.0,247500.0,324388.0,-0.0255905511811023
2015-08-25 00:00:00,242000.0,243500.0,237500.0,238500.0,366216.0,-0.0363636363636363
2015-08-26 00:00:00,238500.0,240500.0,236000.0,238000.0,336251.0,-0.0020964360587002
2015-08-27 00:00:00,240000.0,243500.0,239000.0,241500.0,304573.0,0.0147058823529411
2015-08-28 00:00:00,243000.0,244500.0,241000.0,243000.0,170725.0,0.0062111801242235
2015-08-31 00:00:00,242500.0,248000.0,241500.0,244000.0,209541.0,0.0041152263374486
2015-09-01 00:00:00,243000.0,245000.0,239000.0,243000.0,142950.0,-0.0040983606557376
2015-09-02 00:00:00,241000.0,248000.0,240500.0,246000.0,229945.0,0.0123456790123457
2015-09-03 00:00:00,245000.0,246500.0,243500.0,246500.0,127200.0,0.0020325203252031
2015-09-04 00:00:00,244500.0,247000.0,243500.0,246000.0,113322.0,-0.0020283975659228
2015-09-07 00:00:00,245500.0,246000.0,239500.0,241000.0,139783.0,-0.0203252032520325
2015-09-08 00:00:00,240500.0,253500.0,240000.0,250500.0,214684.0,0.0394190871369295
2015-09-09 00:00:00,252500.0,259500.0,252500.0,258500.0,287279.0,0.0319361277445109
2015-09-10 00:00:00,253000.0,261500.0,253000.0,261500.0,380666.0,0.011605415860735
2015-09-11 00:00:00,256500.0,258500.0,252000.0,252000.0,240467.0,-0.0363288718929254
2015-09-14 00:00:00,252500.0,256000.0,251000.0,255000.0,158574.0,0.0119047619047618
2015-09-15 00:00:00,254000.0,258000.0,252000.0,256500.0,187291.0,0.0058823529411764
2015-09-16 00:00:00,257500.0,261000.0,257000.0,257500.0,105807.0,0.0038986354775829
2015-09-17 00:00:00,256500.0,260500.0,255000.0,257500.0,122075.0,0.0
2015-09-18 00:00:00,258000.0,259000.0,254000.0,257000.0,238968.0,-0.0019417475728155
2015-09-21 00:00:00,257500.0,259000.0,253500.0,256000.0,105684.0,-0.0038910505836575
2015-09-22 00:00:00,258000.0,265000.0,256500.0,262000.0,141689.0,0.0234375
2015-09-23 00:00:00,258500.0,263500.0,256500.0,259000.0,105669.0,-0.0114503816793892
2015-09-24 00:00:00,260500.0,265000.0,257500.0,261500.0,138736.0,0.0096525096525097
2015-09-25 00:00:00,265000.0,265000.0,258500.0,262000.0,250801.0,0.0019120458891013
2015-09-30 00:00:00,259500.0,267000.0,259500.0,263000.0,308262.0,0.0038167938931297
2015-10-01 00:00:00,260500.0,266000.0,260000.0,261500.0,214452.0,-0.0057034220532319
2015-10-02 00:00:00,264000.0,264000.0,255500.0,256500.0,237752.0,-0.0191204588910134
2015-10-05 00:00:00,255000.0,257500.0,254000.0,254500.0,152706.0,-0.0077972709551656
2015-10-06 00:00:00,255500.0,259500.0,255500.0,259000.0,121802.0,0.0176817288801571
2015-10-07 00:00:00,258000.0,261000.0,255000.0,256500.0,94598.0,-0.0096525096525096
2015-10-08 00:00:00,256500.0,259000.0,255500.0,259000.0,178483.0,0.0097465886939571
2015-10-12 00:00:00,257000.0,259500.0,255000.0,256500.0,215651.0,-0.0096525096525096
2015-10-13 00:00:00,256000.0,257000.0,255000.0,256000.0,161292.0,-0.0019493177387914
2015-10-14 00:00:00,257000.0,260000.0,256000.0,257500.0,147776.0,0.005859375
2015-10-15 00:00:00,257500.0,260500.0,256000.0,259000.0,139703.0,0.0058252427184466
2015-10-16 00:00:00,258000.0,260000.0,256500.0,258000.0,120415.0,-0.0038610038610038
2015-10-19 00:00:00,258000.0,261500.0,257000.0,260500.0,89213.0,0.0096899224806201
2015-10-20 00:00:00,258500.0,260500.0,257500.0,259500.0,93472.0,-0.0038387715930902
2015-10-21 00:00:00,260000.0,262000.0,259000.0,260000.0,93746.0,0.0019267822736031
2015-10-22 00:00:00,259500.0,260000.0,250000.0,251500.0,192247.0,-0.0326923076923076
2015-10-23 00:00:00,252500.0,254500.0,249500.0,250000.0,147604.0,-0.0059642147117295
2015-10-26 00:00:00,252000.0,255500.0,251500.0,254000.0,160994.0,0.016
2015-10-27 00:00:00,254000.0,258500.0,251500.0,252000.0,149009.0,-0.0078740157480314
2015-10-28 00:00:00,253000.0,254500.0,248500.0,249000.0,128099.0,-0.0119047619047618
2015-10-29 00:00:00,247500.0,250000.0,240000.0,242500.0,349061.0,-0.0261044176706827
2015-10-30 00:00:00,243500.0,245500.0,241000.0,241000.0,250298.0,-0.0061855670103092
2015-11-02 00:00:00,243500.0,244000.0,235500.0,238500.0,541313.0,-0.0103734439834024
2015-11-03 00:00:00,237000.0,237500.0,224500.0,230000.0,1054660.0,-0.0356394129979035
2015-11-04 00:00:00,227500.0,237000.0,225500.0,231000.0,539401.0,0.0043478260869564
2015-11-05 00:00:00,233000.0,234500.0,230500.0,230500.0,189348.0,-0.0021645021645021
2015-11-06 00:00:00,230500.0,231000.0,226000.0,227000.0,226768.0,-0.0151843817787418
2015-11-09 00:00:00,227000.0,231000.0,226500.0,229000.0,173112.0,0.0088105726872247
2015-11-10 00:00:00,228500.0,229000.0,226000.0,227000.0,175031.0,-0.0087336244541484
2015-11-11 00:00:00,225500.0,233000.0,222500.0,229000.0,342788.0,0.0088105726872247
2015-11-12 00:00:00,230000.0,234500.0,230000.0,232000.0,210780.0,0.0131004366812226
2015-11-13 00:00:00,231000.0,235000.0,230000.0,232000.0,202745.0,0.0
2015-11-16 00:00:00,228000.0,234500.0,228000.0,233500.0,191338.0,0.0064655172413792
2015-11-17 00:00:00,233500.0,234500.0,230500.0,231500.0,215489.0,-0.0085653104925053
2015-11-18 00:00:00,231000.0,232000.0,228000.0,230000.0,207092.0,-0.0064794816414687
2015-11-19 00:00:00,231500.0,233500.0,229500.0,232000.0,141908.0,0.0086956521739129
2015-11-20 00:00:00,230000.0,233500.0,230000.0,233000.0,105679.0,0.0043103448275862
2015-11-23 00:00:00,232000.0,232500.0,231000.0,232500.0,98708.0,-0.0021459227467811
2015-11-24 00:00:00,231000.0,233500.0,230500.0,233000.0,132134.0,0.0021505376344086
2015-11-25 00:00:00,233500.0,234000.0,231000.0,231500.0,146677.0,-0.0064377682403433
2015-11-26 00:00:00,233000.0,235500.0,231000.0,235000.0,161231.0,0.0151187904967602
2015-11-27 00:00:00,235000.0,238000.0,235000.0,237000.0,127604.0,0.0085106382978723
2015-11-30 00:00:00,235000.0,237000.0,231500.0,234000.0,271408.0,-0.0126582278481012
2015-12-01 00:00:00,234000.0,235500.0,232500.0,234000.0,134947.0,0.0
2015-12-02 00:00:00,233000.0,235000.0,233000.0,233500.0,81812.0,-0.0021367521367521
2015-12-03 00:00:00,232000.0,233500.0,231000.0,231500.0,100425.0,-0.0085653104925053
2015-12-04 00:00:00,231000.0,234000.0,229500.0,232500.0,82431.0,0.0043196544276458
2015-12-07 00:00:00,233500.0,234500.0,230500.0,234000.0,97840.0,0.0064516129032257
2015-12-08 00:00:00,232500.0,233500.0,232000.0,233000.0,88458.0,-0.0042735042735042
2015-12-09 00:00:00,233000.0,233000.0,229000.0,229000.0,134207.0,-0.0171673819742489
2015-12-10 00:00:00,228500.0,230000.0,225500.0,228000.0,199492.0,-0.0043668122270742
2015-12-11 00:00:00,228500.0,237000.0,228500.0,234000.0,245848.0,0.0263157894736842
2015-12-14 00:00:00,231000.0,233000.0,230000.0,232000.0,125991.0,-0.0085470085470085
2015-12-15 00:00:00,231500.0,232500.0,227500.0,228000.0,149365.0,-0.0172413793103448
2015-12-16 00:00:00,229500.0,231500.0,228500.0,228500.0,141067.0,0.0021929824561404
2015-12-17 00:00:00,229500.0,232500.0,229500.0,232500.0,116392.0,0.0175054704595185
2015-12-18 00:00:00,230000.0,231500.0,229000.0,229500.0,144688.0,-0.0129032258064516
2015-12-21 00:00:00,229500.0,232000.0,228000.0,228500.0,127559.0,-0.0043572984749454
2015-12-22 00:00:00,228500.0,229500.0,227000.0,228000.0,160239.0,-0.0021881838074397
2015-12-23 00:00:00,228500.0,233500.0,228500.0,232500.0,167488.0,0.019736842105263
2015-12-24 00:00:00,234500.0,235000.0,232000.0,233500.0,155510.0,0.0043010752688172
2015-12-28 00:00:00,233500.0,233500.0,229000.0,230000.0,287384.0,-0.0149892933618843
2015-12-29 00:00:00,223000.0,224000.0,215000.0,215000.0,423812.0,-0.0652173913043477
2015-12-30 00:00:00,216000.0,218000.0,214000.0,215500.0,257209.0,0.0023255813953488
2016-01-04 00:00:00,214500.0,215000.0,205500.0,210500.0,348930.0,-0.0232018561484919
2016-01-05 00:00:00,209000.0,210000.0,208000.0,210000.0,261530.0,-0.002375296912114
2016-01-06 00:00:00,212500.0,216000.0,206500.0,208000.0,307213.0,-0.0095238095238094
2016-01-07 00:00:00,206500.0,208500.0,203500.0,204000.0,227446.0,-0.0192307692307692
2016-01-08 00:00:00,207000.0,208500.0,204500.0,208000.0,336913.0,0.0196078431372548
2016-01-11 00:00:00,206000.0,207500.0,202000.0,203000.0,253463.0,-0.0240384615384615
2016-01-12 00:00:00,207000.0,208000.0,205500.0,206500.0,170745.0,0.0172413793103447
2016-01-13 00:00:00,208500.0,208500.0,205000.0,208500.0,146601.0,0.0096852300242131
2016-01-14 00:00:00,206000.0,208500.0,204500.0,208500.0,148185.0,0.0
2016-01-15 00:00:00,211500.0,211500.0,204000.0,205500.0,174597.0,-0.0143884892086331
2016-01-18 00:00:00,202500.0,205500.0,201500.0,203000.0,140619.0,-0.0121654501216544
2016-01-19 00:00:00,202000.0,204000.0,202000.0,202500.0,77348.0,-0.0024630541871921
2016-01-20 00:00:00,200500.0,201500.0,194000.0,197000.0,318030.0,-0.0271604938271604
2016-01-21 00:00:00,195500.0,197500.0,191500.0,193000.0,237664.0,-0.0203045685279187
2016-01-22 00:00:00,194000.0,197500.0,193000.0,197500.0,170053.0,0.0233160621761658
2016-01-25 00:00:00,196500.0,198500.0,193000.0,194000.0,228638.0,-0.0177215189873417
2016-01-26 00:00:00,196500.0,201500.0,195500.0,198000.0,288271.0,0.0206185567010308
2016-01-27 00:00:00,202000.0,202500.0,198500.0,201500.0,219939.0,0.0176767676767677
2016-01-28 00:00:00,202500.0,205500.0,201500.0,205000.0,154081.0,0.0173697270471464
2016-01-29 00:00:00,207000.0,209000.0,203000.0,209000.0,139593.0,0.0195121951219512
2016-02-01 00:00:00,213000.0,219500.0,212500.0,216000.0,292844.0,0.0334928229665072
2016-02-02 00:00:00,213000.0,217000.0,209000.0,216500.0,161012.0,0.0023148148148148
2016-02-03 00:00:00,208500.0,209500.0,199500.0,208000.0,484538.0,-0.0392609699769053
2016-02-04 00:00:00,205500.0,213000.0,205500.0,210500.0,160799.0,0.0120192307692308
2016-02-05 00:00:00,210000.0,211500.0,208000.0,210500.0,112477.0,0.0
2016-02-11 00:00:00,205000.0,206500.0,201500.0,204500.0,275223.0,-0.0285035629453681
2016-02-12 00:00:00,205000.0,211500.0,205000.0,211000.0,348438.0,0.0317848410757946
2016-02-15 00:00:00,214000.0,217000.0,212500.0,216500.0,179916.0,0.0260663507109004
2016-02-16 00:00:00,217000.0,217000.0,208000.0,216500.0,177310.0,0.0
2016-02-17 00:00:00,212500.0,217000.0,212500.0,215500.0,102889.0,-0.0046189376443418
2016-02-18 00:00:00,218000.0,222500.0,216500.0,220500.0,153299.0,0.0232018561484919
2016-02-19 00:00:00,221500.0,225000.0,218500.0,224500.0,155047.0,0.018140589569161
2016-02-22 00:00:00,222500.0,226000.0,220500.0,226000.0,145437.0,0.0066815144766148
2016-02-23 00:00:00,226500.0,230000.0,223000.0,228500.0,176110.0,0.0110619469026549
2016-02-24 00:00:00,226000.0,228500.0,225500.0,228500.0,140301.0,0.0
2016-02-25 00:00:00,227000.0,227500.0,221000.0,225000.0,196171.0,-0.0153172866520787
2016-02-26 00:00:00,225000.0,227500.0,223500.0,227500.0,173080.0,0.011111111111111
2016-02-29 00:00:00,228500.0,233500.0,226000.0,233500.0,1126589.0,0.0263736263736262
2016-03-02 00:00:00,234000.0,234000.0,223000.0,223000.0,385725.0,-0.0449678800856531
2016-03-03 00:00:00,225500.0,225500.0,219500.0,220000.0,240529.0,-0.0134529147982063
2016-03-04 00:00:00,218500.0,219000.0,215500.0,216500.0,227222.0,-0.0159090909090908
2016-03-07 00:00:00,216000.0,217000.0,212000.0,212000.0,192149.0,-0.0207852193995381
2016-03-08 00:00:00,212500.0,216000.0,211000.0,212000.0,188570.0,0.0
2016-03-09 00:00:00,213000.0,216000.0,211500.0,214500.0,213795.0,0.0117924528301887
2016-03-10 00:00:00,215000.0,216500.0,213000.0,214500.0,214791.0,0.0
2016-03-11 00:00:00,216000.0,220500.0,215000.0,218500.0,217625.0,0.0186480186480186
2016-03-14 00:00:00,218000.0,218500.0,213500.0,215000.0,215182.0,-0.0160183066361555
2016-03-15 00:00:00,213500.0,217000.0,213500.0,215500.0,135209.0,0.0023255813953488
2016-03-16 00:00:00,217000.0,219000.0,215000.0,218000.0,143540.0,0.0116009280742459
2016-03-17 00:00:00,217000.0,219000.0,216500.0,218000.0,111368.0,0.0
2016-03-18 00:00:00,217500.0,217500.0,214000.0,214500.0,180888.0,-0.0160550458715595
2016-03-21 00:00:00,214500.0,215000.0,211500.0,213500.0,131076.0,-0.0046620046620046
2016-03-22 00:00:00,214000.0,214500.0,210000.0,211000.0,204208.0,-0.0117096018735363
2016-03-23 00:00:00,211000.0,213000.0,210000.0,210000.0,130464.0,-0.004739336492891
2016-03-24 00:00:00,211000.0,213500.0,210000.0,210000.0,130125.0,0.0
2016-03-25 00:00:00,210500.0,211500.0,207000.0,207500.0,144108.0,-0.0119047619047618
2016-03-28 00:00:00,208500.0,210500.0,207000.0,210500.0,71671.0,0.0144578313253012
2016-03-29 00:00:00,211500.0,212500.0,210500.0,211500.0,78097.0,0.0047505938242279
2016-03-30 00:00:00,211500.0,212500.0,208000.0,209500.0,134242.0,-0.0094562647754137
2016-03-31 00:00:00,210500.0,210500.0,206000.0,208500.0,176041.0,-0.0047732696897374
2016-04-01 00:00:00,208000.0,210000.0,207500.0,210000.0,113129.0,0.0071942446043165
2016-04-04 00:00:00,208000.0,208500.0,205500.0,206000.0,124430.0,-0.019047619047619
2016-04-05 00:00:00,206000.0,207500.0,205500.0,207000.0,96265.0,0.0048543689320388
2016-04-06 00:00:00,207000.0,207000.0,204000.0,204000.0,156807.0,-0.0144927536231883
2016-04-07 00:00:00,204000.0,205000.0,202000.0,203500.0,161626.0,-0.0024509803921568
2016-04-08 00:00:00,201500.0,203000.0,201000.0,202500.0,143031.0,-0.0049140049140049
2016-04-11 00:00:00,202000.0,204000.0,201500.0,201500.0,122004.0,-0.0049382716049383
2016-04-12 00:00:00,201000.0,204500.0,201000.0,203500.0,103344.0,0.0099255583126551
2016-04-14 00:00:00,205000.0,211500.0,204000.0,211000.0,283490.0,0.0368550368550368
2016-04-15 00:00:00,210000.0,212000.0,208500.0,210500.0,175153.0,-0.0023696682464454
2016-04-18 00:00:00,208500.0,210000.0,207000.0,209000.0,105977.0,-0.0071258907363419
2016-04-19 00:00:00,208500.0,209000.0,206000.0,206500.0,131069.0,-0.0119617224880382
2016-04-20 00:00:00,205500.0,208000.0,205000.0,206500.0,98017.0,0.0
2016-04-21 00:00:00,206500.0,207000.0,204000.0,204500.0,164723.0,-0.009685230024213
2016-04-22 00:00:00,203000.0,203500.0,201500.0,201500.0,222050.0,-0.0146699266503667
2016-04-25 00:00:00,201500.0,204000.0,201000.0,202500.0,150147.0,0.0049627791563275
2016-04-26 00:00:00,202500.0,208000.0,201500.0,206500.0,163104.0,0.019753086419753
2016-04-27 00:00:00,205500.0,207000.0,203500.0,203500.0,196097.0,-0.0145278450363196
2016-04-28 00:00:00,203500.0,212500.0,203500.0,210500.0,384732.0,0.0343980343980343
2016-04-29 00:00:00,210000.0,210000.0,205000.0,206000.0,201207.0,-0.021377672209026
2016-05-02 00:00:00,206500.0,211000.0,204500.0,210000.0,119059.0,0.0194174757281553
2016-05-03 00:00:00,209000.0,214000.0,207500.0,213500.0,213211.0,0.0166666666666666
2016-05-04 00:00:00,212500.0,215000.0,211000.0,212000.0,222288.0,-0.0070257611241217
2016-05-09 00:00:00,211000.0,212500.0,207000.0,210000.0,154527.0,-0.0094339622641509
2016-05-10 00:00:00,208000.0,213500.0,208000.0,211000.0,115033.0,0.0047619047619047
2016-05-11 00:00:00,212500.0,213000.0,210000.0,212500.0,96691.0,0.0071090047393365
2016-05-12 00:00:00,211000.0,214000.0,210500.0,213500.0,115025.0,0.0047058823529411
2016-05-13 00:00:00,213500.0,214500.0,212000.0,213000.0,82334.0,-0.0023419203747072
2016-05-16 00:00:00,211500.0,214000.0,209500.0,212000.0,81296.0,-0.0046948356807511
2016-05-17 00:00:00,210500.0,211500.0,209000.0,210000.0,75644.0,-0.0094339622641509
2016-05-18 00:00:00,209000.0,211000.0,206000.0,211000.0,117141.0,0.0047619047619047
2016-05-19 00:00:00,208500.0,211000.0,208000.0,210500.0,71479.0,-0.0023696682464454
2016-05-20 00:00:00,208500.0,211000.0,208000.0,210500.0,83005.0,0.0
2016-05-23 00:00:00,211000.0,211000.0,208000.0,209000.0,84656.0,-0.0071258907363419
2016-05-24 00:00:00,208500.0,215500.0,208000.0,215000.0,182232.0,0.0287081339712917
2016-05-25 00:00:00,215000.0,217500.0,213500.0,215500.0,121956.0,0.0023255813953488
2016-05-26 00:00:00,215000.0,215500.0,212500.0,213000.0,52430.0,-0.0116009280742459
2016-05-27 00:00:00,213500.0,217000.0,213000.0,216500.0,128201.0,0.0164319248826289
2016-05-30 00:00:00,217000.0,220000.0,215500.0,220000.0,158401.0,0.0161662817551964
2016-05-31 00:00:00,220000.0,222500.0,218500.0,222000.0,399830.0,0.009090909090909
2016-06-01 00:00:00,222000.0,222500.0,214500.0,218500.0,267695.0,-0.0157657657657657
2016-06-02 00:00:00,216000.0,217500.0,215000.0,216000.0,143748.0,-0.0114416475972539
2016-06-03 00:00:00,218500.0,220000.0,216500.0,220000.0,129860.0,0.0185185185185186
2016-06-07 00:00:00,219000.0,221500.0,216000.0,221500.0,122945.0,0.0068181818181818
2016-06-08 00:00:00,219000.0,220000.0,217000.0,219000.0,193471.0,-0.0112866817155756
2016-06-09 00:00:00,217500.0,219000.0,214000.0,217000.0,380552.0,-0.0091324200913242
2016-06-10 00:00:00,214500.0,215000.0,212000.0,212000.0,172038.0,-0.0230414746543778
2016-06-13 00:00:00,212000.0,212000.0,208000.0,211000.0,134159.0,-0.0047169811320755
2016-06-14 00:00:00,211000.0,217000.0,210000.0,216000.0,173458.0,0.0236966824644548
2016-06-15 00:00:00,214000.0,217500.0,213500.0,216000.0,141843.0,0.0
2016-06-16 00:00:00,214000.0,216000.0,210500.0,210500.0,111792.0,-0.0254629629629629
2016-06-17 00:00:00,211500.0,212500.0,209000.0,210000.0,105528.0,-0.002375296912114
2016-06-20 00:00:00,211000.0,213000.0,209000.0,209500.0,146755.0,-0.0023809523809523
2016-06-21 00:00:00,210000.0,210500.0,208500.0,209500.0,101612.0,0.0
2016-06-22 00:00:00,209000.0,212000.0,209000.0,210000.0,119387.0,0.0023866348448686
2016-06-23 00:00:00,209000.0,211500.0,209000.0,210000.0,75945.0,0.0
2016-06-24 00:00:00,210500.0,212500.0,204500.0,208500.0,206943.0,-0.0071428571428571
2016-06-27 00:00:00,208500.0,214000.0,207500.0,211500.0,190822.0,0.014388489208633
2016-06-28 00:00:00,210000.0,213000.0,210000.0,212500.0,149553.0,0.0047281323877068
2016-06-29 00:00:00,211000.0,218000.0,211000.0,217000.0,181552.0,0.0211764705882353
2016-06-30 00:00:00,218000.0,219500.0,215000.0,215500.0,92830.0,-0.0069124423963133
2016-07-01 00:00:00,215000.0,219000.0,215000.0,218500.0,129341.0,0.0139211136890951
2016-07-04 00:00:00,216000.0,219500.0,215500.0,219000.0,109169.0,0.0022883295194509
2016-07-05 00:00:00,217500.0,218500.0,215500.0,216500.0,73690.0,-0.0114155251141552
2016-07-06 00:00:00,216500.0,217000.0,212500.0,215000.0,83596.0,-0.0069284064665127
2016-07-07 00:00:00,216500.0,217500.0,212500.0,214500.0,80083.0,-0.0023255813953488
2016-07-08 00:00:00,213000.0,216000.0,213000.0,216000.0,57297.0,0.006993006993007
2016-07-11 00:00:00,218500.0,219000.0,217000.0,217000.0,82607.0,0.0046296296296295
2016-07-12 00:00:00,216500.0,218000.0,216000.0,217000.0,56841.0,0.0
2016-07-13 00:00:00,218500.0,222000.0,217500.0,220000.0,170865.0,0.0138248847926267
2016-07-14 00:00:00,220000.0,222500.0,219500.0,221000.0,151693.0,0.0045454545454546
2016-07-15 00:00:00,223000.0,223500.0,220500.0,220500.0,134521.0,-0.002262443438914
2016-07-18 00:00:00,221000.0,223500.0,220500.0,223000.0,92996.0,0.0113378684807257
2016-07-19 00:00:00,223000.0,223500.0,218000.0,221000.0,133174.0,-0.0089686098654708
2016-07-20 00:00:00,222500.0,222500.0,216500.0,218000.0,133670.0,-0.0135746606334841
2016-07-21 00:00:00,218500.0,222500.0,218500.0,222500.0,102072.0,0.0206422018348624
2016-07-22 00:00:00,223000.0,224000.0,220500.0,223500.0,108911.0,0.0044943820224718
2016-07-25 00:00:00,225000.0,230500.0,224000.0,230000.0,242294.0,0.0290827740492169
2016-07-26 00:00:00,230000.0,232500.0,227000.0,232000.0,168291.0,0.0086956521739129
2016-07-27 00:00:00,232000.0,233500.0,230500.0,231000.0,145344.0,-0.0043103448275861
2016-07-28 00:00:00,231000.0,232500.0,229000.0,229500.0,132506.0,-0.0064935064935064
2016-07-29 00:00:00,231500.0,234000.0,228000.0,230000.0,157571.0,0.0021786492374726
2016-08-01 00:00:00,228500.0,229500.0,225500.0,226500.0,178229.0,-0.0152173913043478
2016-08-02 00:00:00,225000.0,225500.0,221000.0,223500.0,194318.0,-0.0132450331125827
2016-08-03 00:00:00,221500.0,223500.0,220500.0,221000.0,169555.0,-0.0111856823266218
2016-08-04 00:00:00,222500.0,223500.0,218500.0,220500.0,156595.0,-0.002262443438914
2016-08-05 00:00:00,220500.0,223000.0,220500.0,221000.0,120227.0,0.002267573696145
2016-08-08 00:00:00,222000.0,223500.0,219000.0,222000.0,100101.0,0.004524886877828
2016-08-09 00:00:00,222000.0,225500.0,222000.0,224500.0,125963.0,0.0112612612612612
2016-08-10 00:00:00,223000.0,225000.0,223000.0,224000.0,142021.0,-0.0022271714922048
2016-08-11 00:00:00,223500.0,227000.0,223000.0,227000.0,172999.0,0.0133928571428572
2016-08-12 00:00:00,227000.0,227500.0,225000.0,226500.0,92615.0,-0.0022026431718061
2016-08-16 00:00:00,226500.0,228000.0,226000.0,227000.0,125619.0,0.0022075055187638
2016-08-17 00:00:00,226000.0,228500.0,225500.0,228000.0,71979.0,0.0044052863436123
2016-08-18 00:00:00,229000.0,229000.0,226500.0,226500.0,77448.0,-0.0065789473684209
2016-08-19 00:00:00,228000.0,228000.0,222500.0,224000.0,155828.0,-0.0110375275938189
2016-08-22 00:00:00,222000.0,222500.0,220000.0,221000.0,99900.0,-0.013392857142857
2016-08-23 00:00:00,221000.0,222000.0,218500.0,220000.0,97058.0,-0.004524886877828
2016-08-24 00:00:00,220000.0,220500.0,218500.0,220500.0,84103.0,0.0022727272727272
2016-08-25 00:00:00,220500.0,222500.0,219000.0,220500.0,136669.0,0.0
2016-08-26 00:00:00,220500.0,223000.0,219500.0,222500.0,82775.0,0.0090702947845804
2016-08-29 00:00:00,222000.0,222500.0,220000.0,221000.0,78832.0,-0.0067415730337078
2016-08-30 00:00:00,221000.0,223000.0,220000.0,220500.0,70156.0,-0.002262443438914
2016-08-31 00:00:00,220000.0,221500.0,218500.0,218500.0,88109.0,-0.0090702947845805
2016-09-01 00:00:00,218500.0,220000.0,216500.0,216500.0,120438.0,-0.0091533180778031
2016-09-02 00:00:00,217500.0,218000.0,216000.0,216000.0,95241.0,-0.0023094688221708
2016-09-05 00:00:00,218000.0,222500.0,218000.0,220500.0,116754.0,0.0208333333333332
2016-09-06 00:00:00,221000.0,222000.0,218500.0,219500.0,80818.0,-0.0045351473922902
2016-09-07 00:00:00,219000.0,222500.0,218000.0,221000.0,106139.0,0.0068337129840547
2016-09-08 00:00:00,220500.0,224500.0,219500.0,223500.0,178297.0,0.01131221719457
2016-09-09 00:00:00,221500.0,223000.0,219000.0,222000.0,91086.0,-0.0067114093959731
2016-09-12 00:00:00,221000.0,222000.0,218500.0,219000.0,102125.0,-0.0135135135135134
2016-09-13 00:00:00,221000.0,221500.0,217000.0,217500.0,104080.0,-0.0068493150684931
2016-09-19 00:00:00,215500.0,219500.0,215500.0,217000.0,126473.0,-0.0022988505747126
2016-09-20 00:00:00,220500.0,220500.0,215500.0,217000.0,151515.0,0.0
2016-09-21 00:00:00,215500.0,218000.0,215500.0,216000.0,91783.0,-0.0046082949308755
2016-09-22 00:00:00,216000.0,219000.0,216000.0,218000.0,114776.0,0.0092592592592593
2016-09-23 00:00:00,220000.0,221000.0,218500.0,220500.0,142865.0,0.0114678899082569
2016-09-26 00:00:00,221500.0,223500.0,220500.0,221000.0,86081.0,0.002267573696145
2016-09-27 00:00:00,221000.0,223500.0,219500.0,222000.0,148938.0,0.004524886877828
2016-09-28 00:00:00,221000.0,223500.0,220500.0,222500.0,121334.0,0.0022522522522523
2016-09-29 00:00:00,224000.0,227500.0,223500.0,226000.0,169167.0,0.0157303370786516
2016-09-30 00:00:00,226500.0,227000.0,223000.0,226000.0,167857.0,0.0
2016-10-04 00:00:00,225000.0,225500.0,224000.0,224500.0,152682.0,-0.0066371681415928
2016-10-05 00:00:00,222000.0,223500.0,220000.0,222500.0,160603.0,-0.0089086859688195
2016-10-06 00:00:00,218500.0,220000.0,217000.0,219000.0,123495.0,-0.0157303370786516
2016-10-07 00:00:00,218000.0,219000.0,215500.0,216000.0,188082.0,-0.0136986301369863
2016-10-10 00:00:00,218000.0,220500.0,217500.0,219500.0,156419.0,0.0162037037037037
2016-10-11 00:00:00,221500.0,221500.0,218500.0,219500.0,101589.0,0.0
2016-10-12 00:00:00,220500.0,221000.0,219000.0,219000.0,104841.0,-0.0022779043280182
2016-10-13 00:00:00,218000.0,220000.0,216500.0,219500.0,137901.0,0.0022831050228311
2016-10-14 00:00:00,220000.0,221500.0,219000.0,221000.0,103212.0,0.0068337129840547
2016-10-17 00:00:00,221000.0,226500.0,219500.0,225500.0,203974.0,0.0203619909502261
2016-10-18 00:00:00,225000.0,229000.0,224500.0,227500.0,171136.0,0.0088691796008868
2016-10-19 00:00:00,227500.0,230000.0,227000.0,229000.0,135654.0,0.0065934065934065
2016-10-20 00:00:00,227500.0,227500.0,222500.0,224500.0,105751.0,-0.019650655021834
2016-10-21 00:00:00,224000.0,224500.0,221000.0,224000.0,203477.0,-0.0022271714922048
2016-10-24 00:00:00,225000.0,227500.0,224500.0,227500.0,131533.0,0.015625
2016-10-25 00:00:00,229000.0,232500.0,228500.0,231500.0,220427.0,0.0175824175824175
2016-10-26 00:00:00,229500.0,231500.0,227500.0,230000.0,115210.0,-0.0064794816414687
2016-10-27 00:00:00,230000.0,233000.0,229000.0,232500.0,131271.0,0.0108695652173913
2016-10-28 00:00:00,228500.0,229500.0,223500.0,224500.0,212018.0,-0.0344086021505376
2016-10-31 00:00:00,222500.0,226500.0,222000.0,223500.0,158045.0,-0.0044543429844098
2016-11-01 00:00:00,224500.0,226500.0,223500.0,226000.0,102735.0,0.0111856823266218
2016-11-02 00:00:00,224000.0,225000.0,222500.0,223500.0,115327.0,-0.0110619469026548
2016-11-03 00:00:00,220500.0,226000.0,220500.0,223500.0,103634.0,0.0
2016-11-04 00:00:00,225000.0,226000.0,224000.0,226000.0,91272.0,0.0111856823266218
2016-11-07 00:00:00,226500.0,226500.0,222500.0,223500.0,121110.0,-0.0110619469026548
2016-11-08 00:00:00,223500.0,224500.0,219500.0,221000.0,160984.0,-0.0111856823266218
2016-11-09 00:00:00,222000.0,224000.0,216000.0,218500.0,276342.0,-0.01131221719457
2016-11-10 00:00:00,220000.0,220500.0,218000.0,220000.0,192123.0,0.0068649885583524
2016-11-11 00:00:00,220000.0,220500.0,218000.0,218500.0,130077.0,-0.0068181818181818
2016-11-14 00:00:00,218500.0,221000.0,216500.0,217000.0,209839.0,-0.0068649885583523
2016-11-15 00:00:00,219000.0,219000.0,216000.0,217500.0,112722.0,0.0023041474654377
2016-11-16 00:00:00,220000.0,221500.0,216500.0,217000.0,204417.0,-0.0022988505747126
2016-11-17 00:00:00,218000.0,219000.0,215500.0,217000.0,165007.0,0.0
2016-11-18 00:00:00,218000.0,220500.0,216500.0,219500.0,174596.0,0.0115207373271888
2016-11-21 00:00:00,220500.0,220500.0,218500.0,220000.0,118193.0,0.0022779043280183
2016-11-22 00:00:00,221000.0,221000.0,218500.0,220000.0,136995.0,0.0
2016-11-23 00:00:00,221000.0,228000.0,220500.0,226000.0,340500.0,0.0272727272727273
2016-11-24 00:00:00,225500.0,227500.0,224500.0,226500.0,133408.0,0.002212389380531
2016-11-25 00:00:00,228000.0,228500.0,225500.0,226000.0,66358.0,-0.0022075055187638
2016-11-28 00:00:00,224500.0,226000.0,221500.0,222500.0,98961.0,-0.0154867256637167
2016-11-29 00:00:00,222000.0,224000.0,222000.0,223500.0,123022.0,0.0044943820224718
2016-11-30 00:00:00,225500.0,229000.0,225500.0,226000.0,282715.0,0.0111856823266218
2016-12-01 00:00:00,226000.0,227500.0,224000.0,224500.0,120850.0,-0.0066371681415928
2016-12-02 00:00:00,225500.0,229000.0,225000.0,228000.0,128833.0,0.0155902004454342
2016-12-05 00:00:00,228000.0,228500.0,226000.0,228000.0,73828.0,0.0
2016-12-06 00:00:00,229000.0,230500.0,228000.0,229000.0,149018.0,0.0043859649122806
2016-12-07 00:00:00,230000.0,232000.0,228500.0,231500.0,171423.0,0.0109170305676855
2016-12-08 00:00:00,232000.0,232500.0,227000.0,231500.0,254466.0,0.0
2016-12-09 00:00:00,231500.0,232000.0,229000.0,231000.0,94911.0,-0.0021598272138229
2016-12-12 00:00:00,231000.0,232500.0,228500.0,230500.0,84882.0,-0.0021645021645021
2016-12-13 00:00:00,232000.0,233500.0,230500.0,232500.0,186601.0,0.0086767895878525
2016-12-14 00:00:00,233000.0,233000.0,229500.0,229500.0,116262.0,-0.0129032258064516
2016-12-15 00:00:00,231500.0,231500.0,228500.0,230000.0,67455.0,0.0021786492374726
2016-12-16 00:00:00,229000.0,233000.0,228500.0,232000.0,139287.0,0.0086956521739129
2016-12-19 00:00:00,232000.0,232000.0,228500.0,229000.0,85596.0,-0.0129310344827586
2016-12-20 00:00:00,229500.0,231000.0,228000.0,231000.0,102315.0,0.0087336244541484
2016-12-21 00:00:00,232000.0,232500.0,229500.0,230000.0,89553.0,-0.0043290043290042
2016-12-22 00:00:00,229000.0,232000.0,229000.0,230500.0,110059.0,0.0021739130434783
2016-12-23 00:00:00,232000.0,233000.0,229000.0,230500.0,204668.0,0.0
2016-12-26 00:00:00,230500.0,232000.0,229000.0,231000.0,110623.0,0.002169197396963
2016-12-27 00:00:00,231000.0,232500.0,229500.0,231000.0,199462.0,0.0
2016-12-28 00:00:00,224000.0,225500.0,222500.0,224500.0,174245.0,-0.0281385281385281
2016-12-29 00:00:00,225500.0,226000.0,223500.0,224000.0,105776.0,-0.0022271714922048
2017-01-02 00:00:00,224000.0,227500.0,224000.0,225500.0,69090.0,0.0066964285714286
2017-01-03 00:00:00,225500.0,226000.0,221000.0,223000.0,157301.0,-0.0110864745011086
2017-01-04 00:00:00,223000.0,223500.0,220000.0,223000.0,193754.0,0.0
2017-01-05 00:00:00,222500.0,228000.0,221500.0,228000.0,157297.0,0.0224215246636771
2017-01-06 00:00:00,228000.0,228500.0,226000.0,226500.0,91401.0,-0.0065789473684209
2017-01-09 00:00:00,225500.0,226000.0,223500.0,226000.0,82983.0,-0.0022075055187638
2017-01-10 00:00:00,227000.0,227500.0,223000.0,225000.0,117759.0,-0.0044247787610619
2017-01-11 00:00:00,226500.0,229500.0,225000.0,227500.0,215621.0,0.011111111111111
2017-01-12 00:00:00,227500.0,229000.0,225500.0,229000.0,140315.0,0.0065934065934065
2017-01-13 00:00:00,229000.0,229500.0,226000.0,228500.0,84692.0,-0.002183406113537
2017-01-16 00:00:00,227500.0,228000.0,224000.0,224500.0,110420.0,-0.0175054704595185
2017-01-17 00:00:00,226000.0,227500.0,225000.0,226000.0,91557.0,0.0066815144766148
2017-01-18 00:00:00,225000.0,225000.0,223000.0,224500.0,113892.0,-0.0066371681415928
2017-01-19 00:00:00,223500.0,225500.0,222500.0,224000.0,103361.0,-0.0022271714922048
2017-01-20 00:00:00,225000.0,225500.0,222500.0,223000.0,93772.0,-0.0044642857142856
2017-01-23 00:00:00,223000.0,224500.0,219500.0,220500.0,160388.0,-0.0112107623318385
2017-01-24 00:00:00,220500.0,222000.0,220000.0,221500.0,111347.0,0.0045351473922903
2017-01-25 00:00:00,222500.0,222500.0,219000.0,219000.0,206026.0,-0.0112866817155756
2017-01-26 00:00:00,221000.0,223000.0,220000.0,222500.0,171398.0,0.0159817351598172
2017-01-31 00:00:00,222500.0,226000.0,221500.0,223000.0,115752.0,0.002247191011236
2017-02-01 00:00:00,222500.0,222500.0,219500.0,220000.0,226950.0,-0.0134529147982063
2017-02-02 00:00:00,220000.0,220500.0,217000.0,218000.0,228735.0,-0.009090909090909
2017-02-03 00:00:00,218500.0,220500.0,216500.0,219500.0,188820.0,0.0068807339449541
2017-02-06 00:00:00,222500.0,223500.0,220500.0,222000.0,166213.0,0.0113895216400912
2017-02-07 00:00:00,223500.0,226500.0,222000.0,226500.0,158794.0,0.0202702702702701
2017-02-08 00:00:00,225000.0,226500.0,223500.0,224500.0,170012.0,-0.0088300220750552
2017-02-09 00:00:00,225000.0,227000.0,224000.0,224000.0,129338.0,-0.0022271714922048
2017-02-10 00:00:00,226500.0,227500.0,224500.0,227500.0,174529.0,0.015625
2017-02-13 00:00:00,228500.0,229500.0,227000.0,229500.0,118014.0,0.0087912087912087
2017-02-14 00:00:00,229500.0,230000.0,225500.0,229000.0,119947.0,-0.0021786492374727
2017-02-15 00:00:00,228000.0,228500.0,224500.0,225000.0,99862.0,-0.0174672489082969
2017-02-16 00:00:00,225000.0,227000.0,224000.0,225500.0,138170.0,0.0022222222222221
2017-02-17 00:00:00,224000.0,227500.0,223500.0,226500.0,73384.0,0.0044345898004434
2017-02-20 00:00:00,225500.0,226500.0,224000.0,226500.0,57878.0,0.0
2017-02-21 00:00:00,227000.0,228500.0,226500.0,227500.0,95026.0,0.0044150110375276
2017-02-22 00:00:00,227000.0,231000.0,226500.0,231000.0,198661.0,0.0153846153846153
2017-02-23 00:00:00,231500.0,232000.0,229000.0,231000.0,158210.0,0.0
2017-02-24 00:00:00,232000.0,233000.0,230000.0,231500.0,151517.0,0.0021645021645022
2017-02-27 00:00:00,233000.0,233000.0,230500.0,232000.0,90507.0,0.0021598272138227
2017-02-28 00:00:00,233000.0,233500.0,229500.0,231500.0,177080.0,-0.0021551724137931
2017-03-02 00:00:00,233000.0,233500.0,229500.0,229500.0,143949.0,-0.0086393088552916
2017-03-03 00:00:00,229500.0,236500.0,229500.0,233000.0,181980.0,0.0152505446623094
2017-03-06 00:00:00,232500.0,236000.0,231500.0,232000.0,154891.0,-0.0042918454935622
2017-03-07 00:00:00,233500.0,234500.0,231000.0,231000.0,83318.0,-0.0043103448275861
2017-03-08 00:00:00,233500.0,243500.0,232500.0,241000.0,565790.0,0.0432900432900433
2017-03-09 00:00:00,245500.0,249000.0,244000.0,248000.0,389887.0,0.0290456431535268
2017-03-10 00:00:00,249000.0,252000.0,246000.0,247000.0,311059.0,-0.0040322580645161
2017-03-13 00:00:00,246000.0,247000.0,242500.0,245000.0,258119.0,-0.0080971659919028
2017-03-14 00:00:00,247500.0,250000.0,245000.0,245500.0,230494.0,0.0020408163265306
2017-03-15 00:00:00,248000.0,258000.0,245500.0,257500.0,436849.0,0.0488798370672098
2017-03-16 00:00:00,257500.0,259000.0,254500.0,256000.0,231999.0,-0.0058252427184466
2017-03-17 00:00:00,255500.0,256500.0,249000.0,250000.0,199714.0,-0.0234375
2017-03-20 00:00:00,249000.0,252500.0,247000.0,251000.0,158048.0,0.004
2017-03-21 00:00:00,251500.0,255000.0,250000.0,253000.0,172670.0,0.0079681274900398
2017-03-22 00:00:00,254500.0,260500.0,254000.0,259500.0,273378.0,0.0256916996047431
2017-03-23 00:00:00,258500.0,266000.0,255500.0,262500.0,289661.0,0.0115606936416186
2017-03-24 00:00:00,262500.0,265000.0,259000.0,260000.0,114827.0,-0.0095238095238094
2017-03-27 00:00:00,261500.0,265500.0,259000.0,259500.0,135529.0,-0.0019230769230769
2017-03-28 00:00:00,259500.0,260500.0,254500.0,260500.0,145953.0,0.0038535645472062
2017-03-29 00:00:00,259500.0,260000.0,251500.0,252500.0,198304.0,-0.0307101727447216
2017-03-30 00:00:00,252500.0,256500.0,250500.0,255500.0,263189.0,0.0118811881188118
2017-03-31 00:00:00,253500.0,254500.0,252000.0,252000.0,107774.0,-0.0136986301369863
2017-04-03 00:00:00,252500.0,257000.0,252500.0,254000.0,80889.0,0.0079365079365079
2017-04-04 00:00:00,255000.0,259500.0,254000.0,257000.0,110088.0,0.0118110236220472
2017-04-05 00:00:00,257000.0,257000.0,252500.0,253000.0,96925.0,-0.0155642023346302
2017-04-06 00:00:00,254000.0,257000.0,252500.0,256000.0,147789.0,0.0118577075098813
2017-04-07 00:00:00,258500.0,258500.0,254500.0,255000.0,116211.0,-0.00390625
2017-04-10 00:00:00,255000.0,256000.0,250500.0,252500.0,73361.0,-0.0098039215686274
2017-04-11 00:00:00,251500.0,255000.0,240500.0,245000.0,268884.0,-0.0297029702970297
2017-04-12 00:00:00,244000.0,245000.0,241000.0,243000.0,208517.0,-0.0081632653061224
2017-04-13 00:00:00,244000.0,246000.0,241500.0,245500.0,176540.0,0.0102880658436212
2017-04-14 00:00:00,245000.0,245500.0,241500.0,243500.0,78948.0,-0.0081466395112016
2017-04-17 00:00:00,241500.0,245000.0,241000.0,242500.0,76321.0,-0.0041067761806981
2017-04-18 00:00:00,244000.0,248500.0,243000.0,247000.0,139180.0,0.0185567010309277
2017-04-19 00:00:00,248000.0,249000.0,245000.0,248500.0,115343.0,0.0060728744939271
2017-04-20 00:00:00,247500.0,251500.0,246500.0,249000.0,104309.0,0.0020120724346075
2017-04-21 00:00:00,250000.0,251500.0,247500.0,251500.0,119018.0,0.0100401606425701
2017-04-24 00:00:00,252000.0,253500.0,250500.0,251500.0,107859.0,0.0
2017-04-25 00:00:00,249000.0,252000.0,247000.0,249500.0,128678.0,-0.0079522862823061
2017-04-26 00:00:00,249500.0,250000.0,243000.0,244000.0,450303.0,-0.0220440881763527
2017-04-27 00:00:00,245000.0,245000.0,240000.0,240000.0,189769.0,-0.0163934426229508
2017-04-28 00:00:00,238000.0,240500.0,236500.0,239500.0,251760.0,-0.0020833333333333
2017-05-02 00:00:00,239500.0,241500.0,238500.0,240000.0,178587.0,0.0020876826722338
2017-05-04 00:00:00,237500.0,239500.0,235000.0,235500.0,264873.0,-0.01875
2017-05-08 00:00:00,237500.0,238500.0,233500.0,236000.0,327467.0,0.0021231422505307
2017-05-10 00:00:00,238000.0,243000.0,237500.0,238500.0,383752.0,0.0105932203389831
2017-05-11 00:00:00,239000.0,239500.0,233000.0,235500.0,379942.0,-0.0125786163522012
2017-05-12 00:00:00,235500.0,237500.0,234000.0,236000.0,226595.0,0.0021231422505307
2017-05-15 00:00:00,237500.0,238500.0,233500.0,236000.0,178272.0,0.0
2017-05-16 00:00:00,237000.0,239500.0,235000.0,239500.0,274349.0,0.0148305084745763
2017-05-17 00:00:00,241000.0,241500.0,238000.0,239500.0,190716.0,0.0
2017-05-18 00:00:00,240500.0,241000.0,238500.0,241000.0,177145.0,0.0062630480167014
2017-05-19 00:00:00,242000.0,244500.0,241500.0,244500.0,194088.0,0.0145228215767634
2017-05-22 00:00:00,245000.0,247500.0,243500.0,246500.0,201299.0,0.0081799591002045
2017-05-23 00:00:00,247000.0,247000.0,243500.0,246000.0,191437.0,-0.0020283975659228
2017-05-24 00:00:00,246500.0,252000.0,244000.0,252000.0,257784.0,0.024390243902439
2017-05-25 00:00:00,252000.0,255000.0,249500.0,249500.0,207068.0,-0.0099206349206348
2017-05-26 00:00:00,250000.0,256000.0,250000.0,254500.0,163064.0,0.0200400801603206
2017-05-29 00:00:00,254000.0,254500.0,249000.0,250000.0,150750.0,-0.0176817288801571
2017-05-30 00:00:00,250000.0,251000.0,247500.0,249000.0,102115.0,-0.004
2017-05-31 00:00:00,249000.0,254000.0,249000.0,253500.0,189365.0,0.0180722891566265
2017-06-01 00:00:00,254000.0,254000.0,249000.0,249500.0,108575.0,-0.0157790927021695
2017-06-02 00:00:00,250000.0,255000.0,249500.0,250500.0,226055.0,0.0040080160320641
2017-06-05 00:00:00,251000.0,253000.0,245500.0,246000.0,208944.0,-0.0179640718562874
2017-06-07 00:00:00,247000.0,248500.0,244500.0,245500.0,271354.0,-0.0020325203252032
2017-06-08 00:00:00,248000.0,248000.0,242000.0,243000.0,338933.0,-0.010183299389002
2017-06-09 00:00:00,245000.0,248000.0,243500.0,246000.0,206480.0,0.0123456790123457
2017-06-12 00:00:00,244000.0,246500.0,242500.0,246500.0,139025.0,0.0020325203252031
2017-06-13 00:00:00,246500.0,248500.0,244500.0,248000.0,111878.0,0.0060851926977687
2017-06-14 00:00:00,246000.0,246500.0,242000.0,243500.0,186039.0,-0.0181451612903226
2017-06-15 00:00:00,243000.0,245000.0,239500.0,242000.0,171626.0,-0.0061601642710472
2017-06-16 00:00:00,241500.0,242000.0,239500.0,242000.0,159385.0,0.0
2017-06-19 00:00:00,242000.0,248000.0,242000.0,247500.0,173620.0,0.0227272727272727
2017-06-20 00:00:00,249000.0,251500.0,247500.0,249500.0,219557.0,0.0080808080808081
2017-06-21 00:00:00,255000.0,257000.0,252500.0,254500.0,404959.0,0.0200400801603206
2017-06-22 00:00:00,254000.0,265500.0,254000.0,263000.0,389910.0,0.0333988212180746
2017-06-23 00:00:00,260000.0,263500.0,256000.0,258000.0,218024.0,-0.0190114068441065
2017-06-26 00:00:00,258000.0,260500.0,256500.0,258000.0,138036.0,0.0
2017-06-27 00:00:00,257500.0,268000.0,255500.0,264000.0,393867.0,0.0232558139534884
2017-06-28 00:00:00,264500.0,273000.0,263000.0,266000.0,284409.0,0.0075757575757575
2017-06-29 00:00:00,269000.0,269000.0,259000.0,261500.0,141618.0,-0.0169172932330826
2017-06-30 00:00:00,263500.0,271000.0,262000.0,266000.0,177237.0,0.0172084130019121
2017-07-03 00:00:00,269000.0,275000.0,266500.0,274500.0,240413.0,0.0319548872180449
2017-07-04 00:00:00,272500.0,275000.0,263500.0,264000.0,196522.0,-0.0382513661202186
2017-07-05 00:00:00,262500.0,268500.0,262000.0,267500.0,119830.0,0.0132575757575756
2017-07-06 00:00:00,264000.0,265500.0,257000.0,257500.0,272229.0,-0.0373831775700934
2017-07-07 00:00:00,257000.0,258000.0,252000.0,256500.0,255702.0,-0.0038834951456309
2017-07-10 00:00:00,256500.0,257000.0,252500.0,255500.0,127883.0,-0.0038986354775828
2017-07-11 00:00:00,257500.0,260500.0,256000.0,260000.0,179862.0,0.0176125244618394
2017-07-12 00:00:00,258500.0,260000.0,253500.0,257000.0,155613.0,-0.0115384615384614
2017-07-13 00:00:00,257000.0,259500.0,255500.0,257500.0,160275.0,0.0019455252918287
2017-07-14 00:00:00,259500.0,263500.0,258000.0,263000.0,119669.0,0.0213592233009709
2017-07-17 00:00:00,264500.0,264500.0,258500.0,262000.0,144286.0,-0.0038022813688213
2017-07-18 00:00:00,261000.0,261000.0,257500.0,261000.0,102239.0,-0.0038167938931297
2017-07-19 00:00:00,262000.0,262500.0,259500.0,262000.0,93703.0,0.0038314176245211
2017-07-20 00:00:00,262000.0,265500.0,260000.0,263000.0,113947.0,0.0038167938931297
2017-07-21 00:00:00,264000.0,274000.0,263500.0,270500.0,230528.0,0.0285171102661596
2017-07-24 00:00:00,274500.0,279500.0,272500.0,278500.0,177723.0,0.0295748613678372
2017-07-25 00:00:00,279000.0,279500.0,273000.0,277500.0,144138.0,-0.0035906642728904
2017-07-26 00:00:00,279000.0,279000.0,270000.0,270000.0,147439.0,-0.0270270270270269
2017-07-27 00:00:00,277000.0,279000.0,273000.0,279000.0,188086.0,0.0333333333333334
2017-07-28 00:00:00,276000.0,279500.0,273000.0,277000.0,185506.0,-0.0071684587813619
2017-07-31 00:00:00,275500.0,281500.0,274000.0,278000.0,220930.0,0.0036101083032491
2017-08-01 00:00:00,276500.0,282000.0,276000.0,277500.0,106846.0,-0.0017985611510791
2017-08-02 00:00:00,280500.0,288000.0,277500.0,283500.0,186666.0,0.0216216216216216
2017-08-03 00:00:00,284000.0,287500.0,279500.0,283000.0,180570.0,-0.0017636684303351
2017-08-04 00:00:00,281000.0,284000.0,275500.0,276500.0,180970.0,-0.0229681978798587
2017-08-07 00:00:00,275500.0,285000.0,275500.0,279500.0,131154.0,0.0108499095840868
2017-08-08 00:00:00,278500.0,279000.0,272000.0,275000.0,183114.0,-0.0161001788908765
2017-08-09 00:00:00,274500.0,279500.0,274000.0,274500.0,97407.0,-0.0018181818181818
2017-08-10 00:00:00,275000.0,277000.0,267500.0,269000.0,223198.0,-0.0200364298724954
2017-08-11 00:00:00,266000.0,267500.0,260000.0,265000.0,240410.0,-0.0148698884758364
2017-08-14 00:00:00,265500.0,271500.0,264000.0,269500.0,159888.0,0.0169811320754718
2017-08-16 00:00:00,272000.0,272000.0,266000.0,268500.0,155992.0,-0.0037105751391465
2017-08-17 00:00:00,265000.0,266000.0,261000.0,264000.0,143656.0,-0.0167597765363128
2017-08-18 00:00:00,261000.0,261500.0,254000.0,260000.0,237748.0,-0.0151515151515151
2017-08-21 00:00:00,259000.0,260000.0,257000.0,260000.0,88499.0,0.0
2017-08-22 00:00:00,261000.0,264000.0,261000.0,262500.0,96909.0,0.0096153846153845
2017-08-23 00:00:00,262000.0,263500.0,259500.0,261000.0,84912.0,-0.0057142857142856
2017-08-24 00:00:00,261000.0,263500.0,259500.0,263500.0,109604.0,0.0095785440613027
2017-08-25 00:00:00,263500.0,264000.0,259500.0,261000.0,113920.0,-0.0094876660341556
2017-08-28 00:00:00,260000.0,262500.0,260000.0,262000.0,53846.0,0.0038314176245211
2017-08-29 00:00:00,261000.0,262500.0,257500.0,260500.0,76061.0,-0.0057251908396946
2017-08-30 00:00:00,257000.0,259500.0,256000.0,257000.0,154523.0,-0.0134357005758157
2017-08-31 00:00:00,256000.0,256500.0,253000.0,253500.0,208132.0,-0.0136186770428015
2017-09-01 00:00:00,255000.0,256000.0,249500.0,252000.0,108993.0,-0.0059171597633136
2017-09-04 00:00:00,247000.0,252500.0,247000.0,248000.0,114822.0,-0.0158730158730159
2017-09-05 00:00:00,250000.0,250500.0,247000.0,248000.0,86092.0,0.0
2017-09-06 00:00:00,246000.0,247000.0,242000.0,244000.0,192743.0,-0.0161290322580645
2017-09-07 00:00:00,246000.0,252500.0,244500.0,251500.0,169142.0,0.0307377049180328
2017-09-08 00:00:00,251000.0,251000.0,248500.0,249500.0,119884.0,-0.0079522862823061
2017-09-11 00:00:00,249500.0,249500.0,246000.0,246500.0,105361.0,-0.0120240480961923
2017-09-12 00:00:00,246000.0,247500.0,245000.0,246500.0,99246.0,0.0
2017-09-13 00:00:00,247000.0,253500.0,247000.0,249000.0,145564.0,0.0101419878296145
2017-09-14 00:00:00,249500.0,249500.0,241000.0,242000.0,307053.0,-0.0281124497991968
2017-09-15 00:00:00,241000.0,253000.0,241000.0,253000.0,262637.0,0.0454545454545454
2017-09-18 00:00:00,253000.0,253000.0,249000.0,250000.0,159575.0,-0.0118577075098814
2017-09-19 00:00:00,250000.0,250000.0,244000.0,246000.0,196466.0,-0.016
2017-09-20 00:00:00,246500.0,246500.0,244000.0,245500.0,133654.0,-0.0020325203252032
2017-09-21 00:00:00,245500.0,252500.0,245500.0,249000.0,233478.0,0.0142566191446027
2017-09-22 00:00:00,250000.0,253000.0,248000.0,252000.0,226963.0,0.0120481927710842
2017-09-25 00:00:00,253000.0,253500.0,249500.0,249500.0,140932.0,-0.0099206349206348
2017-09-26 00:00:00,250500.0,256000.0,248500.0,254500.0,186899.0,0.0200400801603206
2017-09-27 00:00:00,255000.0,258000.0,252500.0,257000.0,190711.0,0.0098231827111985
2017-09-28 00:00:00,253500.0,258000.0,253000.0,257500.0,161835.0,0.0019455252918287
2017-09-29 00:00:00,258000.0,258000.0,253000.0,255000.0,113241.0,-0.0097087378640776
2017-10-10 00:00:00,260000.0,268500.0,255000.0,267500.0,385055.0,0.0490196078431373
2017-10-11 00:00:00,266000.0,268000.0,265000.0,266500.0,207181.0,-0.0037383177570093
2017-10-12 00:00:00,265000.0,270500.0,265000.0,268000.0,237322.0,0.0056285178236397
2017-10-13 00:00:00,268000.0,269000.0,265000.0,267500.0,139455.0,-0.001865671641791
2017-10-16 00:00:00,266000.0,273000.0,266000.0,271500.0,157113.0,0.0149532710280373
2017-10-17 00:00:00,271500.0,272000.0,267000.0,268500.0,132559.0,-0.011049723756906
2017-10-18 00:00:00,267000.0,272000.0,265500.0,267500.0,140869.0,-0.0037243947858472
2017-10-19 00:00:00,266000.0,269000.0,263500.0,264500.0,111201.0,-0.0112149532710279
2017-10-20 00:00:00,262500.0,265500.0,260500.0,265000.0,145965.0,0.0018903591682419
2017-10-23 00:00:00,263000.0,264000.0,260500.0,262000.0,116797.0,-0.0113207547169811
2017-10-24 00:00:00,261000.0,263500.0,260000.0,263000.0,115504.0,0.0038167938931297
2017-10-25 00:00:00,261500.0,269000.0,261500.0,267000.0,122117.0,0.015209125475285
2017-10-26 00:00:00,265500.0,268500.0,262500.0,263500.0,106643.0,-0.0131086142322097
2017-10-27 00:00:00,263000.0,263500.0,260000.0,261000.0,171898.0,-0.0094876660341556
2017-10-30 00:00:00,261000.0,261500.0,257500.0,257500.0,131325.0,-0.0134099616858237
2017-10-31 00:00:00,259000.0,264000.0,257000.0,264000.0,160921.0,0.0252427184466019
2017-11-01 00:00:00,260500.0,265500.0,260500.0,263500.0,114066.0,-0.0018939393939394
2017-11-02 00:00:00,263500.0,266500.0,261500.0,265000.0,101233.0,0.0056925996204932
2017-11-03 00:00:00,266000.0,267500.0,264500.0,266000.0,77429.0,0.0037735849056603
2017-11-06 00:00:00,267000.0,267000.0,258000.0,260000.0,186782.0,-0.0225563909774436
2017-11-07 00:00:00,259500.0,262000.0,255000.0,256000.0,174795.0,-0.0153846153846153
2017-11-08 00:00:00,254500.0,257000.0,252500.0,254000.0,154112.0,-0.0078125
2017-11-09 00:00:00,255500.0,256500.0,251500.0,253500.0,155671.0,-0.0019685039370078
2017-11-10 00:00:00,254500.0,256500.0,254000.0,256000.0,129719.0,0.009861932938856
2017-11-13 00:00:00,254500.0,257000.0,251000.0,252500.0,192704.0,-0.013671875
2017-11-14 00:00:00,253500.0,254500.0,249000.0,251000.0,177107.0,-0.0059405940594059
2017-11-15 00:00:00,252000.0,253000.0,248500.0,252000.0,120209.0,0.0039840637450199
2017-11-16 00:00:00,255000.0,256500.0,253500.0,255500.0,123785.0,0.0138888888888888
2017-11-17 00:00:00,256000.0,256500.0,252500.0,254500.0,148338.0,-0.0039138943248532
2017-11-20 00:00:00,253500.0,254000.0,250500.0,250500.0,111289.0,-0.0157170923379175
2017-11-21 00:00:00,252000.0,253000.0,250500.0,250500.0,87703.0,0.0
2017-11-22 00:00:00,251500.0,260500.0,251000.0,260500.0,251230.0,0.0399201596806386
2017-11-23 00:00:00,262500.0,262500.0,258000.0,260000.0,161178.0,-0.0019193857965451
2017-11-24 00:00:00,262500.0,262500.0,259000.0,261500.0,107533.0,0.0057692307692307
2017-11-27 00:00:00,262500.0,262500.0,257000.0,260000.0,120008.0,-0.0057361376673039
2017-11-28 00:00:00,259500.0,259500.0,255000.0,259000.0,172454.0,-0.0038461538461538
2017-11-29 00:00:00,256500.0,259000.0,255000.0,256000.0,106361.0,-0.0115830115830115
2017-11-30 00:00:00,260500.0,267000.0,258500.0,264000.0,360444.0,0.03125
2017-12-01 00:00:00,266000.0,267000.0,262500.0,265000.0,158382.0,0.0037878787878788
2017-12-04 00:00:00,268000.0,270000.0,265500.0,269500.0,172999.0,0.0169811320754718
2017-12-05 00:00:00,267500.0,276500.0,267000.0,275500.0,283037.0,0.0222634508348793
2017-12-06 00:00:00,275500.0,278000.0,274000.0,275500.0,206927.0,0.0
2017-12-07 00:00:00,275000.0,279500.0,273500.0,277500.0,229193.0,0.0072595281306715
2017-12-08 00:00:00,276000.0,281500.0,270000.0,271500.0,260389.0,-0.0216216216216216
2017-12-11 00:00:00,270000.0,275500.0,269500.0,274500.0,126433.0,0.011049723756906
2017-12-12 00:00:00,274500.0,275500.0,269500.0,270000.0,165530.0,-0.0163934426229508
2017-12-13 00:00:00,269500.0,279000.0,268500.0,276500.0,175642.0,0.0240740740740741
2017-12-14 00:00:00,276000.0,282000.0,273000.0,274500.0,311676.0,-0.0072332730560579
2017-12-15 00:00:00,276500.0,280000.0,275000.0,277000.0,140670.0,0.0091074681238616
2017-12-18 00:00:00,279000.0,279000.0,270500.0,272500.0,198104.0,-0.0162454873646209
2017-12-19 00:00:00,273000.0,275500.0,271000.0,273000.0,103005.0,0.001834862385321
2017-12-20 00:00:00,271500.0,275000.0,271500.0,272000.0,125141.0,-0.0036630036630036
2017-12-21 00:00:00,271000.0,274500.0,271000.0,272000.0,144839.0,0.0
2017-12-22 00:00:00,274000.0,276000.0,272000.0,274000.0,113643.0,0.0073529411764705
2017-12-26 00:00:00,275000.0,279000.0,274000.0,278000.0,187753.0,0.0145985401459853
2017-12-27 00:00:00,270000.0,270500.0,266000.0,267500.0,150137.0,-0.0377697841726618
2017-12-28 00:00:00,268500.0,269000.0,265500.0,267000.0,114283.0,-0.0018691588785046
2018-01-02 00:00:00,267000.0,269500.0,265000.0,265500.0,84282.0,-0.0056179775280899
2018-01-03 00:00:00,265000.0,266500.0,261000.0,262000.0,188049.0,-0.0131826741996233
2018-01-04 00:00:00,262500.0,263000.0,259000.0,259500.0,205894.0,-0.0095419847328244
2018-01-05 00:00:00,259000.0,268500.0,259000.0,267500.0,234342.0,0.0308285163776493
2018-01-08 00:00:00,268000.0,268000.0,263500.0,266000.0,112969.0,-0.0056074766355139
2018-01-09 00:00:00,266000.0,277000.0,265000.0,276000.0,263530.0,0.037593984962406
2018-01-10 00:00:00,274500.0,275500.0,267500.0,268500.0,226981.0,-0.0271739130434782
2018-01-11 00:00:00,269500.0,273000.0,268000.0,268500.0,194631.0,0.0
2018-01-12 00:00:00,267500.0,269000.0,266000.0,267000.0,157755.0,-0.0055865921787709
2018-01-15 00:00:00,267000.0,268000.0,264000.0,266000.0,140900.0,-0.0037453183520599
2018-01-16 00:00:00,266000.0,268500.0,264500.0,266000.0,95879.0,0.0
2018-01-17 00:00:00,266000.0,273000.0,266000.0,266500.0,168931.0,0.0018796992481202
2018-01-18 00:00:00,271000.0,279500.0,267500.0,278000.0,289341.0,0.0431519699812383
2018-01-19 00:00:00,276500.0,281500.0,273000.0,280000.0,188070.0,0.0071942446043165
2018-01-22 00:00:00,280000.0,280000.0,274000.0,274000.0,106764.0,-0.0214285714285714
2018-01-23 00:00:00,276000.0,280000.0,273500.0,274000.0,164955.0,0.0
2018-01-24 00:00:00,274000.0,276500.0,271500.0,274000.0,126749.0,0.0
2018-01-25 00:00:00,272500.0,273000.0,265500.0,266500.0,271858.0,-0.0273722627737226
2018-01-26 00:00:00,265000.0,268500.0,263500.0,267500.0,147904.0,0.0037523452157599
2018-01-29 00:00:00,268500.0,271000.0,265000.0,265500.0,180627.0,-0.0074766355140186
2018-01-30 00:00:00,265000.0,269000.0,265000.0,267000.0,183371.0,0.0056497175141243
2018-01-31 00:00:00,266000.0,268500.0,261000.0,265500.0,202799.0,-0.0056179775280899
2018-02-01 00:00:00,265000.0,267000.0,261500.0,261500.0,170235.0,-0.0150659133709981
2018-02-02 00:00:00,262000.0,264500.0,261000.0,262000.0,142187.0,0.0019120458891013
2018-02-05 00:00:00,261000.0,263000.0,258000.0,260000.0,160660.0,-0.0076335877862595
2018-02-06 00:00:00,258000.0,258000.0,251000.0,255500.0,175093.0,-0.0173076923076923
2018-02-07 00:00:00,253500.0,254500.0,246000.0,248000.0,326122.0,-0.0293542074363992
2018-02-08 00:00:00,244500.0,248000.0,243000.0,244000.0,247700.0,-0.0161290322580645
2018-02-09 00:00:00,240000.0,244000.0,236500.0,240000.0,237499.0,-0.0163934426229508
2018-02-12 00:00:00,240500.0,241500.0,237500.0,240000.0,151051.0,0.0
2018-02-13 00:00:00,241000.0,242500.0,237000.0,240500.0,179127.0,0.0020833333333334
2018-02-14 00:00:00,242500.0,246500.0,241000.0,244000.0,118644.0,0.0145530145530146
2018-02-19 00:00:00,248000.0,248000.0,242000.0,243500.0,101187.0,-0.0020491803278688
2018-02-20 00:00:00,244000.0,247000.0,243500.0,245000.0,104483.0,0.0061601642710471
2018-02-21 00:00:00,247500.0,247500.0,244000.0,246000.0,127927.0,0.0040816326530612
2018-02-22 00:00:00,244500.0,245000.0,238500.0,240000.0,212200.0,-0.024390243902439
2018-02-23 00:00:00,240000.0,241500.0,239000.0,241500.0,135948.0,0.00625
2018-02-26 00:00:00,241000.0,241500.0,238500.0,239500.0,160207.0,-0.0082815734989648
2018-02-27 00:00:00,240500.0,243500.0,239500.0,241000.0,151694.0,0.0062630480167014
2018-02-28 00:00:00,240500.0,241000.0,238500.0,240000.0,142015.0,-0.0041493775933609
2018-03-02 00:00:00,237000.0,237500.0,232500.0,234500.0,176411.0,-0.0229166666666666
2018-03-05 00:00:00,233500.0,236500.0,233000.0,234000.0,98455.0,-0.0021321961620469
2018-03-06 00:00:00,235000.0,236000.0,230500.0,232000.0,255727.0,-0.0085470085470085
2018-03-07 00:00:00,230500.0,234000.0,229000.0,232000.0,157796.0,0.0
2018-03-08 00:00:00,234500.0,234500.0,229000.0,229500.0,282839.0,-0.0107758620689655
2018-03-09 00:00:00,230500.0,235500.0,230500.0,233500.0,168080.0,0.0174291938997821
2018-03-12 00:00:00,234500.0,237500.0,232000.0,236000.0,166133.0,0.0107066381156317
2018-03-13 00:00:00,234000.0,237500.0,233000.0,235000.0,224561.0,-0.0042372881355932
2018-03-14 00:00:00,233500.0,234500.0,231000.0,232500.0,160355.0,-0.0106382978723403
2018-03-15 00:00:00,232500.0,238000.0,231500.0,236500.0,159220.0,0.0172043010752687
2018-03-16 00:00:00,237000.0,242500.0,237000.0,239500.0,215339.0,0.0126849894291753
2018-03-19 00:00:00,239500.0,239500.0,236000.0,239000.0,193083.0,-0.0020876826722338
2018-03-20 00:00:00,236500.0,236500.0,232000.0,232500.0,226322.0,-0.0271966527196653
2018-03-21 00:00:00,231500.0,234000.0,230000.0,230000.0,251698.0,-0.010752688172043
2018-03-22 00:00:00,230500.0,232500.0,230000.0,231500.0,144314.0,0.0065217391304348
2018-03-23 00:00:00,230000.0,230500.0,227500.0,228500.0,189547.0,-0.0129589632829373
2018-03-26 00:00:00,227500.0,228000.0,224000.0,226500.0,184391.0,-0.0087527352297592
2018-03-27 00:00:00,227000.0,230500.0,224500.0,228000.0,135504.0,0.0066225165562914
2018-03-28 00:00:00,226500.0,228000.0,224000.0,226500.0,135695.0,-0.0065789473684209
2018-03-29 00:00:00,227000.0,231000.0,226500.0,230000.0,153802.0,0.0154525386313466
2018-03-30 00:00:00,231500.0,235000.0,230500.0,233500.0,153378.0,0.0152173913043478
2018-04-02 00:00:00,233500.0,236000.0,233000.0,235000.0,119524.0,0.006423982869379
2018-04-03 00:00:00,233500.0,238500.0,232500.0,237000.0,211510.0,0.0085106382978723
2018-04-04 00:00:00,235500.0,237000.0,233000.0,234500.0,160523.0,-0.010548523206751
2018-04-05 00:00:00,234500.0,236000.0,232000.0,233000.0,158335.0,-0.0063965884861407
2018-04-06 00:00:00,232000.0,234000.0,230500.0,232500.0,137492.0,-0.0021459227467811
2018-04-09 00:00:00,232000.0,236500.0,231500.0,235000.0,138841.0,0.010752688172043
2018-04-10 00:00:00,233000.0,234000.0,231000.0,232500.0,176331.0,-0.0106382978723403
2018-04-11 00:00:00,231000.0,232500.0,230500.0,231000.0,192187.0,-0.0064516129032258
2018-04-12 00:00:00,230500.0,231500.0,229000.0,229000.0,255470.0,-0.0086580086580086
2018-04-13 00:00:00,226500.0,227500.0,222000.0,224000.0,438740.0,-0.0218340611353712
2018-04-16 00:00:00,224000.0,225500.0,222000.0,225500.0,171889.0,0.0066964285714286
2018-04-17 00:00:00,224000.0,226000.0,222000.0,223500.0,174675.0,-0.0088691796008869
2018-04-18 00:00:00,222500.0,224500.0,221000.0,222000.0,222901.0,-0.0067114093959731
2018-04-19 00:00:00,222000.0,225000.0,221500.0,222000.0,207921.0,0.0
2018-04-20 00:00:00,224000.0,226000.0,222000.0,225000.0,166968.0,0.0135135135135135
2018-04-23 00:00:00,225500.0,226500.0,224000.0,226000.0,129042.0,0.0044444444444444
2018-04-24 00:00:00,226500.0,226500.0,223000.0,223500.0,150750.0,-0.0110619469026548
2018-04-25 00:00:00,224500.0,227500.0,224000.0,226500.0,147954.0,0.0134228187919462
2018-04-26 00:00:00,226500.0,226500.0,222000.0,222500.0,212787.0,-0.0176600441501103
2018-04-27 00:00:00,222000.0,226500.0,221500.0,226500.0,190233.0,0.0179775280898877
2018-04-30 00:00:00,228000.0,228500.0,225500.0,228500.0,143557.0,0.0088300220750552
2018-05-02 00:00:00,228500.0,228500.0,226000.0,228500.0,155263.0,0.0
2018-05-03 00:00:00,227500.0,232500.0,227000.0,231500.0,163122.0,0.0131291028446389
2018-05-04 00:00:00,229000.0,232500.0,228500.0,230500.0,187784.0,-0.0043196544276458
2018-05-08 00:00:00,229000.0,231500.0,227500.0,228000.0,156481.0,-0.0108459869848156
2018-05-09 00:00:00,227000.0,229500.0,224500.0,226000.0,288474.0,-0.0087719298245614
2018-05-10 00:00:00,226500.0,226500.0,222500.0,222500.0,267451.0,-0.0154867256637167
2018-05-11 00:00:00,223000.0,225000.0,222500.0,224500.0,99109.0,0.0089887640449437
2018-05-14 00:00:00,223500.0,224000.0,220000.0,221000.0,218847.0,-0.0155902004454342
2018-05-15 00:00:00,220500.0,222000.0,219000.0,220500.0,113543.0,-0.002262443438914
2018-05-16 00:00:00,220500.0,222000.0,220000.0,221000.0,112939.0,0.002267573696145
2018-05-17 00:00:00,221500.0,222500.0,220500.0,222000.0,87217.0,0.004524886877828
2018-05-18 00:00:00,222000.0,223000.0,221000.0,223000.0,84767.0,0.0045045045045044
2018-05-21 00:00:00,223000.0,223500.0,221000.0,222500.0,73057.0,-0.0022421524663677
2018-05-23 00:00:00,223500.0,225000.0,222500.0,224500.0,263785.0,0.0089887640449437
2018-05-24 00:00:00,224500.0,225000.0,222500.0,224000.0,123644.0,-0.0022271714922048
2018-05-25 00:00:00,225000.0,228000.0,223000.0,227500.0,238144.0,0.015625
2018-05-28 00:00:00,227500.0,227500.0,224500.0,227500.0,94566.0,0.0
2018-05-29 00:00:00,226500.0,228000.0,225500.0,227500.0,88355.0,0.0
2018-05-30 00:00:00,225500.0,225500.0,222000.0,223000.0,181071.0,-0.0197802197802198
2018-05-31 00:00:00,222500.0,224000.0,221000.0,222000.0,206527.0,-0.0044843049327354
2018-06-01 00:00:00,224000.0,224000.0,221000.0,222000.0,84766.0,0.0
2018-06-04 00:00:00,222500.0,224500.0,221500.0,223000.0,103839.0,0.0045045045045044
2018-06-05 00:00:00,222500.0,224000.0,222000.0,222500.0,114219.0,-0.0022421524663677
2018-06-07 00:00:00,225500.0,227500.0,224000.0,226500.0,167870.0,0.0179775280898877
2018-06-08 00:00:00,231000.0,234000.0,228500.0,230000.0,248808.0,0.0154525386313466
2018-06-11 00:00:00,232000.0,241500.0,230500.0,241000.0,493788.0,0.0478260869565216
2018-06-12 00:00:00,241000.0,247500.0,240000.0,246500.0,496297.0,0.0228215767634853
2018-06-14 00:00:00,246000.0,247500.0,240000.0,241500.0,475496.0,-0.0202839756592292
2018-06-15 00:00:00,241500.0,242000.0,234500.0,234500.0,383841.0,-0.0289855072463768
2018-06-18 00:00:00,237000.0,244500.0,236000.0,237500.0,362647.0,0.0127931769722815
2018-06-19 00:00:00,237000.0,240000.0,230500.0,235500.0,259609.0,-0.0084210526315789
2018-06-20 00:00:00,238000.0,244500.0,235000.0,241500.0,308843.0,0.0254777070063694
2018-06-21 00:00:00,237500.0,245000.0,236500.0,243000.0,209128.0,0.0062111801242235
2018-06-22 00:00:00,240000.0,243500.0,239500.0,242000.0,141907.0,-0.0041152263374485
2018-06-25 00:00:00,240000.0,242000.0,234000.0,237000.0,169243.0,-0.0206611570247934
2018-06-26 00:00:00,237000.0,238000.0,233500.0,237000.0,118980.0,0.0
2018-06-27 00:00:00,234000.0,237000.0,233500.0,235000.0,142578.0,-0.0084388185654008
2018-06-28 00:00:00,233000.0,236000.0,230500.0,231500.0,136356.0,-0.0148936170212765
2018-06-29 00:00:00,234000.0,234500.0,231500.0,233000.0,144486.0,0.0064794816414686
2018-07-02 00:00:00,232000.0,234500.0,230000.0,230500.0,104333.0,-0.0107296137339055
2018-07-03 00:00:00,231500.0,233000.0,227500.0,229000.0,116194.0,-0.0065075921908893
2018-07-04 00:00:00,227500.0,229500.0,225500.0,228500.0,89207.0,-0.002183406113537
2018-07-05 00:00:00,227500.0,230000.0,227000.0,228000.0,58828.0,-0.0021881838074397
2018-07-06 00:00:00,228000.0,230000.0,225000.0,227500.0,154257.0,-0.0021929824561403
2018-07-09 00:00:00,227500.0,229500.0,226000.0,228500.0,102864.0,0.0043956043956043
2018-07-10 00:00:00,230000.0,234000.0,228500.0,233000.0,193271.0,0.0196936542669583
2018-07-11 00:00:00,233500.0,238000.0,233000.0,237500.0,253252.0,0.0193133047210301
2018-07-12 00:00:00,238000.0,238000.0,235000.0,237500.0,158375.0,0.0
2018-07-13 00:00:00,239500.0,241000.0,238000.0,240500.0,166888.0,0.0126315789473683
2018-07-16 00:00:00,238500.0,240000.0,236000.0,237000.0,105473.0,-0.0145530145530144
2018-07-17 00:00:00,236000.0,238000.0,235000.0,238000.0,58474.0,0.0042194092827003
2018-07-18 00:00:00,237000.0,239000.0,235500.0,237500.0,91133.0,-0.0021008403361344
2018-07-19 00:00:00,236500.0,237500.0,235000.0,236500.0,83538.0,-0.0042105263157894
2018-07-20 00:00:00,236500.0,241000.0,234500.0,239500.0,127304.0,0.0126849894291753
2018-07-23 00:00:00,239500.0,241500.0,238500.0,240500.0,97555.0,0.0041753653444676
2018-07-24 00:00:00,241000.0,242500.0,239500.0,241000.0,114167.0,0.002079002079002
2018-07-25 00:00:00,239500.0,243000.0,239500.0,242000.0,106615.0,0.0041493775933609
2018-07-26 00:00:00,243000.0,243000.0,236000.0,239000.0,122205.0,-0.0123966942148759
2018-07-27 00:00:00,243000.0,243000.0,239000.0,242000.0,80926.0,0.0125523012552302
2018-07-30 00:00:00,241000.0,247500.0,240500.0,245000.0,240642.0,0.0123966942148761
2018-07-31 00:00:00,247000.0,252000.0,246500.0,250500.0,218443.0,0.0224489795918367
2018-08-01 00:00:00,254000.0,255000.0,247000.0,247000.0,185773.0,-0.0139720558882235
2018-08-02 00:00:00,249500.0,254000.0,249000.0,253000.0,212965.0,0.0242914979757085
2018-08-03 00:00:00,253500.0,258500.0,252500.0,257000.0,183711.0,0.0158102766798418
2018-08-06 00:00:00,259500.0,260000.0,257500.0,259500.0,155907.0,0.0097276264591439
2018-08-07 00:00:00,257000.0,257500.0,249500.0,250500.0,200726.0,-0.0346820809248554
2018-08-08 00:00:00,252000.0,253000.0,249000.0,252000.0,95808.0,0.0059880239520957
2018-08-09 00:00:00,255000.0,258500.0,253000.0,257000.0,188919.0,0.0198412698412697
2018-08-10 00:00:00,255000.0,259000.0,253000.0,256500.0,123977.0,-0.0019455252918287
2018-08-13 00:00:00,253000.0,258500.0,253000.0,257000.0,135095.0,0.0019493177387914
2018-08-14 00:00:00,259000.0,259500.0,254500.0,259500.0,107218.0,0.0097276264591439
2018-08-16 00:00:00,261000.0,265500.0,259500.0,264500.0,330055.0,0.0192678227360307
2018-08-17 00:00:00,264000.0,264000.0,257000.0,261500.0,160099.0,-0.0113421550094517
2018-08-20 00:00:00,263500.0,264000.0,258000.0,262000.0,124525.0,0.0019120458891013
2018-08-21 00:00:00,258500.0,259000.0,254500.0,257000.0,183222.0,-0.0190839694656488
2018-08-22 00:00:00,254500.0,256500.0,252000.0,254000.0,152092.0,-0.0116731517509727
2018-08-23 00:00:00,255000.0,259500.0,253000.0,258500.0,125231.0,0.0177165354330708
2018-08-24 00:00:00,258000.0,263500.0,255500.0,263500.0,152874.0,0.0193423597678916
2018-08-27 00:00:00,264500.0,265000.0,259500.0,261000.0,153181.0,-0.0094876660341556
2018-08-28 00:00:00,259500.0,262500.0,258000.0,262000.0,114988.0,0.0038314176245211
2018-08-29 00:00:00,262500.0,264000.0,260500.0,263500.0,103999.0,0.0057251908396946
2018-08-30 00:00:00,263500.0,263500.0,260000.0,261000.0,115422.0,-0.0094876660341556
2018-08-31 00:00:00,260000.0,262500.0,258500.0,262500.0,154240.0,0.0057471264367816
2018-09-03 00:00:00,261000.0,262500.0,255500.0,256500.0,104518.0,-0.0228571428571429
2018-09-04 00:00:00,257000.0,264000.0,257000.0,262000.0,110710.0,0.0214424951267055
2018-09-05 00:00:00,261000.0,264500.0,259000.0,262500.0,114317.0,0.0019083969465649
2018-09-06 00:00:00,262500.0,265000.0,261500.0,261500.0,81581.0,-0.0038095238095238
2018-09-07 00:00:00,264000.0,265000.0,261000.0,263500.0,124008.0,0.0076481835564052
2018-09-10 00:00:00,261500.0,267000.0,261500.0,265500.0,149200.0,0.0075901328273244
2018-09-11 00:00:00,266500.0,273500.0,264500.0,271500.0,264519.0,0.0225988700564971
2018-09-12 00:00:00,272000.0,275000.0,270500.0,274000.0,215245.0,0.0092081031307551
2018-09-13 00:00:00,275500.0,277500.0,272000.0,276000.0,217240.0,0.0072992700729928
2018-09-14 00:00:00,277000.0,280500.0,276000.0,277000.0,169510.0,0.0036231884057971
2018-09-17 00:00:00,274000.0,281000.0,274000.0,278500.0,106956.0,0.0054151624548737
2018-09-18 00:00:00,276000.0,279000.0,274000.0,277000.0,178311.0,-0.0053859964093356
2018-09-19 00:00:00,275000.0,276500.0,267000.0,269500.0,200824.0,-0.0270758122743682
2018-09-20 00:00:00,269500.0,273000.0,267000.0,271500.0,159873.0,0.007421150278293
2018-09-21 00:00:00,273000.0,273000.0,269500.0,269500.0,148397.0,-0.007366482504604
2018-09-27 00:00:00,268000.0,277000.0,267500.0,275000.0,281368.0,0.0204081632653061
2018-09-28 00:00:00,275500.0,284000.0,275000.0,282000.0,239286.0,0.0254545454545453
2018-10-01 00:00:00,282000.0,282000.0,274000.0,275500.0,91541.0,-0.0230496453900709
2018-10-02 00:00:00,275000.0,278000.0,269500.0,272000.0,129721.0,-0.012704174228675
2018-10-04 00:00:00,273500.0,282500.0,272500.0,279500.0,203466.0,0.0275735294117647
2018-10-05 00:00:00,282000.0,283000.0,276000.0,281000.0,130994.0,0.0053667262969587
2018-10-08 00:00:00,282000.0,282000.0,276000.0,278500.0,86030.0,-0.0088967971530249
2018-10-10 00:00:00,285000.0,286500.0,281000.0,285000.0,195126.0,0.0233393177737881
2018-10-11 00:00:00,281500.0,284000.0,270000.0,270000.0,234179.0,-0.0526315789473684
2018-10-12 00:00:00,271000.0,275500.0,267000.0,270000.0,172175.0,0.0
2018-10-15 00:00:00,265500.0,270000.0,263000.0,268500.0,152987.0,-0.0055555555555555
2018-10-16 00:00:00,271000.0,273500.0,265000.0,268000.0,124656.0,-0.0018621973929237
2018-10-17 00:00:00,264500.0,274500.0,264500.0,274000.0,135312.0,0.0223880597014924
2018-10-18 00:00:00,274000.0,282000.0,272000.0,279500.0,170210.0,0.0200729927007299
2018-10-19 00:00:00,278500.0,286000.0,277500.0,282500.0,240265.0,0.0107334525939177
2018-10-22 00:00:00,281000.0,288000.0,281000.0,286000.0,118846.0,0.0123893805309733
2018-10-23 00:00:00,283000.0,284500.0,281000.0,283000.0,178288.0,-0.0104895104895105
2018-10-24 00:00:00,288000.0,288000.0,277000.0,278500.0,270956.0,-0.0159010600706713
2018-10-25 00:00:00,283000.0,287000.0,280000.0,283500.0,366619.0,0.0179533213644524
2018-10-26 00:00:00,282500.0,282500.0,270500.0,275000.0,325214.0,-0.0299823633156967
2018-10-29 00:00:00,278000.0,285000.0,275000.0,276000.0,159130.0,0.0036363636363636
2018-10-30 00:00:00,274500.0,275000.0,263500.0,269000.0,222389.0,-0.0253623188405797
2018-10-31 00:00:00,266000.0,268500.0,260500.0,268000.0,280065.0,-0.0037174721189591
2018-11-01 00:00:00,266500.0,269500.0,260500.0,261500.0,220333.0,-0.0242537313432835
2018-11-02 00:00:00,261500.0,262000.0,255000.0,257500.0,301613.0,-0.0152963671128106
2018-11-05 00:00:00,258500.0,264000.0,258500.0,263500.0,219750.0,0.0233009708737863
2018-11-06 00:00:00,265500.0,266500.0,259000.0,262500.0,129066.0,-0.0037950664136622
2018-11-07 00:00:00,264500.0,271500.0,263500.0,268500.0,201638.0,0.0228571428571429
2018-11-08 00:00:00,270000.0,273000.0,265000.0,267500.0,200064.0,-0.0037243947858472
2018-11-09 00:00:00,266500.0,267500.0,262500.0,266000.0,112373.0,-0.0056074766355139
2018-11-12 00:00:00,265500.0,268000.0,259500.0,267000.0,110567.0,0.0037593984962405
2018-11-13 00:00:00,267500.0,271000.0,262000.0,266500.0,160541.0,-0.0018726591760299
2018-11-14 00:00:00,265000.0,271500.0,265000.0,270000.0,104739.0,0.0131332082551594
2018-11-15 00:00:00,268000.0,269000.0,264000.0,267000.0,116483.0,-0.011111111111111
2018-11-16 00:00:00,267000.0,282500.0,267000.0,279000.0,175679.0,0.0449438202247192
2018-11-19 00:00:00,279000.0,280000.0,273500.0,276000.0,118570.0,-0.010752688172043
2018-11-20 00:00:00,276000.0,284500.0,275500.0,282500.0,209845.0,0.0235507246376811
2018-11-21 00:00:00,277000.0,283500.0,277000.0,280000.0,220684.0,-0.0088495575221239
2018-11-22 00:00:00,279500.0,287500.0,277000.0,286500.0,150170.0,0.0232142857142856
2018-11-23 00:00:00,286500.0,288000.0,283000.0,284000.0,79464.0,-0.0087260034904014
2018-11-26 00:00:00,283000.0,283000.0,277000.0,279500.0,146279.0,-0.0158450704225352
2018-11-27 00:00:00,277000.0,281500.0,276500.0,278500.0,127832.0,-0.0035778175313059
2018-11-28 00:00:00,280000.0,290000.0,279000.0,284000.0,230986.0,0.0197486535008977
2018-11-29 00:00:00,285000.0,289000.0,283500.0,284000.0,219989.0,0.0
2018-11-30 00:00:00,285000.0,291000.0,282500.0,289500.0,261994.0,0.0193661971830985
2018-12-03 00:00:00,289500.0,289500.0,282000.0,282000.0,176491.0,-0.0259067357512953
2018-12-04 00:00:00,281500.0,282500.0,277500.0,278000.0,238856.0,-0.0141843971631205
2018-12-05 00:00:00,281500.0,285000.0,278000.0,282000.0,174313.0,0.014388489208633
2018-12-06 00:00:00,284500.0,290000.0,282500.0,287500.0,209671.0,0.0195035460992907
2018-12-07 00:00:00,286000.0,286500.0,283000.0,283000.0,125079.0,-0.0156521739130435
2018-12-10 00:00:00,282000.0,289500.0,279000.0,283500.0,172211.0,0.0017667844522968
2018-12-11 00:00:00,284000.0,288500.0,282000.0,287500.0,156179.0,0.0141093474426807
2018-12-12 00:00:00,288000.0,288000.0,281000.0,283000.0,185578.0,-0.0156521739130435
2018-12-13 00:00:00,281500.0,282500.0,278000.0,280000.0,292632.0,-0.0106007067137808
2018-12-14 00:00:00,280000.0,283000.0,278500.0,280000.0,120473.0,0.0
2018-12-17 00:00:00,277500.0,281000.0,276000.0,277000.0,156269.0,-0.0107142857142856
2018-12-18 00:00:00,277000.0,279500.0,267000.0,270000.0,282188.0,-0.0252707581227437
2018-12-19 00:00:00,271000.0,278500.0,270500.0,273000.0,230546.0,0.011111111111111
2018-12-20 00:00:00,275000.0,275500.0,265500.0,273000.0,195325.0,0.0
2018-12-21 00:00:00,273000.0,277000.0,270000.0,276000.0,138290.0,0.0109890109890109
2018-12-24 00:00:00,276000.0,279000.0,272500.0,276000.0,140371.0,0.0
2018-12-26 00:00:00,273500.0,275000.0,266500.0,269000.0,176880.0,-0.0253623188405797
2018-12-27 00:00:00,262000.0,268500.0,258000.0,266000.0,144013.0,-0.0111524163568773
2018-12-28 00:00:00,265500.0,273000.0,262500.0,269500.0,163072.0,0.013157894736842
2019-01-02 00:00:00,267500.0,273500.0,267500.0,272500.0,129645.0,0.0111317254174396
2019-01-03 00:00:00,273000.0,281000.0,269500.0,275500.0,290477.0,0.0110091743119264
2019-01-04 00:00:00,278000.0,281500.0,274500.0,279500.0,224142.0,0.014519056261343
2019-01-07 00:00:00,281000.0,281000.0,276500.0,276500.0,120116.0,-0.0107334525939176
2019-01-08 00:00:00,279000.0,279000.0,272000.0,276000.0,101033.0,-0.0018083182640145
2019-01-09 00:00:00,275500.0,277000.0,268000.0,269500.0,253453.0,-0.0235507246376811
2019-01-10 00:00:00,270000.0,271500.0,267000.0,271000.0,182475.0,0.0055658627087198
2019-01-11 00:00:00,269000.0,269000.0,263500.0,263500.0,222926.0,-0.0276752767527674
2019-01-14 00:00:00,264500.0,268000.0,264000.0,267000.0,132809.0,0.0132827324478177
2019-01-15 00:00:00,267500.0,270000.0,265500.0,268500.0,104085.0,0.0056179775280897
2019-01-16 00:00:00,267000.0,268500.0,265500.0,267500.0,93191.0,-0.0037243947858472
2019-01-17 00:00:00,265500.0,270000.0,264500.0,268500.0,112878.0,0.0037383177570093
2019-01-18 00:00:00,270000.0,271000.0,267000.0,269500.0,71712.0,0.0037243947858474
2019-01-21 00:00:00,269500.0,270000.0,261000.0,263500.0,185444.0,-0.0222634508348794
2019-01-22 00:00:00,263500.0,265000.0,261000.0,264000.0,109329.0,0.0018975332068311
2019-01-23 00:00:00,264000.0,270500.0,263500.0,269000.0,169747.0,0.0189393939393939
2019-01-24 00:00:00,268000.0,271500.0,266500.0,271000.0,139070.0,0.0074349442379182
2019-01-25 00:00:00,268500.0,271500.0,268500.0,269000.0,135959.0,-0.007380073800738
2019-01-28 00:00:00,267500.0,274500.0,266500.0,272500.0,151843.0,0.0130111524163569
2019-01-29 00:00:00,272000.0,275000.0,267500.0,267500.0,155034.0,-0.018348623853211
2019-01-30 00:00:00,269000.0,269000.0,257500.0,258500.0,451714.0,-0.033644859813084
2019-01-31 00:00:00,259000.0,259500.0,256000.0,258000.0,234773.0,-0.0019342359767892
2019-02-01 00:00:00,258500.0,262000.0,258000.0,260000.0,261731.0,0.0077519379844961
2019-02-07 00:00:00,260500.0,261000.0,258000.0,259500.0,186254.0,-0.0019230769230769
2019-02-08 00:00:00,258500.0,262500.0,258000.0,261000.0,237479.0,0.0057803468208093
2019-02-11 00:00:00,262000.0,262500.0,260000.0,261000.0,169710.0,0.0
2019-02-12 00:00:00,261500.0,264500.0,259500.0,259500.0,221733.0,-0.0057471264367816
2019-02-13 00:00:00,260500.0,260500.0,258000.0,259500.0,146018.0,0.0
2019-02-14 00:00:00,259000.0,260000.0,256500.0,260000.0,249584.0,0.0019267822736031
2019-02-15 00:00:00,258000.0,259500.0,253000.0,255000.0,355512.0,-0.0192307692307692
2019-02-18 00:00:00,256000.0,260000.0,255500.0,259500.0,195513.0,0.0176470588235293
2019-02-19 00:00:00,260500.0,262000.0,259000.0,260000.0,135575.0,0.0019267822736031
2019-02-20 00:00:00,259000.0,261500.0,258000.0,260000.0,136969.0,0.0
2019-02-21 00:00:00,259500.0,261500.0,258000.0,259000.0,131648.0,-0.0038461538461538
2019-02-22 00:00:00,259500.0,261000.0,258000.0,261000.0,125679.0,0.0077220077220077
2019-02-25 00:00:00,263500.0,264500.0,259000.0,260000.0,191293.0,-0.0038314176245211
2019-02-26 00:00:00,260000.0,261000.0,258500.0,259500.0,104634.0,-0.0019230769230769
2019-02-27 00:00:00,259500.0,263500.0,258500.0,263000.0,177733.0,0.0134874759152214
2019-02-28 00:00:00,262000.0,264000.0,260500.0,260500.0,281128.0,-0.0095057034220532
2019-03-04 00:00:00,260000.0,263500.0,258500.0,261000.0,184973.0,0.0019193857965451
2019-03-05 00:00:00,260500.0,263000.0,259000.0,261000.0,166007.0,0.0
2019-03-06 00:00:00,261500.0,261500.0,258000.0,258000.0,149494.0,-0.0114942528735632
2019-03-07 00:00:00,255000.0,258000.0,253000.0,254000.0,160518.0,-0.0155038759689922
2019-03-08 00:00:00,253500.0,256000.0,251500.0,252000.0,96589.0,-0.0078740157480314
2019-03-11 00:00:00,252000.0,253000.0,248000.0,249000.0,159827.0,-0.0119047619047618
2019-03-12 00:00:00,250500.0,251000.0,248000.0,248000.0,130843.0,-0.0040160642570281
2019-03-13 00:00:00,248000.0,248500.0,244000.0,245500.0,226633.0,-0.0100806451612903
2019-03-14 00:00:00,246000.0,249000.0,244500.0,246500.0,239756.0,0.0040733197556008
2019-03-15 00:00:00,247500.0,254000.0,247500.0,253500.0,217149.0,0.0283975659229209
2019-03-18 00:00:00,253500.0,255500.0,250000.0,252000.0,118358.0,-0.0059171597633136
2019-03-19 00:00:00,250500.0,253500.0,249500.0,253000.0,157773.0,0.0039682539682539
2019-03-20 00:00:00,251500.0,254500.0,249500.0,251000.0,118856.0,-0.0079051383399209
2019-03-21 00:00:00,250000.0,251500.0,248500.0,249500.0,126455.0,-0.0059760956175298
2019-03-22 00:00:00,248000.0,253500.0,247000.0,252000.0,234327.0,0.0100200400801602
2019-03-25 00:00:00,253500.0,256500.0,251000.0,253000.0,286873.0,0.0039682539682539
2019-03-26 00:00:00,253000.0,253500.0,250500.0,250500.0,145145.0,-0.0098814229249012
2019-03-27 00:00:00,250000.0,255000.0,249500.0,253000.0,144738.0,0.0099800399201597
2019-03-28 00:00:00,254000.0,256000.0,250500.0,251500.0,244823.0,-0.0059288537549406
2019-03-29 00:00:00,249000.0,251500.0,248500.0,251500.0,192208.0,0.0
2019-04-01 00:00:00,251500.0,255500.0,251000.0,254500.0,185990.0,0.0119284294234591
2019-04-02 00:00:00,253500.0,254500.0,250000.0,251000.0,177095.0,-0.0137524557956778
2019-04-03 00:00:00,249500.0,250000.0,241000.0,243000.0,654331.0,-0.0318725099601593
2019-04-04 00:00:00,245000.0,247000.0,243000.0,245500.0,284811.0,0.0102880658436212
2019-04-05 00:00:00,246500.0,247000.0,244000.0,246500.0,160942.0,0.0040733197556008
2019-04-08 00:00:00,246500.0,247000.0,243500.0,245500.0,162645.0,-0.0040567951318458
2019-04-09 00:00:00,244500.0,246000.0,243500.0,244000.0,113083.0,-0.0061099796334012
2019-04-10 00:00:00,244000.0,246500.0,244000.0,246500.0,132647.0,0.0102459016393443
2019-04-11 00:00:00,247500.0,247500.0,245000.0,245000.0,174119.0,-0.0060851926977687
2019-04-12 00:00:00,246000.0,246000.0,244000.0,245000.0,112348.0,0.0
2019-04-15 00:00:00,244500.0,247000.0,244500.0,246000.0,104513.0,0.0040816326530612
2019-04-16 00:00:00,245000.0,248000.0,245000.0,247500.0,109676.0,0.0060975609756097
2019-04-17 00:00:00,248000.0,248000.0,246000.0,247500.0,83148.0,0.0
2019-04-18 00:00:00,246000.0,247000.0,243500.0,244500.0,131452.0,-0.012121212121212
2019-04-19 00:00:00,244000.0,245000.0,243000.0,243500.0,71533.0,-0.0040899795501022
2019-04-22 00:00:00,243500.0,245000.0,242500.0,244500.0,53742.0,0.0041067761806981
2019-04-23 00:00:00,245000.0,245000.0,243000.0,243500.0,61684.0,-0.0040899795501022
2019-04-24 00:00:00,243500.0,246500.0,243000.0,246000.0,155287.0,0.0102669404517454
2019-04-25 00:00:00,246000.0,248000.0,245000.0,248000.0,158690.0,0.0081300813008129
2019-04-26 00:00:00,248000.0,249000.0,245500.0,246500.0,165425.0,-0.0060483870967742
2019-04-29 00:00:00,246500.0,248000.0,244500.0,247500.0,112198.0,0.0040567951318457
2019-04-30 00:00:00,248000.0,248500.0,246500.0,247500.0,138519.0,0.0
2019-05-02 00:00:00,247000.0,253500.0,246000.0,251500.0,255682.0,0.0161616161616162
2019-05-03 00:00:00,250500.0,257000.0,250500.0,256000.0,296849.0,0.0178926441351887
2019-05-07 00:00:00,254500.0,256500.0,253500.0,256500.0,265987.0,0.001953125
2019-05-08 00:00:00,255000.0,265000.0,254500.0,262500.0,523355.0,0.023391812865497
2019-05-09 00:00:00,262500.0,263500.0,260000.0,263500.0,339969.0,0.0038095238095237
2019-05-10 00:00:00,263000.0,263500.0,259000.0,262500.0,217137.0,-0.0037950664136622
2019-05-13 00:00:00,259500.0,260500.0,258000.0,259500.0,133744.0,-0.0114285714285714
2019-05-14 00:00:00,259000.0,261500.0,257000.0,259500.0,176118.0,0.0
2019-05-15 00:00:00,259000.0,259500.0,255000.0,258000.0,193428.0,-0.0057803468208093
2019-05-16 00:00:00,255500.0,259500.0,255000.0,258000.0,158179.0,0.0
2019-05-17 00:00:00,259000.0,259000.0,256500.0,257500.0,106281.0,-0.001937984496124
2019-05-20 00:00:00,259000.0,262500.0,256500.0,260500.0,169048.0,0.0116504854368932
2019-05-21 00:00:00,258000.0,259500.0,256000.0,258000.0,108569.0,-0.0095969289827255
2019-05-22 00:00:00,256500.0,258000.0,251000.0,253000.0,161492.0,-0.0193798449612403
2019-05-23 00:00:00,250000.0,252000.0,246000.0,251000.0,218885.0,-0.0079051383399209
2019-05-24 00:00:00,249000.0,254500.0,248000.0,253000.0,146907.0,0.0079681274900398
2019-05-27 00:00:00,254000.0,257000.0,250000.0,256500.0,97073.0,0.0138339920948615
2019-05-28 00:00:00,257500.0,257500.0,251000.0,253500.0,233650.0,-0.0116959064327485
2019-05-29 00:00:00,253500.0,254000.0,250000.0,252000.0,101213.0,-0.0059171597633136
2019-05-30 00:00:00,253000.0,253500.0,249500.0,250000.0,115951.0,-0.0079365079365079
2019-05-31 00:00:00,250500.0,253500.0,249500.0,250500.0,146213.0,0.002
2019-06-03 00:00:00,250000.0,251000.0,248500.0,250000.0,148929.0,-0.0019960079840319
2019-06-04 00:00:00,250500.0,256500.0,250000.0,254000.0,203757.0,0.016
2019-06-05 00:00:00,254500.0,258000.0,253500.0,257500.0,155974.0,0.013779527559055
2019-06-07 00:00:00,255500.0,257000.0,254500.0,255000.0,144320.0,-0.0097087378640776
2019-06-10 00:00:00,255500.0,256500.0,250500.0,253500.0,180966.0,-0.0058823529411764
2019-06-11 00:00:00,252500.0,254500.0,251500.0,253500.0,168041.0,0.0
2019-06-12 00:00:00,253000.0,257500.0,252000.0,257000.0,164426.0,0.0138067061143984
2019-06-13 00:00:00,257500.0,259500.0,256000.0,259500.0,266833.0,0.0097276264591439
2019-06-14 00:00:00,257500.0,259500.0,257000.0,259000.0,84041.0,-0.0019267822736031
2019-06-17 00:00:00,260000.0,262000.0,258000.0,261500.0,127123.0,0.0096525096525097
2019-06-18 00:00:00,260000.0,264500.0,260000.0,264000.0,205374.0,0.0095602294455066
2019-06-19 00:00:00,263500.0,263500.0,261000.0,263000.0,114548.0,-0.0037878787878787
2019-06-20 00:00:00,262000.0,262500.0,259500.0,260500.0,117359.0,-0.0095057034220532
2019-06-21 00:00:00,261000.0,262500.0,260000.0,262000.0,124607.0,0.0057581573896352
2019-06-24 00:00:00,261500.0,263000.0,259500.0,260000.0,78692.0,-0.0076335877862595
2019-06-25 00:00:00,260000.0,261000.0,258000.0,259000.0,114324.0,-0.0038461538461538
2019-06-26 00:00:00,257500.0,260000.0,257500.0,259000.0,91243.0,0.0
2019-06-27 00:00:00,259000.0,260000.0,256000.0,257500.0,143357.0,-0.0057915057915057
2019-06-28 00:00:00,257000.0,263000.0,257000.0,259000.0,137478.0,0.0058252427184466
2019-07-01 00:00:00,258000.0,260000.0,257000.0,257000.0,93123.0,-0.0077220077220077
2019-07-02 00:00:00,257000.0,262000.0,256500.0,260500.0,98501.0,0.0136186770428015
2019-07-03 00:00:00,261500.0,261500.0,257500.0,258000.0,70817.0,-0.0095969289827255
2019-07-04 00:00:00,260000.0,262000.0,258000.0,262000.0,99207.0,0.0155038759689922
2019-07-05 00:00:00,262000.0,264000.0,260500.0,262500.0,81637.0,0.0019083969465649
2019-07-08 00:00:00,262000.0,263500.0,258500.0,260500.0,129556.0,-0.0076190476190476
2019-07-09 00:00:00,259000.0,259500.0,255000.0,255000.0,117302.0,-0.0211132437619961
2019-07-10 00:00:00,254500.0,259000.0,253500.0,254500.0,128299.0,-0.0019607843137254
2019-07-11 00:00:00,254500.0,257500.0,254500.0,254500.0,125403.0,0.0
2019-07-12 00:00:00,254500.0,261500.0,254500.0,260000.0,114704.0,0.0216110019646365
2019-07-15 00:00:00,260000.0,263000.0,260000.0,260500.0,89823.0,0.0019230769230769
2019-07-16 00:00:00,260500.0,261500.0,257000.0,259500.0,109462.0,-0.0038387715930902
2019-07-17 00:00:00,258500.0,260500.0,257000.0,259000.0,75418.0,-0.0019267822736031
2019-07-18 00:00:00,258000.0,261500.0,258000.0,259500.0,75343.0,0.001930501930502
2019-07-19 00:00:00,260500.0,263000.0,258000.0,258500.0,168533.0,-0.0038535645472062
2019-07-22 00:00:00,258500.0,259000.0,256000.0,257000.0,86055.0,-0.0058027079303675
2019-07-23 00:00:00,257500.0,259500.0,256000.0,257500.0,143041.0,0.0019455252918287
2019-07-24 00:00:00,256000.0,258000.0,254000.0,255000.0,115090.0,-0.0097087378640776
2019-07-25 00:00:00,254500.0,255500.0,248500.0,248500.0,195453.0,-0.0254901960784313
2019-07-26 00:00:00,246500.0,248000.0,245000.0,245500.0,194584.0,-0.0120724346076458
2019-07-29 00:00:00,247500.0,249000.0,244000.0,246000.0,121033.0,0.0020366598778003
2019-07-30 00:00:00,245000.0,247500.0,244000.0,246500.0,90626.0,0.0020325203252031
2019-07-31 00:00:00,246500.0,251000.0,245500.0,248500.0,219284.0,0.0081135902636917
2019-08-01 00:00:00,242500.0,246000.0,242500.0,244000.0,184660.0,-0.0181086519114688
2019-08-02 00:00:00,242500.0,254500.0,241000.0,252000.0,283046.0,0.0327868852459016
2019-08-05 00:00:00,251000.0,255500.0,250000.0,252500.0,282102.0,0.0019841269841269
2019-08-06 00:00:00,251000.0,251500.0,245500.0,247500.0,242716.0,-0.0198019801980198
2019-08-07 00:00:00,245000.0,246000.0,243500.0,244500.0,189923.0,-0.012121212121212
2019-08-08 00:00:00,244000.0,244000.0,240500.0,240500.0,297802.0,-0.016359918200409
2019-08-09 00:00:00,241000.0,244000.0,240500.0,242000.0,145551.0,0.0062370062370062
2019-08-12 00:00:00,242000.0,244000.0,240500.0,241000.0,104285.0,-0.0041322314049586
2019-08-13 00:00:00,240500.0,241000.0,233500.0,236000.0,234770.0,-0.020746887966805
2019-08-14 00:00:00,236500.0,239500.0,235500.0,239000.0,149340.0,0.0127118644067796
2019-08-16 00:00:00,236000.0,236000.0,229000.0,231500.0,295362.0,-0.0313807531380753
2019-08-19 00:00:00,231000.0,233000.0,230500.0,232500.0,127074.0,0.0043196544276458
2019-08-20 00:00:00,232000.0,235000.0,231000.0,234000.0,141126.0,0.0064516129032257
2019-08-21 00:00:00,235000.0,239000.0,234000.0,238000.0,150637.0,0.017094017094017
2019-08-22 00:00:00,238000.0,239000.0,236000.0,237500.0,150853.0,-0.0021008403361344
2019-08-23 00:00:00,237500.0,238000.0,234000.0,237000.0,109410.0,-0.0021052631578947
2019-08-26 00:00:00,235000.0,236000.0,233500.0,235500.0,96680.0,-0.0063291139240506
2019-08-27 00:00:00,235500.0,238000.0,234500.0,237000.0,142080.0,0.0063694267515923
2019-08-28 00:00:00,238000.0,241000.0,236500.0,238000.0,117906.0,0.0042194092827003
2019-08-29 00:00:00,238500.0,243500.0,237500.0,240000.0,147841.0,0.0084033613445377
2019-08-30 00:00:00,240000.0,241000.0,237000.0,239500.0,204856.0,-0.0020833333333333
2019-09-02 00:00:00,237500.0,240000.0,237500.0,239000.0,62533.0,-0.0020876826722338
2019-09-03 00:00:00,238500.0,241000.0,238000.0,239000.0,89347.0,0.0
2019-09-04 00:00:00,238500.0,239500.0,237500.0,239000.0,148660.0,0.0
2019-09-05 00:00:00,239000.0,240500.0,236000.0,236500.0,218871.0,-0.0104602510460251
2019-09-06 00:00:00,236000.0,238500.0,235500.0,237000.0,126427.0,0.0021141649048626
2019-09-09 00:00:00,237000.0,238500.0,237000.0,237000.0,104249.0,0.0
2019-09-10 00:00:00,237500.0,240500.0,237500.0,240000.0,174521.0,0.0126582278481013
2019-09-11 00:00:00,240000.0,241000.0,238000.0,238000.0,270198.0,-0.0083333333333333
2019-09-16 00:00:00,239500.0,240000.0,237500.0,239000.0,629007.0,0.0042016806722688
2019-09-17 00:00:00,238500.0,241500.0,237500.0,239500.0,177183.0,0.0020920502092049
2019-09-18 00:00:00,240500.0,241500.0,238500.0,238500.0,133435.0,-0.0041753653444676
2019-09-19 00:00:00,239500.0,240500.0,238000.0,238000.0,136505.0,-0.0020964360587002
2019-09-20 00:00:00,238000.0,239500.0,236000.0,238500.0,176472.0,0.0021008403361344
2019-09-23 00:00:00,239000.0,242500.0,238500.0,241000.0,162875.0,0.0104821802935011
2019-09-24 00:00:00,240000.0,241500.0,239500.0,240500.0,138457.0,-0.0020746887966804
2019-09-25 00:00:00,240500.0,243000.0,240000.0,240000.0,188619.0,-0.002079002079002
2019-09-26 00:00:00,240500.0,241000.0,239000.0,239500.0,107662.0,-0.0020833333333333
2019-09-27 00:00:00,241000.0,242000.0,239000.0,239500.0,113525.0,0.0
2019-09-30 00:00:00,240000.0,241500.0,238500.0,241500.0,125115.0,0.0083507306889352
2019-10-01 00:00:00,240000.0,240500.0,239000.0,239000.0,128522.0,-0.0103519668737059
2019-10-02 00:00:00,239500.0,240500.0,234500.0,235000.0,168013.0,-0.0167364016736402
2019-10-04 00:00:00,235500.0,236500.0,233500.0,234500.0,110435.0,-0.002127659574468
2019-10-07 00:00:00,235000.0,235500.0,231500.0,233000.0,125067.0,-0.0063965884861407
2019-10-08 00:00:00,234000.0,236000.0,231500.0,235000.0,115793.0,0.0085836909871244
2019-10-10 00:00:00,233000.0,236500.0,232500.0,233000.0,202890.0,-0.0085106382978723
2019-10-11 00:00:00,235000.0,238000.0,234500.0,236500.0,135142.0,0.0150214592274677
2019-10-14 00:00:00,236500.0,239000.0,236500.0,236500.0,84892.0,0.0
2019-10-15 00:00:00,236500.0,238500.0,236500.0,238000.0,75171.0,0.0063424947145878
2019-10-16 00:00:00,237500.0,238500.0,236500.0,237000.0,75241.0,-0.0042016806722688
2019-10-17 00:00:00,238000.0,240000.0,237000.0,239000.0,109195.0,0.0084388185654007
2019-10-18 00:00:00,238500.0,240500.0,238000.0,238500.0,96307.0,-0.0020920502092049
2019-10-21 00:00:00,239000.0,240000.0,237500.0,238500.0,74972.0,0.0
2019-10-22 00:00:00,238500.0,240000.0,238000.0,238000.0,105862.0,-0.0020964360587002
2019-10-23 00:00:00,238000.0,239500.0,235500.0,236000.0,123985.0,-0.0084033613445377
2019-10-24 00:00:00,236500.0,240000.0,236500.0,238500.0,124147.0,0.0105932203389831
2019-10-25 00:00:00,237000.0,238000.0,235500.0,235500.0,145727.0,-0.0125786163522012
2019-10-28 00:00:00,237000.0,239000.0,236000.0,237000.0,108247.0,0.0063694267515923
2019-10-29 00:00:00,237500.0,238000.0,235000.0,235000.0,153269.0,-0.0084388185654008
2019-10-30 00:00:00,235500.0,237500.0,234000.0,234000.0,133009.0,-0.0042553191489361
2019-10-31 00:00:00,234500.0,237000.0,233000.0,237000.0,218574.0,0.0128205128205127
2019-11-01 00:00:00,236500.0,237500.0,234000.0,236000.0,128160.0,-0.0042194092827003
2019-11-04 00:00:00,235500.0,238500.0,235000.0,236000.0,153745.0,0.0
2019-11-05 00:00:00,237000.0,238500.0,235500.0,238000.0,184993.0,0.0084745762711864
2019-11-06 00:00:00,238500.0,239500.0,237000.0,237500.0,199061.0,-0.0021008403361344
2019-11-07 00:00:00,238000.0,244500.0,238000.0,243000.0,316789.0,0.023157894736842
2019-11-08 00:00:00,243000.0,244000.0,241000.0,242000.0,150542.0,-0.0041152263374485
2019-11-11 00:00:00,242500.0,246000.0,241500.0,242500.0,193224.0,0.0020661157024792
2019-11-12 00:00:00,243500.0,244500.0,242000.0,244500.0,152076.0,0.0082474226804123
2019-11-13 00:00:00,243500.0,244500.0,242000.0,242000.0,127741.0,-0.0102249488752556
2019-11-14 00:00:00,242500.0,243500.0,240500.0,242000.0,207577.0,0.0
2019-11-15 00:00:00,242500.0,245500.0,242000.0,243500.0,109466.0,0.006198347107438
2019-11-18 00:00:00,243500.0,245500.0,243500.0,244500.0,102730.0,0.0041067761806981
2019-11-19 00:00:00,244000.0,246000.0,242000.0,245500.0,150082.0,0.0040899795501021
2019-11-20 00:00:00,244500.0,245500.0,243000.0,244500.0,123530.0,-0.0040733197556007
2019-11-21 00:00:00,245500.0,245500.0,241000.0,241500.0,158938.0,-0.0122699386503067
2019-11-22 00:00:00,244000.0,245000.0,242500.0,244500.0,127697.0,0.0124223602484472
2019-11-25 00:00:00,244500.0,246000.0,244500.0,246000.0,101864.0,0.0061349693251533
2019-11-26 00:00:00,245000.0,246500.0,244000.0,244000.0,212106.0,-0.008130081300813
2019-11-27 00:00:00,245000.0,246500.0,244500.0,245000.0,91720.0,0.0040983606557376
2019-11-28 00:00:00,244500.0,246500.0,244000.0,246500.0,77308.0,0.0061224489795919
2019-11-29 00:00:00,247000.0,247500.0,245000.0,246000.0,162450.0,-0.0020283975659228
2019-12-02 00:00:00,245500.0,246000.0,241500.0,242000.0,300055.0,-0.0162601626016259
2019-12-03 00:00:00,241500.0,242500.0,239500.0,242500.0,114241.0,0.0020661157024792
2019-12-04 00:00:00,240500.0,242000.0,238000.0,239000.0,986698.0,-0.0144329896907215
2019-12-05 00:00:00,240500.0,243000.0,237500.0,238000.0,129556.0,-0.0041841004184099
2019-12-06 00:00:00,238000.0,239500.0,238000.0,238500.0,141523.0,0.0021008403361344
2019-12-09 00:00:00,239000.0,240500.0,238000.0,239000.0,125986.0,0.0020964360587001
2019-12-10 00:00:00,239000.0,241500.0,238000.0,240000.0,112422.0,0.0041841004184099
2019-12-11 00:00:00,241500.0,242500.0,239500.0,241000.0,147833.0,0.0041666666666666
2019-12-12 00:00:00,241500.0,243000.0,239500.0,239500.0,355293.0,-0.0062240663900414
2019-12-13 00:00:00,240500.0,242500.0,239500.0,240500.0,203385.0,0.0041753653444676
2019-12-16 00:00:00,241500.0,242500.0,240000.0,241500.0,135514.0,0.004158004158004
2019-12-17 00:00:00,240500.0,241500.0,239500.0,240500.0,225134.0,-0.0041407867494823
2019-12-18 00:00:00,240500.0,242500.0,240000.0,242000.0,160213.0,0.0062370062370062
2019-12-19 00:00:00,241000.0,243500.0,240500.0,243000.0,153313.0,0.0041322314049587
2019-12-20 00:00:00,243500.0,244000.0,242000.0,243500.0,161679.0,0.0020576131687242
2019-12-23 00:00:00,243500.0,244500.0,242500.0,244000.0,126535.0,0.002053388090349
2019-12-24 00:00:00,243500.0,245000.0,242500.0,242500.0,168656.0,-0.0061475409836065
2019-12-26 00:00:00,243000.0,244500.0,242500.0,244500.0,254431.0,0.0082474226804123
2019-12-27 00:00:00,239000.0,239000.0,237000.0,237500.0,302632.0,-0.0286298568507157
2019-12-30 00:00:00,239000.0,239000.0,237000.0,238000.0,96960.0,0.0021052631578948
2020-01-02 00:00:00,238500.0,239000.0,233000.0,234000.0,265743.0,-0.0168067226890756
2020-01-03 00:00:00,234500.0,235500.0,231500.0,234000.0,262330.0,0.0
2020-01-06 00:00:00,233000.0,234000.0,231000.0,231500.0,225461.0,-0.0106837606837606
2020-01-07 00:00:00,232500.0,234000.0,231500.0,233000.0,136767.0,0.0064794816414686
2020-01-08 00:00:00,231500.0,233500.0,230000.0,232500.0,278235.0,-0.0021459227467811
2020-01-09 00:00:00,231500.0,234000.0,230500.0,232000.0,534218.0,-0.0021505376344086
2020-01-10 00:00:00,232000.0,233000.0,230500.0,231000.0,197124.0,-0.0043103448275861
2020-01-13 00:00:00,231000.0,235000.0,231000.0,234500.0,164096.0,0.0151515151515151
2020-01-14 00:00:00,235500.0,237500.0,234000.0,236000.0,240866.0,0.0063965884861407
2020-01-15 00:00:00,235500.0,238000.0,234500.0,237500.0,211141.0,0.0063559322033899
2020-01-16 00:00:00,237000.0,238000.0,234500.0,236000.0,221714.0,-0.0063157894736841
2020-01-17 00:00:00,236000.0,237500.0,233000.0,235000.0,272364.0,-0.0042372881355932
2020-01-20 00:00:00,235500.0,237500.0,235000.0,236000.0,240407.0,0.0042553191489359
2020-01-21 00:00:00,236500.0,237000.0,235500.0,236500.0,90895.0,0.0021186440677967
2020-01-22 00:00:00,237000.0,238500.0,235500.0,238500.0,145035.0,0.0084566596194504
2020-01-23 00:00:00,238000.0,238000.0,235500.0,237000.0,175821.0,-0.0062893081761006
2020-01-28 00:00:00,233500.0,233500.0,230500.0,232500.0,319257.0,-0.0189873417721518
2020-01-29 00:00:00,232000.0,232500.0,231000.0,232500.0,127679.0,0.0
2020-01-30 00:00:00,232500.0,232500.0,228500.0,229000.0,279645.0,-0.0150537634408601
2020-01-31 00:00:00,230500.0,231500.0,228500.0,229500.0,220742.0,0.002183406113537
2020-02-03 00:00:00,228500.0,229000.0,226000.0,226500.0,203206.0,-0.0130718954248365
2020-02-04 00:00:00,227000.0,227500.0,224500.0,226500.0,227378.0,0.0
2020-02-05 00:00:00,226500.0,226500.0,224500.0,225000.0,211857.0,-0.0066225165562914
2020-02-06 00:00:00,226000.0,230500.0,226000.0,229000.0,252885.0,0.0177777777777776
2020-02-07 00:00:00,229500.0,230000.0,226500.0,228500.0,219283.0,-0.002183406113537
2020-02-10 00:00:00,226000.0,226500.0,224000.0,225000.0,211696.0,-0.0153172866520787
2020-02-11 00:00:00,225000.0,226000.0,223000.0,223500.0,306497.0,-0.0066666666666667
2020-02-12 00:00:00,223500.0,226500.0,222000.0,226500.0,252165.0,0.0134228187919462
2020-02-13 00:00:00,226500.0,232500.0,226500.0,228500.0,400126.0,0.0088300220750552
2020-02-14 00:00:00,228500.0,231000.0,226500.0,227500.0,183907.0,-0.0043763676148796
2020-02-17 00:00:00,227500.0,229500.0,227500.0,228000.0,102123.0,0.0021978021978021
2020-02-18 00:00:00,227000.0,227000.0,225000.0,226000.0,164174.0,-0.0087719298245614
2020-02-19 00:00:00,227500.0,227500.0,223500.0,225000.0,171576.0,-0.0044247787610619
2020-02-20 00:00:00,225000.0,225500.0,222000.0,222000.0,195361.0,-0.0133333333333333
2020-02-21 00:00:00,221000.0,221500.0,218000.0,219500.0,221992.0,-0.0112612612612612
2020-02-24 00:00:00,215500.0,218500.0,213000.0,217500.0,330240.0,-0.0091116173120728
2020-02-25 00:00:00,217000.0,218500.0,215500.0,217500.0,230733.0,0.0
2020-02-26 00:00:00,217500.0,217500.0,214500.0,216000.0,226926.0,-0.0068965517241379
2020-02-27 00:00:00,215500.0,217000.0,214500.0,217000.0,168477.0,0.0046296296296295
2020-02-28 00:00:00,216500.0,218500.0,210500.0,212500.0,301784.0,-0.02073732718894
2020-03-02 00:00:00,213000.0,213000.0,208000.0,208000.0,291418.0,-0.0211764705882352
2020-03-03 00:00:00,210000.0,211000.0,206500.0,207000.0,224882.0,-0.0048076923076922
2020-03-04 00:00:00,209500.0,219500.0,208000.0,219500.0,353005.0,0.0603864734299517
2020-03-05 00:00:00,220500.0,224500.0,219500.0,221500.0,373464.0,0.0091116173120728
2020-03-06 00:00:00,219500.0,223000.0,219500.0,222500.0,390707.0,0.0045146726862301
2020-03-09 00:00:00,219500.0,221000.0,216500.0,219000.0,285073.0,-0.0157303370786516
2020-03-10 00:00:00,219000.0,219000.0,216500.0,218500.0,207340.0,-0.002283105022831
2020-03-11 00:00:00,216000.0,219500.0,214500.0,217500.0,248264.0,-0.0045766590389015
2020-03-12 00:00:00,217500.0,217500.0,207500.0,211500.0,390463.0,-0.0275862068965517
2020-03-13 00:00:00,199000.0,202000.0,190000.0,197000.0,670552.0,-0.0685579196217494
2020-03-16 00:00:00,198500.0,199500.0,192000.0,193000.0,360423.0,-0.0203045685279187
2020-03-17 00:00:00,187000.0,191500.0,184500.0,187500.0,426215.0,-0.0284974093264248
2020-03-18 00:00:00,189500.0,190500.0,180000.0,180000.0,278157.0,-0.04
2020-03-19 00:00:00,180000.0,182500.0,165000.0,173000.0,575925.0,-0.0388888888888888
2020-03-20 00:00:00,175000.0,178500.0,171000.0,175000.0,403851.0,0.0115606936416186
2020-03-23 00:00:00,166000.0,170500.0,164000.0,165500.0,341417.0,-0.0542857142857142
2020-03-24 00:00:00,167500.0,171500.0,164500.0,171000.0,417692.0,0.0332326283987916
2020-03-25 00:00:00,174000.0,178500.0,173000.0,174500.0,690024.0,0.0204678362573098
2020-03-26 00:00:00,173500.0,176000.0,170500.0,173000.0,680107.0,-0.0085959885386819
2020-03-27 00:00:00,179000.0,180500.0,173000.0,176500.0,524568.0,0.0202312138728324
2020-03-30 00:00:00,173000.0,178000.0,170000.0,176000.0,386801.0,-0.0028328611898017
2020-03-31 00:00:00,178500.0,181000.0,175500.0,177000.0,993798.0,0.0056818181818181
2020-04-01 00:00:00,177500.0,182500.0,174000.0,175000.0,549624.0,-0.0112994350282485
2020-04-02 00:00:00,176500.0,182000.0,173000.0,182000.0,458271.0,0.04
2020-04-03 00:00:00,182000.0,183500.0,180000.0,183000.0,385855.0,0.0054945054945054
2020-04-06 00:00:00,184000.0,191000.0,183500.0,190500.0,417491.0,0.0409836065573769
2020-04-07 00:00:00,193500.0,195500.0,187500.0,190500.0,365459.0,0.0
2020-04-08 00:00:00,192000.0,199000.0,189000.0,194000.0,536169.0,0.0183727034120735
2020-04-09 00:00:00,197500.0,198500.0,192000.0,193500.0,379481.0,-0.0025773195876288
2020-04-10 00:00:00,193500.0,196000.0,193000.0,194000.0,195673.0,0.0025839793281654
2020-04-13 00:00:00,194000.0,194000.0,189500.0,190000.0,240625.0,-0.0206185567010309
2020-04-14 00:00:00,192500.0,196500.0,192000.0,196000.0,270715.0,0.0315789473684211
2020-04-16 00:00:00,190000.0,196500.0,189500.0,196500.0,400946.0,0.0025510204081633
2020-04-17 00:00:00,197000.0,201500.0,197000.0,199000.0,279720.0,0.0127226463104326
2020-04-20 00:00:00,200000.0,204500.0,200000.0,203500.0,340368.0,0.0226130653266332
2020-04-21 00:00:00,203000.0,209500.0,201500.0,209500.0,507880.0,0.0294840294840295
2020-04-22 00:00:00,206500.0,214500.0,206000.0,214500.0,446614.0,0.0238663484486874
2020-04-23 00:00:00,214500.0,220000.0,213000.0,215500.0,320469.0,0.0046620046620047
2020-04-24 00:00:00,211500.0,214500.0,209000.0,209500.0,290083.0,-0.0278422273781903
2020-04-27 00:00:00,209500.0,215000.0,208500.0,213000.0,239588.0,0.0167064439140811
2020-04-28 00:00:00,212500.0,217000.0,212500.0,213000.0,230434.0,0.0
2020-04-29 00:00:00,213000.0,215000.0,211500.0,211500.0,285877.0,-0.0070422535211267
2020-05-04 00:00:00,207000.0,211000.0,205500.0,208500.0,311878.0,-0.0141843971631205
2020-05-06 00:00:00,208500.0,210000.0,205000.0,206500.0,301863.0,-0.0095923261390887
2020-05-07 00:00:00,205000.0,208000.0,203500.0,207000.0,262232.0,0.0024213075060532
2020-05-08 00:00:00,208500.0,211500.0,206000.0,207000.0,251268.0,0.0
2020-05-11 00:00:00,207500.0,209000.0,205000.0,205000.0,229714.0,-0.0096618357487923
2020-05-12 00:00:00,205000.0,212500.0,204500.0,210000.0,319403.0,0.024390243902439
2020-05-13 00:00:00,210000.0,212500.0,206000.0,206500.0,297218.0,-0.0166666666666667
2020-05-14 00:00:00,206500.0,208000.0,205000.0,207000.0,265261.0,0.0024213075060532
2020-05-15 00:00:00,206000.0,206500.0,204000.0,204000.0,304146.0,-0.0144927536231883
2020-05-18 00:00:00,205000.0,208000.0,204500.0,205500.0,239427.0,0.0073529411764705
2020-05-19 00:00:00,208000.0,210000.0,208000.0,209000.0,243581.0,0.0170316301703163
2020-05-20 00:00:00,209000.0,213000.0,208500.0,211500.0,246227.0,0.0119617224880381
2020-05-21 00:00:00,214500.0,215000.0,212500.0,213000.0,230542.0,0.0070921985815601
2020-05-22 00:00:00,214500.0,214500.0,208000.0,208500.0,241670.0,-0.0211267605633802
2020-05-25 00:00:00,210000.0,212500.0,209000.0,212000.0,170965.0,0.0167865707434051
2020-05-26 00:00:00,211500.0,213000.0,209500.0,212000.0,225724.0,0.0
2020-05-27 00:00:00,212000.0,213000.0,210000.0,210000.0,301224.0,-0.0094339622641509
2020-05-28 00:00:00,210000.0,213000.0,209500.0,212000.0,277022.0,0.0095238095238094
2020-05-29 00:00:00,211000.0,218500.0,211000.0,216000.0,466946.0,0.0188679245283018
2020-06-01 00:00:00,217000.0,225000.0,217000.0,224500.0,424075.0,0.0393518518518518
2020-06-02 00:00:00,224000.0,226500.0,222000.0,225000.0,328734.0,0.0022271714922048
2020-06-03 00:00:00,226500.0,232000.0,225500.0,230000.0,366533.0,0.0222222222222221
2020-06-04 00:00:00,232000.0,233000.0,226000.0,227000.0,350089.0,-0.0130434782608696
2020-06-05 00:00:00,225000.0,226500.0,222000.0,223500.0,309300.0,-0.0154185022026431
2020-06-08 00:00:00,225500.0,226500.0,222500.0,222500.0,248567.0,-0.0044742729306487
2020-06-09 00:00:00,223000.0,225000.0,220000.0,221000.0,208905.0,-0.0067415730337078
2020-06-10 00:00:00,221000.0,222500.0,219000.0,219000.0,255142.0,-0.009049773755656
2020-06-11 00:00:00,218000.0,219500.0,213000.0,215000.0,450027.0,-0.0182648401826484
2020-06-12 00:00:00,208000.0,209500.0,206000.0,208500.0,461453.0,-0.0302325581395348
2020-06-15 00:00:00,208000.0,211500.0,201000.0,201000.0,421888.0,-0.0359712230215827
2020-06-16 00:00:00,204000.0,209500.0,203500.0,209000.0,351512.0,0.0398009950248756
2020-06-17 00:00:00,207500.0,209500.0,205000.0,207000.0,342902.0,-0.0095693779904306
2020-06-18 00:00:00,205500.0,208000.0,204000.0,205500.0,260278.0,-0.0072463768115942
2020-06-19 00:00:00,207500.0,208000.0,205000.0,206000.0,243216.0,0.002433090024331
2020-06-22 00:00:00,205500.0,209500.0,205000.0,206500.0,238220.0,0.0024271844660195
2020-06-23 00:00:00,207000.0,208500.0,205000.0,205500.0,290774.0,-0.0048426150121065
2020-06-24 00:00:00,206500.0,207000.0,205000.0,205500.0,217711.0,0.0
2020-06-25 00:00:00,205000.0,207000.0,203000.0,203000.0,249665.0,-0.0121654501216544
2020-06-26 00:00:00,204000.0,211000.0,203000.0,208500.0,308368.0,0.0270935960591132
2020-06-29 00:00:00,204500.0,209000.0,203000.0,207000.0,314859.0,-0.0071942446043165
2020-06-30 00:00:00,208000.0,212000.0,207000.0,211000.0,346277.0,0.0193236714975846
2020-07-01 00:00:00,214500.0,224500.0,212500.0,222000.0,872553.0,0.0521327014218009
2020-07-02 00:00:00,224000.0,226500.0,218500.0,225000.0,447600.0,0.0135135135135135
2020-07-03 00:00:00,225000.0,228000.0,220500.0,221000.0,283845.0,-0.0177777777777777
2020-07-06 00:00:00,221500.0,226000.0,219000.0,225000.0,281508.0,0.0180995475113121
2020-07-07 00:00:00,227500.0,227500.0,218000.0,218000.0,452166.0,-0.031111111111111
2020-07-08 00:00:00,218000.0,223000.0,217500.0,218500.0,374455.0,0.0022935779816513
2020-07-09 00:00:00,219000.0,220500.0,217000.0,218000.0,260664.0,-0.0022883295194507
2020-07-10 00:00:00,217000.0,218500.0,214000.0,215000.0,283753.0,-0.0137614678899082
2020-07-13 00:00:00,216500.0,217000.0,213000.0,215500.0,221105.0,0.0023255813953488
2020-07-14 00:00:00,215500.0,223000.0,214500.0,217500.0,375098.0,0.0092807424593968
2020-07-15 00:00:00,219000.0,222500.0,217000.0,218000.0,301947.0,0.0022988505747125
2020-07-16 00:00:00,217000.0,219500.0,216000.0,218000.0,243527.0,0.0
2020-07-17 00:00:00,218000.0,220000.0,216500.0,217000.0,202037.0,-0.0045871559633027
2020-07-20 00:00:00,217000.0,220000.0,215000.0,216500.0,261245.0,-0.0023041474654378
2020-07-21 00:00:00,216500.0,218000.0,215500.0,215500.0,305567.0,-0.0046189376443418
2020-07-22 00:00:00,215500.0,216500.0,214000.0,214500.0,310544.0,-0.0046403712296984
2020-07-23 00:00:00,214000.0,214500.0,210000.0,211500.0,378989.0,-0.0139860139860139
2020-07-24 00:00:00,209500.0,210000.0,207500.0,208000.0,285942.0,-0.016548463356974
2020-07-27 00:00:00,207500.0,211500.0,207500.0,208500.0,284315.0,0.0024038461538462
2020-07-28 00:00:00,209500.0,216500.0,208500.0,214000.0,418247.0,0.026378896882494
2020-07-29 00:00:00,213500.0,218000.0,211500.0,216500.0,420463.0,0.0116822429906542
2020-07-30 00:00:00,216000.0,224000.0,214500.0,220000.0,733171.0,0.0161662817551964
2020-07-31 00:00:00,220000.0,223500.0,219500.0,220500.0,730524.0,0.0022727272727272
2020-08-03 00:00:00,221500.0,223500.0,218500.0,219000.0,418322.0,-0.0068027210884353
2020-08-04 00:00:00,219000.0,228000.0,217000.0,225500.0,776036.0,0.0296803652968036
2020-08-05 00:00:00,227000.0,228500.0,223500.0,227000.0,631091.0,0.0066518847006651
2020-08-06 00:00:00,229000.0,232000.0,218500.0,220500.0,1057486.0,-0.0286343612334801
2020-08-07 00:00:00,223500.0,230000.0,219000.0,229000.0,858608.0,0.038548752834467
2020-08-10 00:00:00,231500.0,240000.0,230500.0,238000.0,812761.0,0.0393013100436681
2020-08-11 00:00:00,240000.0,241000.0,232500.0,237000.0,530433.0,-0.0042016806722688
2020-08-12 00:00:00,235500.0,242000.0,232500.0,241500.0,565000.0,0.018987341772152
2020-08-13 00:00:00,243000.0,247500.0,240500.0,242000.0,955607.0,0.0020703933747412
2020-08-14 00:00:00,243000.0,244000.0,235500.0,237000.0,527180.0,-0.0206611570247934
2020-08-18 00:00:00,239000.0,241500.0,225000.0,229000.0,735510.0,-0.0337552742616034
2020-08-19 00:00:00,229500.0,234000.0,228000.0,231000.0,436293.0,0.0087336244541484
2020-08-20 00:00:00,233500.0,236500.0,226500.0,227500.0,673961.0,-0.0151515151515151
2020-08-21 00:00:00,227500.0,237500.0,227500.0,235500.0,559220.0,0.0351648351648352
2020-08-24 00:00:00,240500.0,243000.0,237500.0,242000.0,537847.0,0.0276008492569002
2020-08-25 00:00:00,242500.0,251500.0,242500.0,247500.0,632697.0,0.0227272727272727
2020-08-26 00:00:00,250000.0,251500.0,245000.0,248500.0,494139.0,0.004040404040404
2020-08-27 00:00:00,250000.0,251000.0,245500.0,245500.0,578642.0,-0.0120724346076458
2020-08-28 00:00:00,251500.0,251500.0,239500.0,242500.0,845757.0,-0.0122199592668024
2020-08-31 00:00:00,245000.0,250000.0,242500.0,248000.0,2365827.0,0.0226804123711339
2020-09-01 00:00:00,246000.0,246500.0,241500.0,242000.0,528401.0,-0.0241935483870967
2020-09-02 00:00:00,245000.0,245000.0,238000.0,242500.0,370388.0,0.0020661157024792
2020-09-03 00:00:00,242000.0,242500.0,239000.0,241000.0,370100.0,-0.0061855670103092
2020-09-04 00:00:00,237000.0,238000.0,235500.0,237500.0,485708.0,-0.0145228215767634
2020-09-07 00:00:00,239000.0,244000.0,236000.0,243500.0,366779.0,0.0252631578947368
2020-09-08 00:00:00,244500.0,245000.0,240000.0,241500.0,295082.0,-0.0082135523613963
2020-09-09 00:00:00,237000.0,240000.0,234500.0,238000.0,308688.0,-0.0144927536231883
2020-09-10 00:00:00,240500.0,242000.0,238500.0,240000.0,307926.0,0.0084033613445377
2020-09-11 00:00:00,241500.0,244000.0,241000.0,243000.0,252239.0,0.0124999999999999
2020-09-14 00:00:00,246000.0,248000.0,244500.0,248000.0,280140.0,0.0205761316872428
2020-09-15 00:00:00,248500.0,248500.0,244000.0,246000.0,242579.0,-0.0080645161290322
2020-09-16 00:00:00,245000.0,245500.0,242500.0,243000.0,214144.0,-0.0121951219512195
2020-09-17 00:00:00,243000.0,244500.0,241000.0,244000.0,182401.0,0.0041152263374486
2020-09-18 00:00:00,243500.0,244000.0,241500.0,244000.0,220441.0,0.0
2020-09-21 00:00:00,244000.0,246000.0,240500.0,240500.0,214090.0,-0.014344262295082
2020-09-22 00:00:00,238500.0,240000.0,237000.0,237500.0,236983.0,-0.0124740124740124
2020-09-23 00:00:00,236500.0,237000.0,231000.0,233000.0,352067.0,-0.0189473684210526
2020-09-24 00:00:00,232500.0,233000.0,229500.0,230500.0,237132.0,-0.0107296137339055
2020-09-25 00:00:00,231500.0,232500.0,230000.0,231000.0,162365.0,0.002169197396963
2020-09-28 00:00:00,232000.0,235000.0,231500.0,233000.0,108166.0,0.0086580086580085
2020-09-29 00:00:00,236500.0,240500.0,234500.0,238000.0,225845.0,0.0214592274678111
2020-10-05 00:00:00,239000.0,243000.0,239000.0,240500.0,247547.0,0.0105042016806722
2020-10-06 00:00:00,239500.0,243500.0,238500.0,241000.0,181255.0,0.002079002079002
2020-10-07 00:00:00,239000.0,242000.0,238000.0,241000.0,179764.0,0.0
2020-10-08 00:00:00,240500.0,242000.0,240000.0,240000.0,233062.0,-0.0041493775933609
2020-10-12 00:00:00,240000.0,241000.0,238000.0,239500.0,189246.0,-0.0020833333333333
2020-10-13 00:00:00,240000.0,242500.0,239000.0,242500.0,184800.0,0.0125260960334028
2020-10-14 00:00:00,241000.0,241500.0,226000.0,230500.0,860420.0,-0.0494845360824742
2020-10-15 00:00:00,231000.0,237000.0,228000.0,234500.0,654059.0,0.0173535791757049
2020-10-16 00:00:00,235500.0,237500.0,232500.0,234500.0,313341.0,0.0
2020-10-19 00:00:00,236500.0,236500.0,231000.0,232500.0,238800.0,-0.0085287846481876
2020-10-20 00:00:00,232000.0,233500.0,230000.0,233000.0,193210.0,0.0021505376344086
2020-10-21 00:00:00,232500.0,239500.0,231500.0,238000.0,207784.0,0.0214592274678111
2020-10-22 00:00:00,237000.0,238500.0,234500.0,238500.0,186902.0,0.0021008403361344
2020-10-23 00:00:00,238000.0,240000.0,237000.0,238500.0,147788.0,0.0
2020-10-26 00:00:00,236500.0,239000.0,234000.0,234000.0,150976.0,-0.0188679245283018
2020-10-27 00:00:00,233000.0,234000.0,230500.0,232500.0,198183.0,-0.0064102564102563
2020-10-28 00:00:00,231000.0,233500.0,227500.0,229500.0,366158.0,-0.0129032258064516
2020-10-29 00:00:00,226000.0,227000.0,221000.0,222500.0,389701.0,-0.0305010893246187
2020-10-30 00:00:00,222500.0,222500.0,214000.0,214000.0,507996.0,-0.0382022471910112
2020-11-02 00:00:00,215000.0,219000.0,213000.0,215000.0,291912.0,0.0046728971962617
2020-11-03 00:00:00,216500.0,220000.0,215500.0,219000.0,396439.0,0.0186046511627906
2020-11-04 00:00:00,222000.0,223000.0,218500.0,218500.0,301637.0,-0.002283105022831
2020-11-05 00:00:00,221000.0,224000.0,220000.0,223000.0,409377.0,0.0205949656750572
2020-11-06 00:00:00,224500.0,228500.0,224000.0,227000.0,356362.0,0.0179372197309417
2020-11-09 00:00:00,228000.0,229000.0,224500.0,225500.0,334885.0,-0.0066079295154185
2020-11-10 00:00:00,225500.0,228000.0,222000.0,227000.0,485633.0,0.0066518847006651
2020-11-11 00:00:00,225000.0,232000.0,225000.0,230500.0,353850.0,0.0154185022026431
2020-11-12 00:00:00,231000.0,232000.0,228000.0,230000.0,309728.0,-0.002169197396963
2020-11-13 00:00:00,228000.0,234000.0,227500.0,229500.0,396726.0,-0.0021739130434782
2020-11-16 00:00:00,233500.0,234000.0,230000.0,232000.0,338570.0,0.0108932461873638
2020-11-17 00:00:00,233500.0,234500.0,232000.0,232500.0,321467.0,0.0021551724137931
2020-11-18 00:00:00,232500.0,232500.0,230000.0,231000.0,313312.0,-0.0064516129032258
2020-11-19 00:00:00,229500.0,230500.0,227500.0,229500.0,267695.0,-0.0064935064935064
2020-11-20 00:00:00,228500.0,230000.0,228000.0,229000.0,230773.0,-0.0021786492374727
2020-11-23 00:00:00,229500.0,232000.0,228000.0,231000.0,295799.0,0.0087336244541484
2020-11-24 00:00:00,231000.0,235000.0,229000.0,232000.0,302088.0,0.0043290043290042
2020-11-25 00:00:00,232500.0,233500.0,228000.0,229000.0,384102.0,-0.0129310344827586
2020-11-26 00:00:00,232500.0,234000.0,231000.0,232000.0,275407.0,0.0131004366812226
2020-11-27 00:00:00,234000.0,238000.0,232500.0,235000.0,450825.0,0.0129310344827586
2020-11-30 00:00:00,237000.0,239000.0,234000.0,237500.0,526025.0,0.0106382978723404
2020-12-01 00:00:00,237000.0,238000.0,235000.0,236500.0,239620.0,-0.0042105263157894
2020-12-02 00:00:00,238000.0,239500.0,235000.0,239000.0,392434.0,0.0105708245243127
2020-12-03 00:00:00,239000.0,240500.0,237000.0,238500.0,346101.0,-0.0020920502092049
2020-12-04 00:00:00,239000.0,242000.0,238500.0,239500.0,303040.0,0.0041928721174004
2020-12-07 00:00:00,240000.0,241000.0,238000.0,239000.0,260066.0,-0.0020876826722338
2020-12-08 00:00:00,239000.0,241000.0,237500.0,240000.0,229317.0,0.0041841004184099
2020-12-09 00:00:00,239000.0,241500.0,238500.0,240000.0,289325.0,0.0
2020-12-10 00:00:00,240500.0,241000.0,238000.0,238000.0,398586.0,-0.0083333333333333
2020-12-11 00:00:00,240500.0,249000.0,240000.0,247000.0,600115.0,0.0378151260504202
2020-12-14 00:00:00,247500.0,251500.0,247000.0,249000.0,473572.0,0.0080971659919029
2020-12-15 00:00:00,249500.0,250000.0,245000.0,246000.0,308931.0,-0.0120481927710843
2020-12-16 00:00:00,247000.0,248500.0,245000.0,247000.0,202693.0,0.0040650406504065
2020-12-17 00:00:00,246000.0,247000.0,244500.0,246000.0,231943.0,-0.0040485829959514
2020-12-18 00:00:00,245000.0,247500.0,243500.0,246500.0,278497.0,0.0020325203252031
2020-12-21 00:00:00,246000.0,250000.0,245500.0,249000.0,259023.0,0.0101419878296145
2020-12-22 00:00:00,248000.0,248500.0,244000.0,244000.0,232208.0,-0.0200803212851405
2020-12-23 00:00:00,244500.0,246500.0,242000.0,245000.0,210849.0,0.0040983606557376
2020-12-24 00:00:00,247000.0,247500.0,245500.0,247000.0,177141.0,0.0081632653061225
2020-12-28 00:00:00,248500.0,248500.0,246000.0,247000.0,517076.0,0.0
2020-12-29 00:00:00,242000.0,242000.0,236500.0,237500.0,482837.0,-0.0384615384615384
2020-12-30 00:00:00,238000.0,239000.0,236000.0,238000.0,317278.0,0.0021052631578948
2021-01-04 00:00:00,238500.0,239500.0,235000.0,237000.0,429372.0,-0.0042016806722688
2021-01-05 00:00:00,237500.0,246000.0,236500.0,246000.0,666929.0,0.0379746835443037
2021-01-06 00:00:00,245500.0,254500.0,242500.0,250500.0,904735.0,0.0182926829268292
2021-01-07 00:00:00,255000.0,272000.0,252500.0,270000.0,1358231.0,0.0778443113772455
2021-01-08 00:00:00,269500.0,274500.0,262000.0,265000.0,1005900.0,-0.0185185185185184
2021-01-11 00:00:00,262500.0,263000.0,253000.0,257500.0,1035606.0,-0.0283018867924528
2021-01-12 00:00:00,259000.0,264500.0,251000.0,253500.0,594335.0,-0.0155339805825243
2021-01-13 00:00:00,256000.0,261000.0,254000.0,255000.0,478404.0,0.0059171597633136
2021-01-14 00:00:00,255000.0,258500.0,252000.0,255500.0,529992.0,0.0019607843137254
2021-01-15 00:00:00,257000.0,258000.0,251500.0,251500.0,518072.0,-0.0156555772994129
2021-01-18 00:00:00,249000.0,249000.0,242000.0,244000.0,511657.0,-0.0298210735586481
2021-01-19 00:00:00,244000.0,247000.0,243000.0,245000.0,412809.0,0.0040983606557376
2021-01-20 00:00:00,250000.0,251000.0,244000.0,248500.0,438797.0,0.0142857142857142
2021-01-21 00:00:00,248500.0,257500.0,245500.0,256000.0,535272.0,0.0301810865191147
2021-01-22 00:00:00,258000.0,258500.0,252000.0,254000.0,371161.0,-0.0078125
2021-01-25 00:00:00,254000.0,263500.0,253500.0,263000.0,469933.0,0.0354330708661416
2021-01-26 00:00:00,261000.0,261500.0,254000.0,254000.0,463678.0,-0.0342205323193915
2021-01-27 00:00:00,256500.0,259000.0,250000.0,251000.0,384803.0,-0.0118110236220472
2021-01-28 00:00:00,246500.0,250000.0,244500.0,248000.0,426733.0,-0.0119521912350597
2021-01-29 00:00:00,250500.0,252000.0,241500.0,244000.0,490002.0,-0.0161290322580645
2021-02-01 00:00:00,241500.0,246500.0,241000.0,245500.0,365324.0,0.0061475409836064
2021-02-02 00:00:00,244000.0,248500.0,243000.0,245000.0,444183.0,-0.0020366598778004
2021-02-03 00:00:00,248000.0,248000.0,242000.0,245000.0,419783.0,0.0
2021-02-04 00:00:00,245500.0,253000.0,243000.0,247000.0,471824.0,0.0081632653061225
2021-02-05 00:00:00,250500.0,259000.0,249000.0,258500.0,744401.0,0.0465587044534412
2021-02-08 00:00:00,255500.0,256500.0,250500.0,252000.0,304461.0,-0.0251450676982591
2021-02-09 00:00:00,253000.0,254000.0,247500.0,247500.0,336395.0,-0.0178571428571429
2021-02-10 00:00:00,247500.0,247500.0,244500.0,246000.0,380807.0,-0.0060606060606061
2021-02-15 00:00:00,247000.0,248500.0,245000.0,246000.0,296420.0,0.0
2021-02-16 00:00:00,247000.0,251000.0,245500.0,251000.0,384685.0,0.0203252032520324
2021-02-17 00:00:00,250500.0,253000.0,248000.0,253000.0,386290.0,0.0079681274900398
2021-02-18 00:00:00,254500.0,257500.0,252000.0,253000.0,415772.0,0.0
2021-02-19 00:00:00,253000.0,253500.0,247500.0,253500.0,311398.0,0.0019762845849802
2021-02-22 00:00:00,255000.0,255000.0,247500.0,248000.0,332205.0,-0.0216962524654832
2021-02-23 00:00:00,248000.0,250000.0,244500.0,247000.0,270191.0,-0.0040322580645161
2021-02-24 00:00:00,248000.0,252000.0,243500.0,243500.0,415378.0,-0.0141700404858299
2021-02-25 00:00:00,245000.0,252000.0,245000.0,252000.0,342407.0,0.0349075975359343
2021-02-26 00:00:00,247000.0,249000.0,244000.0,247500.0,571416.0,-0.0178571428571429
2021-03-02 00:00:00,250500.0,253000.0,247500.0,247500.0,371232.0,0.0
2021-03-03 00:00:00,248000.0,252500.0,247500.0,252500.0,242960.0,0.0202020202020201
2021-03-04 00:00:00,249000.0,251000.0,246000.0,246500.0,319258.0,-0.0237623762376237
2021-03-05 00:00:00,245000.0,246000.0,242500.0,244000.0,266394.0,-0.0101419878296146
2021-03-08 00:00:00,249000.0,249000.0,244000.0,244500.0,232061.0,0.0020491803278688
2021-03-09 00:00:00,248000.0,249000.0,242000.0,248000.0,315717.0,0.0143149284253578
2021-03-10 00:00:00,249000.0,251000.0,247000.0,250500.0,271969.0,0.0100806451612902
2021-03-11 00:00:00,251500.0,257000.0,250000.0,252500.0,552142.0,0.0079840319361277
2021-03-12 00:00:00,255000.0,259000.0,254500.0,255000.0,296591.0,0.0099009900990099
2021-03-15 00:00:00,257000.0,257000.0,253500.0,257000.0,178239.0,0.0078431372549019
2021-03-16 00:00:00,258000.0,258000.0,254500.0,256500.0,235675.0,-0.0019455252918287
2021-03-17 00:00:00,257500.0,259000.0,256000.0,257500.0,209836.0,0.0038986354775829
2021-03-18 00:00:00,257500.0,260000.0,257000.0,257000.0,202055.0,-0.0019417475728155
2021-03-19 00:00:00,255000.0,257000.0,252000.0,254500.0,246079.0,-0.0097276264591439
2021-03-22 00:00:00,254000.0,256000.0,252000.0,256000.0,132182.0,0.0058939096267189
2021-03-23 00:00:00,257000.0,258500.0,249500.0,250500.0,308268.0,-0.021484375
2021-03-24 00:00:00,248500.0,252000.0,248500.0,249000.0,236620.0,-0.0059880239520958
2021-03-25 00:00:00,249500.0,253500.0,249000.0,253500.0,211126.0,0.0180722891566265
2021-03-26 00:00:00,257500.0,278000.0,256500.0,274000.0,1101946.0,0.0808678500986193
2021-03-29 00:00:00,273000.0,277000.0,268000.0,269000.0,393690.0,-0.0182481751824817
2021-03-30 00:00:00,272000.0,275000.0,268000.0,268500.0,272297.0,-0.0018587360594795
2021-03-31 00:00:00,270000.0,278500.0,268500.0,275000.0,456598.0,0.0242085661080073
2021-04-01 00:00:00,278000.0,281000.0,272500.0,277000.0,338311.0,0.0072727272727273
2021-04-02 00:00:00,279000.0,281500.0,277000.0,281000.0,280041.0,0.0144404332129963
2021-04-05 00:00:00,279500.0,280500.0,274500.0,279000.0,202663.0,-0.0071174377224199
2021-04-06 00:00:00,278500.0,284500.0,277000.0,281500.0,237988.0,0.0089605734767024
2021-04-07 00:00:00,281500.0,282000.0,277000.0,281000.0,219650.0,-0.0017761989342806
2021-04-08 00:00:00,284500.0,285500.0,280000.0,280000.0,350951.0,-0.0035587188612099
2021-04-09 00:00:00,280000.0,281500.0,275000.0,276500.0,331822.0,-0.0124999999999999
2021-04-12 00:00:00,279000.0,284000.0,277000.0,283000.0,243431.0,0.0235081374321881
2021-04-13 00:00:00,287500.0,301500.0,287000.0,300000.0,640853.0,0.0600706713780918
2021-04-14 00:00:00,296000.0,296500.0,290000.0,293500.0,438168.0,-0.0216666666666666
2021-04-15 00:00:00,298500.0,305000.0,294000.0,300500.0,561007.0,0.0238500851788756
2021-04-16 00:00:00,303000.0,309000.0,299000.0,302000.0,333709.0,0.0049916805324459
2021-04-19 00:00:00,302500.0,303000.0,297500.0,301000.0,239465.0,-0.0033112582781457
2021-04-20 00:00:00,298000.0,306500.0,297500.0,305000.0,222261.0,0.0132890365448505
2021-04-21 00:00:00,303500.0,305500.0,299000.0,302000.0,195335.0,-0.0098360655737704
2021-04-22 00:00:00,304500.0,311000.0,300500.0,310500.0,288484.0,0.0281456953642385
2021-04-23 00:00:00,310500.0,317000.0,308500.0,314500.0,286058.0,0.0128824476650564
2021-04-26 00:00:00,313000.0,316500.0,310000.0,316500.0,247214.0,0.0063593004769475
2021-04-27 00:00:00,317500.0,319000.0,314000.0,318000.0,193168.0,0.0047393364928909
2021-04-28 00:00:00,316500.0,319000.0,313000.0,316000.0,199679.0,-0.0062893081761006
2021-04-29 00:00:00,314000.0,315500.0,302000.0,303500.0,288747.0,-0.0395569620253164
2021-04-30 00:00:00,302500.0,305000.0,295000.0,303500.0,291872.0,0.0
2021-05-03 00:00:00,302500.0,308500.0,300000.0,304000.0,207959.0,0.00164744645799
2021-05-04 00:00:00,321500.0,322000.0,301000.0,307500.0,522424.0,0.0115131578947369
2021-05-06 00:00:00,309500.0,316500.0,307500.0,309500.0,386797.0,0.0065040650406504
2021-05-07 00:00:00,312000.0,313500.0,310500.0,312000.0,203881.0,0.0080775444264944
2021-05-10 00:00:00,311000.0,318500.0,311000.0,318500.0,267049.0,0.0208333333333332
2021-05-11 00:00:00,315500.0,325000.0,311500.0,319500.0,427711.0,0.0031397174254317
2021-05-12 00:00:00,319500.0,321000.0,307000.0,310000.0,414719.0,-0.029733959311424
2021-05-13 00:00:00,308500.0,315000.0,306500.0,312500.0,314503.0,0.0080645161290322
2021-05-14 00:00:00,314500.0,323500.0,314500.0,317000.0,319487.0,0.0143999999999999
2021-05-17 00:00:00,316500.0,319000.0,304000.0,307000.0,281335.0,-0.0315457413249211
2021-05-18 00:00:00,309000.0,311000.0,302500.0,306500.0,287557.0,-0.001628664495114
2021-05-20 00:00:00,303500.0,307500.0,301000.0,306000.0,248501.0,-0.0016313213703099
2021-05-21 00:00:00,307000.0,315000.0,306500.0,309500.0,389789.0,0.0114379084967319
2021-05-24 00:00:00,306000.0,316000.0,306000.0,314500.0,301187.0,0.0161550888529886
2021-05-25 00:00:00,312000.0,317000.0,311500.0,314000.0,332704.0,-0.0015898251192368
2021-05-26 00:00:00,313500.0,323000.0,312500.0,318500.0,318695.0,0.0143312101910828
2021-05-27 00:00:00,317500.0,320500.0,313000.0,320000.0,422200.0,0.0047095761381474
2021-05-28 00:00:00,323000.0,327000.0,316500.0,317000.0,257964.0,-0.009375
2021-05-31 00:00:00,318500.0,322000.0,316500.0,317000.0,156331.0,0.0
2021-06-01 00:00:00,319000.0,329500.0,317000.0,328000.0,315706.0,0.0347003154574132
2021-06-02 00:00:00,326000.0,332500.0,325000.0,330000.0,231793.0,0.0060975609756097
2021-06-03 00:00:00,329500.0,332000.0,325000.0,328500.0,253577.0,-0.0045454545454545
2021-06-04 00:00:00,324000.0,327500.0,320000.0,320500.0,260563.0,-0.0243531202435312
2021-06-07 00:00:00,322500.0,324500.0,320000.0,323500.0,250948.0,0.0093603744149766
2021-06-08 00:00:00,324500.0,329000.0,324000.0,328000.0,269955.0,0.0139103554868624
2021-06-09 00:00:00,327000.0,329000.0,322500.0,327500.0,273820.0,-0.0015243902439023
2021-06-10 00:00:00,338000.0,339500.0,328000.0,328000.0,503399.0,0.0015267175572519
2021-06-11 00:00:00,334000.0,339500.0,333000.0,334000.0,347195.0,0.0182926829268292
2021-06-14 00:00:00,335000.0,336500.0,329500.0,333000.0,159207.0,-0.0029940119760478
2021-06-15 00:00:00,334000.0,336000.0,328000.0,330000.0,140044.0,-0.009009009009009
2021-06-16 00:00:00,328000.0,330000.0,327000.0,328000.0,173586.0,-0.0060606060606061
2021-06-17 00:00:00,326000.0,331500.0,326000.0,327500.0,235266.0,-0.0015243902439023
2021-06-18 00:00:00,327000.0,328500.0,324000.0,326500.0,384764.0,-0.0030534351145038
2021-06-21 00:00:00,323000.0,325500.0,319500.0,321000.0,315229.0,-0.0168453292496171
2021-06-22 00:00:00,321500.0,323000.0,320000.0,321000.0,159110.0,0.0
2021-06-23 00:00:00,321500.0,328500.0,319500.0,326000.0,184451.0,0.0155763239875388
2021-06-24 00:00:00,324500.0,331000.0,322000.0,327000.0,182211.0,0.0030674846625766
2021-06-25 00:00:00,325500.0,328000.0,324000.0,326500.0,151101.0,-0.0015290519877675
2021-06-28 00:00:00,325500.0,329500.0,324000.0,329500.0,176880.0,0.0092
2021-06-29 00:00:00,325500.0,327000.0,323500.0,323500.0,161278.0,-0.0182
2021-06-30 00:00:00,323000.0,324500.0,320000.0,320000.0,199277.0,-0.0108
2021-07-01 00:00:00,320000.0,320500.0,314000.0,315000.0,189906.0,-0.0156
2021-07-02 00:00:00,316500.0,320000.0,316000.0,318500.0,118821.0,0.0111
2021-07-05 00:00:00,319500.0,320500.0,317500.0,318000.0,97250.0,-0.0016
2021-07-06 00:00:00,320000.0,321000.0,317000.0,317000.0,120097.0,-0.0031
2021-07-07 00:00:00,315500.0,317000.0,313000.0,314500.0,165178.0,-0.0079
2021-07-08 00:00:00,313000.0,317500.0,313000.0,317000.0,196903.0,0.0079
2021-07-09 00:00:00,319500.0,324500.0,317000.0,322000.0,366757.0,0.0158
2021-07-12 00:00:00,324000.0,328000.0,322500.0,326500.0,179022.0,0.0139999999999999
2021-07-13 00:00:00,326500.0,330000.0,324000.0,325500.0,202903.0,-0.0031
2021-07-14 00:00:00,323000.0,325000.0,320000.0,320000.0,157658.0,-0.0169
2021-07-15 00:00:00,321500.0,323500.0,318000.0,320000.0,167218.0,0.0
2021-07-16 00:00:00,319000.0,323500.0,318000.0,322000.0,110230.0,0.0063
2021-07-19 00:00:00,320000.0,329000.0,320000.0,326500.0,145779.0,0.0139999999999999
2021-07-20 00:00:00,325000.0,326000.0,320000.0,324000.0,166743.0,-0.0077
2021-07-21 00:00:00,321500.0,325000.0,309500.0,312000.0,420579.0,-0.037
2021-07-22 00:00:00,312000.0,316000.0,307000.0,309500.0,368544.0,-0.008
2021-07-23 00:00:00,310000.0,310000.0,303000.0,305000.0,370050.0,-0.0144999999999999
2021-07-26 00:00:00,306000.0,309000.0,302000.0,308000.0,165489.0,0.0098
2021-07-27 00:00:00,308000.0,309500.0,303500.0,304000.0,139984.0,-0.013
2021-07-28 00:00:00,304000.0,311000.0,303000.0,311000.0,186753.0,0.023
2021-07-29 00:00:00,311500.0,315000.0,311000.0,312500.0,145819.0,0.0048
2021-07-30 00:00:00,312000.0,312000.0,301000.0,301000.0,336238.0,-0.0368
2021-08-02 00:00:00,302500.0,304000.0,296500.0,302000.0,206472.0,0.0033
2021-08-03 00:00:00,302500.0,307500.0,301500.0,306000.0,113019.0,0.0132
2021-08-04 00:00:00,303500.0,307500.0,301000.0,306500.0,140282.0,0.0016
2021-08-05 00:00:00,306000.0,309500.0,304500.0,306500.0,123696.0,0.0
2021-08-06 00:00:00,305500.0,308000.0,303500.0,304500.0,51195.0,-0.0065
2021-08-09 00:00:00,305000.0,305500.0,301000.0,302000.0,127992.0,-1.15
2021-08-10 00:00:00,302500.0,305000.0,300500.0,302500.0,121272.0,0.17
2021-08-11 00:00:00,304000.0,305500.0,292000.0,293500.0,325250.0,-2.98
2021-08-12 00:00:00,307500.0,313000.0,301500.0,312500.0,687632.0,6.47
2021-08-13 00:00:00,313500.0,313500.0,305000.0,306000.0,277943.0,-2.08
2021-08-17 00:00:00,306000.0,307500.0,291000.0,292500.0,475679.0,-4.41
2021-08-18 00:00:00,294500.0,300500.0,294500.0,294500.0,299225.0,0.68
2021-08-19 00:00:00,295000.0,297000.0,290000.0,290000.0,248508.0,-1.53
2021-08-20 00:00:00,291500.0,292000.0,282500.0,284500.0,403106.0,-1.9
2021-08-23 00:00:00,291000.0,296000.0,287000.0,293000.0,272547.0,2.99
2021-08-24 00:00:00,293500.0,298000.0,292500.0,296000.0,222080.0,1.02
2021-08-25 00:00:00,297500.0,301000.0,292500.0,294000.0,262572.0,-0.68
2021-08-26 00:00:00,298500.0,300500.0,289000.0,290500.0,326460.0,-1.19
2021-08-27 00:00:00,291500.0,293000.0,287000.0,288000.0,219456.0,-0.86
2021-08-30 00:00:00,292000.0,293500.0,288500.0,291500.0,365263.0,1.22
2021-08-31 00:00:00,292000.0,305500.0,289500.0,298000.0,3137916.0,2.23
2021-09-01 00:00:00,301500.0,314000.0,300500.0,313000.0,775405.0,5.03
2021-09-02 00:00:00,310500.0,313000.0,307000.0,308000.0,339584.0,-1.6
2021-09-03 00:00:00,307500.0,309500.0,303000.0,305500.0,267160.0,-0.81
2021-09-06 00:00:00,305000.0,311000.0,301500.0,306000.0,275215.0,0.16
2021-09-07 00:00:00,304000.0,307500.0,299500.0,300500.0,282454.0,-1.8
2021-09-08 00:00:00,299500.0,306000.0,299500.0,301500.0,332357.0,0.33
2021-09-09 00:00:00,302000.0,307000.0,301000.0,301500.0,489457.0,0.0
2021-09-10 00:00:00,303500.0,309500.0,302500.0,307000.0,233552.0,1.82
2021-09-13 00:00:00,304500.0,306500.0,301500.0,302500.0,172683.0,-1.47
2021-09-14 00:00:00,304000.0,307500.0,302500.0,303500.0,141942.0,0.33
2021-09-15 00:00:00,302500.0,305500.0,301500.0,303000.0,174125.0,-0.16
2021-09-16 00:00:00,303000.0,305500.0,302000.0,302000.0,122322.0,-0.33
2021-09-17 00:00:00,302000.0,304000.0,300500.0,301000.0,261657.0,-0.33
2021-09-23 00:00:00,299000.0,311000.0,298500.0,310000.0,330711.0,2.99
2021-09-24 00:00:00,310500.0,312000.0,307500.0,308500.0,177203.0,-0.48
2021-09-27 00:00:00,307500.0,324500.0,307500.0,319000.0,418513.0,3.4
2021-09-28 00:00:00,318000.0,320500.0,315000.0,315500.0,310007.0,-1.1
2021-09-29 00:00:00,311500.0,322500.0,310500.0,319000.0,374739.0,1.11
2021-09-30 00:00:00,321000.0,329000.0,320000.0,324000.0,533040.0,1.57
2021-10-01 00:00:00,323500.0,328000.0,322000.0,327000.0,307903.0,0.93
2021-11-10 00:00:00,0.0,0.0,0.0,309500.0,0.0,0.0
